# File produced by Open Asset Import Library (http://www.assimp.sf.net)
# (assimp v3.1.95221606)

mtllib cameracolor.mtl

# vertex positions
v -1.589633 1.105140 -0.752012
v -1.589633 1.105140 -0.677564
v -0.589633 1.105140 -0.677564
v -0.589633 1.105140 -0.752012
v -1.589633 1.083336 -0.804645
v -0.589633 1.083336 -0.804645
v -1.589633 -1.175344 -0.783317
v -1.577002 -1.205839 -0.783233
v -1.577001 -1.205840 -0.677564
v -1.589633 -1.175344 -0.677564
v -1.546506 -1.218471 -0.783317
v -1.546506 -1.218471 -0.677564
v -0.632760 -1.218471 -0.783317
v -0.632760 -1.218471 -0.677564
v -0.602264 -1.205839 -0.783233
v -0.602265 -1.205840 -0.677564
v -0.589633 -1.175344 -0.783317
v -0.589633 -1.175344 -0.677564
v -1.546562 -1.205839 -0.813813
v -0.632704 -1.205839 -0.813813
v -0.854972 0.151663 -0.826444
v -0.854972 0.151663 -0.815193
v -0.818084 0.145820 -0.815193
v -0.818084 0.145820 -0.826444
v -0.781196 0.151663 -0.815193
v -0.781196 0.151663 -0.826444
v -0.747918 0.168618 -0.815193
v -0.747918 0.168618 -0.826444
v -0.721509 0.195028 -0.815193
v -0.721509 0.195028 -0.826444
v -0.704553 0.228305 -0.815193
v -0.704553 0.228305 -0.826444
v -0.698710 0.265194 -0.815193
v -0.698710 0.265194 -0.826444
v -0.704553 0.302082 -0.826444
v -0.704553 0.302082 -0.815193
v -0.721509 0.335360 -0.826444
v -0.721509 0.335360 -0.815193
v -0.747918 0.361769 -0.826444
v -0.747918 0.361769 -0.815193
v -0.781195 0.378725 -0.826444
v -0.781195 0.378725 -0.815193
v -0.818084 0.384568 -0.826444
v -0.818084 0.384568 -0.815193
v -0.854973 0.378725 -0.826444
v -0.854973 0.378725 -0.815193
v -0.888250 0.361769 -0.826444
v -0.888250 0.361769 -0.815193
v -0.914659 0.335360 -0.826444
v -0.914659 0.335360 -0.815193
v -0.931615 0.302082 -0.826444
v -0.931615 0.302082 -0.815193
v -0.937458 0.265194 -0.826444
v -0.937458 0.265194 -0.815193
v -1.221608 0.302082 -0.826444
v -1.215766 0.265194 -0.826444
v -1.215766 0.265194 -0.815193
v -1.221608 0.302082 -0.815193
v -1.238564 0.335360 -0.826444
v -1.238564 0.335360 -0.815193
v -1.264973 0.361769 -0.826444
v -1.264973 0.361769 -0.815193
v -1.298251 0.378725 -0.826444
v -1.298251 0.378725 -0.815193
v -1.335140 0.384568 -0.826444
v -1.335140 0.384568 -0.815193
v -1.372028 0.378725 -0.826444
v -1.372028 0.378725 -0.815193
v -1.405306 0.361769 -0.826444
v -1.405306 0.361769 -0.815193
v -1.431715 0.335360 -0.826444
v -1.431715 0.335360 -0.815193
v -1.448671 0.302082 -0.826444
v -1.448671 0.302082 -0.815193
v -1.454513 0.265194 -0.826444
v -1.454513 0.265194 -0.815193
v -1.061708 -0.632599 -0.826444
v -1.061708 -0.632599 -0.815193
v -0.963657 -0.617069 -0.815193
v -0.963657 -0.617069 -0.826444
v -0.875204 -0.572000 -0.815193
v -0.875204 -0.572000 -0.826444
v -0.805007 -0.501803 -0.815193
v -0.805007 -0.501803 -0.826444
v -0.759938 -0.413350 -0.815193
v -0.759938 -0.413350 -0.826444
v -0.744408 -0.315299 -0.815193
v -0.744408 -0.315299 -0.826444
v -0.759937 -0.217248 -0.826444
v -0.759937 -0.217248 -0.815193
v -0.805007 -0.128795 -0.826444
v -0.805007 -0.128795 -0.815193
v -0.875203 -0.058598 -0.826444
v -0.875203 -0.058598 -0.815193
v -0.963657 -0.013529 -0.826444
v -0.963657 -0.013529 -0.815193
v -1.061708 0.002001 -0.826444
v -1.061708 0.002001 -0.815193
v -1.159759 -0.013529 -0.826444
v -1.159759 -0.013529 -0.815193
v -1.248212 -0.058598 -0.826444
v -1.248212 -0.058598 -0.815193
v -1.318409 -0.128795 -0.826444
v -1.318409 -0.128795 -0.815193
v -1.363478 -0.217248 -0.826444
v -1.363478 -0.217248 -0.815193
v -1.379008 -0.315299 -0.826444
v -1.379008 -0.315299 -0.815193
v -1.363478 -0.413350 -0.815193
v -1.363478 -0.413350 -0.826444
v -1.318409 -0.501803 -0.815193
v -1.318409 -0.501803 -0.826444
v -1.248212 -0.572000 -0.815193
v -1.248212 -0.572000 -0.826444
v -1.159759 -0.617069 -0.815193
v -1.159759 -0.617069 -0.826444
v -1.546506 -1.175344 -0.826444
v -0.632760 -1.175344 -0.826444
v -1.454513 -0.890813 -0.826444
v -1.454513 -0.890813 -0.815193
v -1.448671 -0.927701 -0.815193
v -1.448671 -0.927701 -0.826444
v -1.431715 -0.960979 -0.815193
v -1.431715 -0.960979 -0.826444
v -1.405306 -0.987388 -0.815193
v -1.405306 -0.987388 -0.826444
v -1.372028 -1.004344 -0.815193
v -1.372028 -1.004344 -0.826444
v -1.335140 -1.010186 -0.815193
v -1.335140 -1.010186 -0.826444
v -1.298251 -1.004344 -0.815193
v -1.298251 -1.004344 -0.826444
v -1.264973 -0.987388 -0.815193
v -1.264973 -0.987388 -0.826444
v -1.238564 -0.960979 -0.815193
v -1.238564 -0.960979 -0.826444
v -1.221608 -0.927701 -0.815193
v -1.221608 -0.927701 -0.826444
v -1.215766 -0.890813 -0.815193
v -1.215766 -0.890813 -0.826444
v -1.221608 -0.853924 -0.826444
v -1.221608 -0.853924 -0.815193
v -1.238564 -0.820646 -0.826444
v -1.238564 -0.820646 -0.815193
v -1.264973 -0.794237 -0.826444
v -1.264973 -0.794237 -0.815193
v -1.298251 -0.777281 -0.826444
v -1.298251 -0.777281 -0.815193
v -1.335140 -0.771439 -0.826444
v -1.335140 -0.771439 -0.815193
v -1.372028 -0.777281 -0.826444
v -1.372028 -0.777281 -0.815193
v -1.405306 -0.794237 -0.826444
v -1.405306 -0.794237 -0.815193
v -1.427963 -0.816490 -0.824700
v -1.431715 -0.820646 -0.815193
v -1.448671 -0.853924 -0.826444
v -1.448671 -0.853924 -0.815193
v -1.448671 0.228305 -0.815193
v -1.448671 0.228305 -0.826444
v -1.431715 0.195028 -0.815193
v -1.431715 0.195028 -0.826444
v -1.405306 0.168618 -0.815193
v -1.405306 0.168618 -0.826444
v -1.372028 0.151663 -0.815193
v -1.372028 0.151663 -0.826444
v -1.335140 0.145820 -0.815193
v -1.335140 0.145820 -0.826444
v -1.298251 0.151663 -0.815193
v -1.298251 0.151663 -0.826444
v -1.264973 0.168618 -0.815193
v -1.264973 0.168618 -0.826444
v -1.238564 0.195028 -0.815193
v -1.238564 0.195028 -0.826444
v -1.221608 0.228305 -0.815193
v -1.221608 0.228305 -0.826444
v -0.931615 0.228305 -0.815193
v -0.931615 0.228305 -0.826444
v -0.914659 0.195028 -0.815193
v -0.914659 0.195028 -0.826444
v -0.888250 0.168618 -0.815193
v -0.888250 0.168618 -0.826444
v -0.721509 -0.820646 -0.826444
v -0.704553 -0.853924 -0.826444
v -0.704553 -0.853924 -0.815193
v -0.721509 -0.820646 -0.815193
v -0.747918 -0.794237 -0.826444
v -0.747918 -0.794237 -0.815193
v -0.698710 -0.890813 -0.826444
v -0.698710 -0.890813 -0.815193
v -0.781195 -0.777281 -0.826444
v -0.781195 -0.777281 -0.815193
v -0.704553 -0.927701 -0.826444
v -0.704553 -0.927701 -0.815193
v -0.818084 -0.771439 -0.826444
v -0.818084 -0.771439 -0.815193
v -0.721509 -0.960979 -0.826444
v -0.721509 -0.960979 -0.815193
v -0.854973 -0.777281 -0.826444
v -0.854973 -0.777281 -0.815193
v -0.747918 -0.987388 -0.826444
v -0.747918 -0.987388 -0.815193
v -0.888250 -0.794237 -0.826444
v -0.888250 -0.794237 -0.815193
v -0.818084 -1.010186 -0.826444
v -0.818084 -1.010186 -0.815193
v -0.781196 -1.004344 -0.815193
v -0.781196 -1.004344 -0.826444
v -0.931615 -0.853924 -0.826444
v -0.914659 -0.820646 -0.826444
v -0.914659 -0.820646 -0.815193
v -0.931615 -0.853924 -0.815193
v -0.854972 -1.004344 -0.826444
v -0.854972 -1.004344 -0.815193
v -0.937458 -0.890813 -0.826444
v -0.937458 -0.890813 -0.815193
v -0.888250 -0.987388 -0.826444
v -0.888250 -0.987388 -0.815193
v -0.931615 -0.927701 -0.815193
v -0.931615 -0.927701 -0.826444
v -0.914659 -0.960979 -0.826444
v -0.914659 -0.960979 -0.815193
v -1.572949 1.046121 -0.820060
v -1.577001 -1.175344 -0.813813
v -1.571418 -1.200235 -0.808175
v -0.606317 1.046121 -0.820060
v -0.602265 -1.175344 -0.813813
v -0.607848 -1.200235 -0.808175
v -0.646595 1.030707 -0.826444
v -1.532670 1.030707 -0.826444
v -0.771722 -0.999517 -0.826444
v -0.913782 -0.819769 -0.826444
v -0.853904 0.154952 -0.815194
v -0.818084 0.149279 -0.815194
v -0.782264 0.154952 -0.815194
v -0.749951 0.171417 -0.815194
v -0.724307 0.197061 -0.815194
v -0.707842 0.229374 -0.815194
v -0.702169 0.265194 -0.815194
v -0.707842 0.301013 -0.815194
v -0.724307 0.333327 -0.815194
v -0.749951 0.358971 -0.815194
v -0.782264 0.375436 -0.815194
v -0.818084 0.381109 -0.815194
v -0.853904 0.375436 -0.815194
v -0.886217 0.358971 -0.815194
v -0.911861 0.333327 -0.815194
v -0.928326 0.301013 -0.815194
v -0.933999 0.265194 -0.815194
v -0.928326 0.229374 -0.815194
v -0.911861 0.197061 -0.815194
v -0.886217 0.171417 -0.815194
v -0.853455 0.156333 -0.822403
v -0.818084 0.150730 -0.822403
v -0.852178 0.160264 -0.828514
v -0.818084 0.154864 -0.828514
v -0.850266 0.166148 -0.832597
v -0.818084 0.161051 -0.832597
v -0.848011 0.173089 -0.834030
v -0.818084 0.168349 -0.834030
v -0.818084 0.265194 -0.834030
v -0.788157 0.173089 -0.834030
v -0.761160 0.186845 -0.834030
v -0.739735 0.208270 -0.834030
v -0.725979 0.235267 -0.834030
v -0.721239 0.265194 -0.834030
v -0.725979 0.295121 -0.834030
v -0.739735 0.322118 -0.834030
v -0.761160 0.343543 -0.834030
v -0.788157 0.357299 -0.834030
v -0.818084 0.362039 -0.834030
v -0.848011 0.357299 -0.834030
v -0.875008 0.343543 -0.834030
v -0.896433 0.322118 -0.834030
v -0.910189 0.295120 -0.834030
v -0.914929 0.265194 -0.834030
v -0.910189 0.235267 -0.834030
v -0.896433 0.208270 -0.834030
v -0.875008 0.186845 -0.834030
v -0.785902 0.166148 -0.832597
v -0.783991 0.160264 -0.828514
v -0.782713 0.156333 -0.822403
v -0.756871 0.180941 -0.832597
v -0.753234 0.175935 -0.828514
v -0.750804 0.172591 -0.822403
v -0.733831 0.203980 -0.832597
v -0.728826 0.200344 -0.828514
v -0.725481 0.197914 -0.822403
v -0.719038 0.233012 -0.832597
v -0.713155 0.231100 -0.828514
v -0.709223 0.229823 -0.822403
v -0.713941 0.265194 -0.832597
v -0.707755 0.265194 -0.828514
v -0.703621 0.265194 -0.822403
v -0.719038 0.297376 -0.832597
v -0.713155 0.299287 -0.828514
v -0.709223 0.300565 -0.822403
v -0.733831 0.326407 -0.832597
v -0.728826 0.330044 -0.828514
v -0.725481 0.332474 -0.822403
v -0.756871 0.349447 -0.832597
v -0.753234 0.354452 -0.828514
v -0.750804 0.357797 -0.822403
v -0.785902 0.364239 -0.832597
v -0.783990 0.370123 -0.828514
v -0.782713 0.374055 -0.822403
v -0.818084 0.369336 -0.832597
v -0.818084 0.375523 -0.828514
v -0.818084 0.379657 -0.822403
v -0.850266 0.364239 -0.832597
v -0.852178 0.370123 -0.828514
v -0.853455 0.374055 -0.822403
v -0.879298 0.349447 -0.832597
v -0.882934 0.354452 -0.828514
v -0.885364 0.357797 -0.822403
v -0.902337 0.326407 -0.832597
v -0.907343 0.330044 -0.828514
v -0.910687 0.332474 -0.822403
v -0.917130 0.297376 -0.832597
v -0.923014 0.299287 -0.828514
v -0.926945 0.300565 -0.822403
v -0.922227 0.265194 -0.832597
v -0.928414 0.265194 -0.828514
v -0.932548 0.265194 -0.822403
v -0.917130 0.233012 -0.832597
v -0.923014 0.231100 -0.828514
v -0.926945 0.229823 -0.822403
v -0.902337 0.203980 -0.832597
v -0.907343 0.200344 -0.828514
v -0.910687 0.197914 -0.822403
v -0.879298 0.180941 -0.832597
v -0.882934 0.175935 -0.828514
v -0.885364 0.172591 -0.822403
v -1.220149 0.265194 -0.815194
v -1.225777 0.300728 -0.815194
v -1.242110 0.332783 -0.815194
v -1.267550 0.358223 -0.815194
v -1.299606 0.374556 -0.815194
v -1.335140 0.380184 -0.815194
v -1.370673 0.374556 -0.815194
v -1.402729 0.358223 -0.815194
v -1.428168 0.332783 -0.815194
v -1.444502 0.300728 -0.815194
v -1.450130 0.265194 -0.815194
v -1.444502 0.229660 -0.815194
v -1.428168 0.197604 -0.815194
v -1.402729 0.172165 -0.815194
v -1.370673 0.155832 -0.815194
v -1.335140 0.150204 -0.815194
v -1.299606 0.155832 -0.815194
v -1.267550 0.172165 -0.815194
v -1.242110 0.197604 -0.815194
v -1.225777 0.229660 -0.815194
v -1.245230 0.294407 -0.835397
v -1.237786 0.296826 -0.833859
v -1.232776 0.265194 -0.833859
v -1.240603 0.265194 -0.835397
v -1.231475 0.298876 -0.829480
v -1.226140 0.265194 -0.829480
v -1.227258 0.300247 -0.822926
v -1.221706 0.265194 -0.822926
v -1.335140 0.265194 -0.835397
v -1.258658 0.320761 -0.835397
v -1.279572 0.341675 -0.835397
v -1.305926 0.355103 -0.835397
v -1.335140 0.359730 -0.835397
v -1.364353 0.355103 -0.835397
v -1.390706 0.341675 -0.835397
v -1.411621 0.320761 -0.835397
v -1.425049 0.294407 -0.835397
v -1.429676 0.265194 -0.835397
v -1.425049 0.235980 -0.835397
v -1.411621 0.209627 -0.835397
v -1.390706 0.188712 -0.835397
v -1.364353 0.175284 -0.835397
v -1.335140 0.170657 -0.835397
v -1.305926 0.175284 -0.835397
v -1.279572 0.188712 -0.835397
v -1.258658 0.209627 -0.835397
v -1.245230 0.235980 -0.835397
v -1.252325 0.325362 -0.833859
v -1.246957 0.329262 -0.829480
v -1.243370 0.331868 -0.822926
v -1.274972 0.348008 -0.833859
v -1.271071 0.353376 -0.829480
v -1.268465 0.356963 -0.822926
v -1.303507 0.362547 -0.833859
v -1.301457 0.368858 -0.829480
v -1.300087 0.373075 -0.822926
v -1.335140 0.367557 -0.833859
v -1.335140 0.374193 -0.829480
v -1.335140 0.378627 -0.822926
v -1.366772 0.362547 -0.833859
v -1.368822 0.368858 -0.829480
v -1.370192 0.373075 -0.822926
v -1.395307 0.348008 -0.833859
v -1.399208 0.353376 -0.829480
v -1.401814 0.356963 -0.822926
v -1.417953 0.325362 -0.833859
v -1.423322 0.329262 -0.829480
v -1.426909 0.331868 -0.822926
v -1.432493 0.296826 -0.833859
v -1.438804 0.298876 -0.829480
v -1.443021 0.300247 -0.822926
v -1.437503 0.265194 -0.833859
v -1.444139 0.265194 -0.829480
v -1.448573 0.265194 -0.822926
v -1.432493 0.233562 -0.833859
v -1.438804 0.231511 -0.829480
v -1.443021 0.230141 -0.822926
v -1.417953 0.205026 -0.833859
v -1.423322 0.201126 -0.829480
v -1.426909 0.198519 -0.822926
v -1.395307 0.182380 -0.833859
v -1.399208 0.177011 -0.829480
v -1.401814 0.173424 -0.822926
v -1.366771 0.167840 -0.833859
v -1.368822 0.161529 -0.829480
v -1.370192 0.157312 -0.822926
v -1.335140 0.162830 -0.833859
v -1.335140 0.156194 -0.829480
v -1.335140 0.151761 -0.822926
v -1.303507 0.167840 -0.833859
v -1.301457 0.161529 -0.829480
v -1.300087 0.157312 -0.822926
v -1.274972 0.182380 -0.833859
v -1.271071 0.177011 -0.829480
v -1.268465 0.173424 -0.822926
v -1.252325 0.205026 -0.833859
v -1.246957 0.201126 -0.829480
v -1.243370 0.198519 -0.822926
v -1.237786 0.233562 -0.833859
v -1.231475 0.231511 -0.829480
v -1.227258 0.230141 -0.822926
v -1.450232 -0.890813 -0.815194
v -1.444599 -0.926378 -0.815194
v -1.428251 -0.958462 -0.815194
v -1.402789 -0.983924 -0.815194
v -1.370705 -1.000272 -0.815194
v -1.335140 -1.005905 -0.815194
v -1.299574 -1.000272 -0.815194
v -1.267490 -0.983924 -0.815194
v -1.242028 -0.958462 -0.815194
v -1.225680 -0.926378 -0.815194
v -1.220047 -0.890813 -0.815194
v -1.225680 -0.855247 -0.815194
v -1.242028 -0.823163 -0.815194
v -1.267490 -0.797701 -0.815194
v -1.299574 -0.781353 -0.815194
v -1.335140 -0.775720 -0.815194
v -1.370705 -0.781353 -0.815194
v -1.402789 -0.797701 -0.815194
v -1.428251 -0.823163 -0.815194
v -1.444599 -0.855247 -0.815194
v -1.448754 -0.890813 -0.822532
v -1.443194 -0.925922 -0.822532
v -1.444546 -0.890813 -0.828752
v -1.439192 -0.924621 -0.828752
v -1.438249 -0.890813 -0.832908
v -1.433203 -0.922675 -0.832908
v -1.430821 -0.890813 -0.834367
v -1.426138 -0.920380 -0.834367
v -1.335140 -0.890813 -0.834367
v -1.412547 -0.947053 -0.834367
v -1.391380 -0.968221 -0.834367
v -1.364707 -0.981811 -0.834367
v -1.335140 -0.986494 -0.834367
v -1.305572 -0.981811 -0.834367
v -1.278899 -0.968221 -0.834367
v -1.257732 -0.947053 -0.834367
v -1.244141 -0.920380 -0.834367
v -1.239458 -0.890813 -0.834367
v -1.244141 -0.861245 -0.834367
v -1.257731 -0.834572 -0.834367
v -1.278899 -0.813405 -0.834367
v -1.305572 -0.799814 -0.834367
v -1.335140 -0.795131 -0.834367
v -1.364707 -0.799814 -0.834367
v -1.391380 -0.813405 -0.834367
v -1.412547 -0.834572 -0.834367
v -1.426138 -0.861245 -0.834367
v -1.418557 -0.951419 -0.832908
v -1.423651 -0.955120 -0.828752
v -1.427055 -0.957594 -0.822532
v -1.395746 -0.974230 -0.832908
v -1.399447 -0.979325 -0.828752
v -1.401921 -0.982729 -0.822532
v -1.367002 -0.988876 -0.832908
v -1.368948 -0.994865 -0.828752
v -1.370248 -0.998867 -0.822532
v -1.335140 -0.993922 -0.832908
v -1.335140 -1.000220 -0.828752
v -1.335140 -1.004427 -0.822532
v -1.303277 -0.988876 -0.832908
v -1.301331 -0.994865 -0.828752
v -1.300031 -0.998867 -0.822532
v -1.274533 -0.974230 -0.832908
v -1.270832 -0.979325 -0.828752
v -1.268358 -0.982729 -0.822532
v -1.251722 -0.951419 -0.832908
v -1.246627 -0.955120 -0.828752
v -1.243223 -0.957594 -0.822532
v -1.237076 -0.922675 -0.832908
v -1.231087 -0.924621 -0.828752
v -1.227085 -0.925922 -0.822532
v -1.232030 -0.890813 -0.832908
v -1.225733 -0.890813 -0.828752
v -1.221525 -0.890813 -0.822532
v -1.237076 -0.858950 -0.832908
v -1.231087 -0.857004 -0.828752
v -1.227085 -0.855704 -0.822532
v -1.251722 -0.830206 -0.832908
v -1.246627 -0.826505 -0.828752
v -1.243223 -0.824032 -0.822532
v -1.274533 -0.807395 -0.832908
v -1.270832 -0.802301 -0.828752
v -1.268358 -0.798896 -0.822532
v -1.303277 -0.792749 -0.832908
v -1.301331 -0.786760 -0.828752
v -1.300031 -0.782758 -0.822532
v -1.335140 -0.787703 -0.832908
v -1.335140 -0.781406 -0.828752
v -1.335140 -0.777198 -0.822532
v -1.367002 -0.792749 -0.832908
v -1.368948 -0.786760 -0.828752
v -1.370248 -0.782759 -0.822532
v -1.395746 -0.807395 -0.832908
v -1.399447 -0.802301 -0.828752
v -1.401921 -0.798896 -0.822532
v -1.418557 -0.830206 -0.832908
v -1.423652 -0.826505 -0.828752
v -1.427056 -0.824032 -0.822532
v -1.433203 -0.858950 -0.832908
v -1.439192 -0.857004 -0.828752
v -1.443194 -0.855704 -0.822532
v -0.911972 -0.959027 -0.815194
v -0.886298 -0.984701 -0.815194
v -0.928457 -0.854950 -0.815194
v -0.934137 -0.890813 -0.815194
v -0.782222 -1.001185 -0.815194
v -0.749870 -0.984701 -0.815194
v -0.853946 -0.780440 -0.815194
v -0.886298 -0.796924 -0.815194
v -0.928457 -0.926675 -0.815194
v -0.724196 -0.959027 -0.815194
v -0.707712 -0.926675 -0.815194
v -0.782222 -0.780440 -0.815194
v -0.818084 -0.774760 -0.815194
v -0.818084 -1.006865 -0.815194
v -0.853946 -1.001185 -0.815194
v -0.911972 -0.822599 -0.815194
v -0.702032 -0.890813 -0.815194
v -0.707712 -0.854950 -0.815194
v -0.724196 -0.822599 -0.815194
v -0.749870 -0.796924 -0.815194
v -0.910745 -0.958135 -0.822729
v -0.885406 -0.983473 -0.822729
v -0.907249 -0.955595 -0.829117
v -0.882866 -0.979977 -0.829117
v -0.902017 -0.951794 -0.833385
v -0.879065 -0.974746 -0.833385
v -0.895846 -0.947310 -0.834883
v -0.874581 -0.968574 -0.834883
v -0.927013 -0.855419 -0.822729
v -0.932619 -0.890813 -0.822729
v -0.922904 -0.856755 -0.829117
v -0.928298 -0.890813 -0.829117
v -0.916754 -0.858753 -0.833385
v -0.921831 -0.890813 -0.833385
v -0.909499 -0.861110 -0.834883
v -0.914203 -0.890813 -0.834883
v -0.761587 -0.968574 -0.834883
v -0.757103 -0.974746 -0.833385
v -0.786025 -0.989482 -0.833385
v -0.788382 -0.982227 -0.834883
v -0.753302 -0.979977 -0.829117
v -0.784026 -0.995632 -0.829117
v -0.750762 -0.983473 -0.822729
v -0.782691 -0.999742 -0.822729
v -0.853477 -0.781883 -0.822729
v -0.885406 -0.798152 -0.822729
v -0.852142 -0.785993 -0.829117
v -0.882866 -0.801648 -0.829117
v -0.850144 -0.792143 -0.833385
v -0.879065 -0.806879 -0.833385
v -0.847787 -0.799398 -0.834883
v -0.874581 -0.813051 -0.834883
v -0.726670 -0.920515 -0.834883
v -0.719415 -0.922872 -0.833385
v -0.734151 -0.951794 -0.833385
v -0.740322 -0.947310 -0.834883
v -0.713264 -0.924871 -0.829117
v -0.728919 -0.955595 -0.829117
v -0.709155 -0.926206 -0.822729
v -0.725423 -0.958135 -0.822729
v -0.818084 -0.794694 -0.834883
v -0.818084 -0.787066 -0.833385
v -0.786024 -0.792143 -0.833385
v -0.788382 -0.799398 -0.834883
v -0.818084 -0.780599 -0.829117
v -0.784026 -0.785993 -0.829117
v -0.818084 -0.776277 -0.822729
v -0.782691 -0.781883 -0.822729
v -0.740322 -0.834315 -0.834883
v -0.734151 -0.829832 -0.833385
v -0.719415 -0.858753 -0.833385
v -0.726670 -0.861110 -0.834883
v -0.728919 -0.826030 -0.829117
v -0.713264 -0.856755 -0.829117
v -0.725423 -0.823491 -0.822729
v -0.709155 -0.855419 -0.822729
v -0.818084 -0.890813 -0.834883
v -0.909499 -0.920515 -0.834883
v -0.818084 -0.986931 -0.834883
v -0.847786 -0.982227 -0.834883
v -0.895846 -0.834315 -0.834883
v -0.721965 -0.890813 -0.834883
v -0.761587 -0.813051 -0.834883
v -0.927013 -0.926206 -0.822729
v -0.922904 -0.924871 -0.829117
v -0.916754 -0.922872 -0.833385
v -0.818084 -1.005348 -0.822729
v -0.818084 -1.001027 -0.829117
v -0.818084 -0.994560 -0.833385
v -0.902017 -0.829832 -0.833385
v -0.907249 -0.826030 -0.829117
v -0.910745 -0.823491 -0.822729
v -0.714337 -0.890813 -0.833385
v -0.707870 -0.890813 -0.829117
v -0.703549 -0.890813 -0.822729
v -0.853477 -0.999742 -0.822729
v -0.852142 -0.995632 -0.829117
v -0.850144 -0.989482 -0.833385
v -0.757103 -0.806879 -0.833385
v -0.753302 -0.801648 -0.829117
v -0.750762 -0.798152 -0.822729
v -1.061708 -0.622741 -0.815193
v -0.966703 -0.607694 -0.815193
v -0.880998 -0.564025 -0.815193
v -0.812982 -0.496009 -0.815193
v -0.769313 -0.410304 -0.815193
v -0.754266 -0.315299 -0.815193
v -0.769313 -0.220294 -0.815193
v -0.812982 -0.134589 -0.815193
v -0.880998 -0.066573 -0.815193
v -0.966703 -0.022904 -0.815193
v -1.061708 -0.007857 -0.815193
v -1.156713 -0.022904 -0.815193
v -1.242418 -0.066573 -0.815193
v -1.310434 -0.134589 -0.815193
v -1.354103 -0.220294 -0.815193
v -1.369150 -0.315299 -0.815193
v -1.354103 -0.410304 -0.815193
v -1.310434 -0.496009 -0.815193
v -1.242418 -0.564025 -0.815193
v -1.156713 -0.607694 -0.815193
v -1.061708 -0.622741 -0.829821
v -1.061708 -0.621051 -0.838215
v -0.967225 -0.606086 -0.838215
v -0.966703 -0.607694 -0.829821
v -1.061708 -0.616236 -0.845331
v -0.968713 -0.601507 -0.845331
v -1.061708 -0.609031 -0.850087
v -0.970940 -0.594655 -0.850087
v -1.061708 -0.600532 -0.851756
v -0.973566 -0.586572 -0.851756
v -0.880998 -0.564025 -0.829821
v -0.812982 -0.496009 -0.829821
v -0.769313 -0.410304 -0.829821
v -0.754266 -0.315299 -0.829821
v -0.769313 -0.220294 -0.829821
v -0.812982 -0.134589 -0.829821
v -0.880998 -0.066573 -0.829821
v -0.966703 -0.022904 -0.829821
v -1.061708 -0.007857 -0.829821
v -1.156713 -0.022904 -0.829821
v -1.242418 -0.066573 -0.829821
v -1.310434 -0.134589 -0.829821
v -1.354103 -0.220294 -0.829821
v -1.369150 -0.315299 -0.829821
v -1.354103 -0.410304 -0.829821
v -1.310434 -0.496009 -0.829821
v -1.242418 -0.564025 -0.829821
v -1.156713 -0.607694 -0.829821
v -0.894052 -0.546057 -0.851756
v -0.889056 -0.552933 -0.850087
v -0.884821 -0.558762 -0.845331
v -0.881991 -0.562657 -0.838215
v -0.830949 -0.482955 -0.851756
v -0.824073 -0.487950 -0.850087
v -0.818244 -0.492186 -0.845331
v -0.814349 -0.495015 -0.838215
v -0.790435 -0.403441 -0.851756
v -0.782352 -0.406067 -0.850087
v -0.775499 -0.408294 -0.845331
v -0.770921 -0.409781 -0.838215
v -0.776475 -0.315299 -0.851756
v -0.767976 -0.315299 -0.850087
v -0.760770 -0.315299 -0.845331
v -0.755956 -0.315299 -0.838215
v -0.790435 -0.227157 -0.851756
v -0.782352 -0.224531 -0.850087
v -0.775499 -0.222304 -0.845331
v -0.770921 -0.220816 -0.838215
v -0.830949 -0.147643 -0.851756
v -0.824073 -0.142648 -0.850087
v -0.818244 -0.138412 -0.845331
v -0.814349 -0.135583 -0.838215
v -0.894052 -0.084541 -0.851756
v -0.889056 -0.077665 -0.850087
v -0.884821 -0.071836 -0.845331
v -0.881991 -0.067941 -0.838215
v -0.973566 -0.044026 -0.851756
v -0.970940 -0.035943 -0.850087
v -0.968713 -0.029091 -0.845331
v -0.967225 -0.024512 -0.838215
v -1.061708 -0.030066 -0.851756
v -1.061708 -0.021567 -0.850087
v -1.061708 -0.014362 -0.845331
v -1.061708 -0.009547 -0.838215
v -1.149850 -0.044026 -0.851756
v -1.152476 -0.035943 -0.850087
v -1.154702 -0.029091 -0.845331
v -1.156190 -0.024512 -0.838215
v -1.229363 -0.084541 -0.851756
v -1.234359 -0.077665 -0.850087
v -1.238594 -0.071836 -0.845331
v -1.241424 -0.067941 -0.838215
v -1.292466 -0.147643 -0.851756
v -1.299342 -0.142648 -0.850087
v -1.305171 -0.138412 -0.845331
v -1.309066 -0.135583 -0.838215
v -1.332981 -0.227157 -0.851756
v -1.341064 -0.224531 -0.850087
v -1.347916 -0.222304 -0.845331
v -1.352495 -0.220817 -0.838215
v -1.346941 -0.315299 -0.851756
v -1.355440 -0.315299 -0.850087
v -1.362645 -0.315299 -0.845331
v -1.367459 -0.315299 -0.838215
v -1.332981 -0.403441 -0.851756
v -1.341064 -0.406067 -0.850087
v -1.347916 -0.408294 -0.845331
v -1.352495 -0.409782 -0.838215
v -1.292466 -0.482955 -0.851756
v -1.299342 -0.487950 -0.850087
v -1.305171 -0.492186 -0.845331
v -1.309066 -0.495015 -0.838215
v -1.229363 -0.546057 -0.851756
v -1.234359 -0.552933 -0.850087
v -1.238594 -0.558762 -0.845331
v -1.241424 -0.562657 -0.838215
v -1.149850 -0.586572 -0.851756
v -1.152476 -0.594655 -0.850087
v -1.154702 -0.601507 -0.845331
v -1.156190 -0.606086 -0.838215
v -1.061708 -0.415641 -0.851756
v -1.030700 -0.410730 -0.851756
v -1.002728 -0.396477 -0.851756
v -0.980529 -0.374278 -0.851756
v -0.966277 -0.346306 -0.851756
v -0.961366 -0.315299 -0.851756
v -0.966277 -0.284292 -0.851756
v -0.980529 -0.256320 -0.851756
v -1.002728 -0.234121 -0.851756
v -1.030700 -0.219868 -0.851756
v -1.061708 -0.214957 -0.851756
v -1.092715 -0.219868 -0.851756
v -1.120687 -0.234121 -0.851756
v -1.142886 -0.256320 -0.851756
v -1.157138 -0.284292 -0.851756
v -1.162049 -0.315299 -0.851756
v -1.157138 -0.346306 -0.851756
v -1.142886 -0.374278 -0.851756
v -1.120687 -0.396477 -0.851756
v -1.092715 -0.410730 -0.851756
v -1.061708 -0.415641 -0.842522
v -1.030700 -0.410730 -0.842522
v -1.002728 -0.396477 -0.842522
v -0.980529 -0.374278 -0.842522
v -0.966277 -0.346306 -0.842522
v -0.961366 -0.315299 -0.842522
v -0.966277 -0.284292 -0.842522
v -0.980529 -0.256320 -0.842522
v -1.002728 -0.234121 -0.842522
v -1.030700 -0.219868 -0.842522
v -1.061708 -0.214957 -0.842522
v -1.092715 -0.219868 -0.842522
v -1.120687 -0.234121 -0.842522
v -1.142886 -0.256320 -0.842522
v -1.157138 -0.284292 -0.842522
v -1.162049 -0.315299 -0.842522
v -1.157138 -0.346306 -0.842522
v -1.142886 -0.374278 -0.842522
v -1.120687 -0.396477 -0.842522
v -1.092715 -0.410730 -0.842522
v -1.061708 -0.408464 -0.842522
v -1.032918 -0.403904 -0.842522
v -1.006947 -0.390671 -0.842522
v -0.986336 -0.370060 -0.842522
v -0.973103 -0.344088 -0.842522
v -0.968543 -0.315299 -0.842522
v -0.973103 -0.286509 -0.842522
v -0.986336 -0.260538 -0.842522
v -1.006947 -0.239927 -0.842522
v -1.032918 -0.226694 -0.842522
v -1.061708 -0.222134 -0.842522
v -1.090497 -0.226694 -0.842522
v -1.116469 -0.239927 -0.842522
v -1.137080 -0.260538 -0.842522
v -1.150313 -0.286509 -0.842522
v -1.154873 -0.315299 -0.842522
v -1.150313 -0.344088 -0.842522
v -1.137080 -0.370060 -0.842522
v -1.116469 -0.390671 -0.842522
v -1.090497 -0.403904 -0.842522
v -1.061708 -0.408464 -0.856295
v -1.061708 -0.407403 -0.861564
v -1.033246 -0.402895 -0.861564
v -1.032918 -0.403904 -0.856295
v -1.061708 -0.404380 -0.866031
v -1.034180 -0.400021 -0.866031
v -1.061708 -0.399857 -0.869016
v -1.035578 -0.395719 -0.869016
v -1.061708 -0.394522 -0.870064
v -1.037226 -0.390645 -0.870064
v -1.061708 -0.315299 -0.870064
v -1.015141 -0.379392 -0.870064
v -0.997615 -0.361865 -0.870064
v -0.986362 -0.339780 -0.870064
v -0.982484 -0.315299 -0.870064
v -0.986362 -0.290818 -0.870064
v -0.997615 -0.268733 -0.870064
v -1.015141 -0.251206 -0.870064
v -1.037226 -0.239953 -0.870064
v -1.061708 -0.236076 -0.870064
v -1.086189 -0.239953 -0.870064
v -1.108274 -0.251206 -0.870064
v -1.125801 -0.268733 -0.870064
v -1.137054 -0.290818 -0.870064
v -1.140931 -0.315299 -0.870064
v -1.137054 -0.339780 -0.870064
v -1.125801 -0.361865 -0.870064
v -1.108274 -0.379392 -0.870064
v -1.086189 -0.390645 -0.870064
v -1.006947 -0.390671 -0.856295
v -0.986336 -0.370060 -0.856295
v -0.973103 -0.344088 -0.856295
v -0.968543 -0.315299 -0.856295
v -0.973103 -0.286509 -0.856295
v -0.986336 -0.260538 -0.856295
v -1.006947 -0.239927 -0.856295
v -1.032918 -0.226694 -0.856295
v -1.061708 -0.222134 -0.856295
v -1.090497 -0.226694 -0.856295
v -1.116469 -0.239927 -0.856295
v -1.137080 -0.260538 -0.856295
v -1.150313 -0.286509 -0.856295
v -1.154873 -0.315299 -0.856295
v -1.150313 -0.344088 -0.856295
v -1.137080 -0.370060 -0.856295
v -1.116469 -0.390671 -0.856295
v -1.090497 -0.403904 -0.856295
v -1.012005 -0.383708 -0.869016
v -1.009347 -0.387367 -0.866031
v -1.007571 -0.389812 -0.861564
v -0.993298 -0.365001 -0.869016
v -0.989639 -0.367660 -0.866031
v -0.987194 -0.369436 -0.861564
v -0.981288 -0.341429 -0.869016
v -0.976986 -0.342827 -0.866031
v -0.974112 -0.343761 -0.861564
v -0.977149 -0.315299 -0.869016
v -0.972626 -0.315299 -0.866031
v -0.969604 -0.315299 -0.861564
v -0.981288 -0.289169 -0.869016
v -0.976986 -0.287771 -0.866031
v -0.974112 -0.286837 -0.861564
v -0.993298 -0.265597 -0.869016
v -0.989639 -0.262938 -0.866031
v -0.987194 -0.261162 -0.861564
v -1.012005 -0.246890 -0.869016
v -1.009347 -0.243231 -0.866031
v -1.007571 -0.240786 -0.861564
v -1.035578 -0.234879 -0.869016
v -1.034180 -0.230577 -0.866031
v -1.033246 -0.227703 -0.861564
v -1.061708 -0.230740 -0.869016
v -1.061708 -0.226217 -0.866031
v -1.061708 -0.223195 -0.861564
v -1.087838 -0.234879 -0.869016
v -1.089235 -0.230577 -0.866031
v -1.090169 -0.227703 -0.861564
v -1.111410 -0.246890 -0.869016
v -1.114069 -0.243231 -0.866031
v -1.115845 -0.240786 -0.861564
v -1.130117 -0.265597 -0.869016
v -1.133776 -0.262938 -0.866031
v -1.136221 -0.261162 -0.861564
v -1.142128 -0.289169 -0.869016
v -1.146429 -0.287771 -0.866031
v -1.149304 -0.286837 -0.861564
v -1.146266 -0.315299 -0.869016
v -1.150789 -0.315299 -0.866031
v -1.153811 -0.315299 -0.861564
v -1.142128 -0.341429 -0.869016
v -1.146429 -0.342827 -0.866031
v -1.149304 -0.343761 -0.861564
v -1.130117 -0.365001 -0.869016
v -1.133776 -0.367660 -0.866031
v -1.136221 -0.369436 -0.861564
v -1.111410 -0.383708 -0.869016
v -1.114069 -0.387367 -0.866031
v -1.115845 -0.389812 -0.861564
v -1.087838 -0.395719 -0.869016
v -1.089235 -0.400021 -0.866031
v -1.090169 -0.402895 -0.861564
v 1.416499 0.140792 0.456722
v 1.328242 0.314007 0.456722
v 1.328242 0.314007 0.524231
v 1.416499 0.140792 0.524231
v 1.190778 0.451471 0.456722
v 1.190778 0.451471 0.524231
v 1.017564 0.539728 0.456722
v 1.017564 0.539728 0.524231
v 0.825554 0.570139 0.456722
v 0.825554 0.570139 0.524231
v 0.633545 0.539728 0.456722
v 0.633545 0.539728 0.524231
v 0.460331 0.451470 0.456722
v 0.460331 0.451470 0.524231
v 0.322867 0.314007 0.456722
v 0.322867 0.314007 0.524231
v 0.234610 0.140792 0.456722
v 0.234610 0.140792 0.524231
v 0.204199 -0.051217 0.456722
v 0.204199 -0.051217 0.524231
v 0.234610 -0.243227 0.456722
v 0.234610 -0.243227 0.524231
v 0.322867 -0.416441 0.456722
v 0.322867 -0.416441 0.524231
v 0.460331 -0.553905 0.456722
v 0.460331 -0.553905 0.524231
v 0.633545 -0.642162 0.456722
v 0.633545 -0.642162 0.524231
v 0.825554 -0.672573 0.456722
v 0.825554 -0.672573 0.524231
v 1.017564 -0.642162 0.456722
v 1.017564 -0.642162 0.524231
v 1.190778 -0.553905 0.456722
v 1.190778 -0.553905 0.524231
v 1.328242 -0.416441 0.456722
v 1.328242 -0.416441 0.524231
v 1.416499 -0.243227 0.456722
v 1.416499 -0.243227 0.524231
v 1.446910 -0.051217 0.456722
v 1.446910 -0.051217 0.524231
v 0.953324 -0.051217 0.621403
v 0.947070 -0.011734 0.621403
v 0.928922 0.023884 0.621403
v 0.900655 0.052150 0.621403
v 0.865037 0.070299 0.621403
v 0.825554 0.076552 0.621403
v 0.786072 0.070299 0.621403
v 0.750454 0.052150 0.621403
v 0.722187 0.023884 0.621403
v 0.704039 -0.011734 0.621403
v 0.697785 -0.051217 0.621403
v 0.704039 -0.090700 0.621403
v 0.722187 -0.126318 0.621403
v 0.750454 -0.154584 0.621403
v 0.786072 -0.172733 0.621403
v 0.825554 -0.178986 0.621403
v 0.865037 -0.172733 0.621403
v 0.900655 -0.154584 0.621403
v 0.928922 -0.126318 0.621403
v 0.947070 -0.090700 0.621403
v 1.239025 0.249186 0.524231
v 1.311617 0.106714 0.524231
v 1.125958 0.362253 0.524231
v 0.983486 0.434846 0.524231
v 0.825554 0.459860 0.524231
v 0.667623 0.434846 0.524231
v 0.525151 0.362253 0.524231
v 0.412085 0.249186 0.524231
v 0.339492 0.106714 0.524231
v 0.314478 -0.051217 0.524231
v 0.339492 -0.209149 0.524231
v 0.412085 -0.351621 0.524231
v 0.525151 -0.464687 0.524231
v 0.667623 -0.537280 0.524231
v 0.825554 -0.562294 0.524231
v 0.983486 -0.537280 0.524231
v 1.125958 -0.464687 0.524231
v 1.239024 -0.351621 0.524231
v 1.311617 -0.209149 0.524231
v 1.336631 -0.051217 0.524231
v 1.239025 0.249186 0.475871
v 1.311617 0.106714 0.475871
v 1.125958 0.362253 0.475871
v 0.983486 0.434846 0.475871
v 0.825554 0.459860 0.475871
v 0.667623 0.434846 0.475871
v 0.525151 0.362253 0.475871
v 0.412085 0.249186 0.475871
v 0.339492 0.106714 0.475871
v 0.314478 -0.051217 0.475871
v 0.339492 -0.209149 0.475871
v 0.412085 -0.351621 0.475871
v 0.525151 -0.464687 0.475871
v 0.667623 -0.537280 0.475871
v 0.825554 -0.562294 0.475871
v 0.983486 -0.537280 0.475871
v 1.125958 -0.464687 0.475871
v 1.239024 -0.351621 0.475871
v 1.311617 -0.209149 0.475871
v 1.336631 -0.051217 0.475871
v 1.286716 1.185074 0.205772
v 1.286716 1.175862 0.205772
v 2.212309 1.175862 0.205772
v 2.212309 1.185074 0.205772
v 1.286716 1.175862 -0.545836
v 1.286716 1.185074 -0.545836
v 2.212309 1.185074 -0.545836
v 2.212309 1.175862 -0.545836
v 2.325038 1.185074 0.093043
v 2.325038 1.175862 0.093043
v 2.325038 1.175862 -0.433106
v 2.325038 1.185074 -0.433106
v 1.173986 1.185074 -0.433106
v 1.173986 1.175862 -0.433106
v 1.173986 1.175862 0.093043
v 1.173986 1.185074 0.093043
v 1.177828 1.175862 0.122219
v 1.177828 1.185074 0.122219
v 1.189089 1.175862 0.149407
v 1.189089 1.185074 0.149407
v 1.207004 1.175862 0.172755
v 1.207004 1.185074 0.172755
v 1.230351 1.175862 0.190670
v 1.230351 1.185074 0.190670
v 1.257540 1.175862 0.201931
v 1.257540 1.185074 0.201931
v 2.241485 1.175862 0.201931
v 2.241485 1.185074 0.201931
v 2.268674 1.175862 0.190670
v 2.268674 1.185074 0.190670
v 2.292021 1.175862 0.172755
v 2.292021 1.185074 0.172755
v 2.309936 1.175862 0.149407
v 2.309936 1.185074 0.149407
v 2.321198 1.175862 0.122219
v 2.321198 1.185074 0.122219
v 1.177828 1.185074 -0.462282
v 1.177828 1.175862 -0.462282
v 1.189089 1.185074 -0.489471
v 1.189089 1.175862 -0.489471
v 1.207004 1.185074 -0.512818
v 1.207004 1.175862 -0.512818
v 1.230351 1.185074 -0.530733
v 1.230351 1.175862 -0.530733
v 1.257540 1.185074 -0.541994
v 1.257540 1.175862 -0.541994
v 2.241485 1.185074 -0.541994
v 2.241485 1.175862 -0.541994
v 2.268674 1.185074 -0.530733
v 2.268674 1.175862 -0.530733
v 2.292021 1.185074 -0.512818
v 2.292021 1.175862 -0.512818
v 2.309936 1.185074 -0.489471
v 2.309936 1.175862 -0.489471
v 2.321198 1.185074 -0.462282
v 2.321198 1.175862 -0.462282
v -0.184247 1.135684 -0.082137
v -0.221195 1.135684 -0.151497
v -0.221195 1.231980 -0.151497
v -0.184247 1.231980 -0.082137
v -0.278741 1.135684 -0.206542
v -0.278741 1.231980 -0.206542
v -0.351254 1.135684 -0.241883
v -0.351254 1.231980 -0.241883
v -0.431635 1.135684 -0.254060
v -0.431635 1.231980 -0.254060
v -0.512017 1.135684 -0.241883
v -0.512017 1.231980 -0.241883
v -0.584530 1.135684 -0.206542
v -0.584530 1.231980 -0.206542
v -0.642076 1.135684 -0.151497
v -0.642076 1.231980 -0.151497
v -0.679023 1.135684 -0.082137
v -0.679023 1.231980 -0.082137
v -0.691754 1.135684 -0.005251
v -0.691754 1.231980 -0.005251
v -0.679023 1.135684 0.071635
v -0.679023 1.231980 0.071635
v -0.642076 1.135684 0.140996
v -0.642076 1.231980 0.140996
v -0.584530 1.135684 0.196040
v -0.584530 1.231980 0.196040
v -0.512017 1.135684 0.231381
v -0.512017 1.231980 0.231381
v -0.431635 1.135684 0.243558
v -0.431635 1.231980 0.243558
v -0.351254 1.135684 0.231381
v -0.351254 1.231980 0.231381
v -0.278741 1.135684 0.196040
v -0.278741 1.231980 0.196040
v -0.221195 1.135684 0.140996
v -0.221195 1.231980 0.140996
v -0.184248 1.135684 0.071635
v -0.184248 1.231980 0.071635
v -0.171517 1.135684 -0.005251
v -0.171517 1.231980 -0.005251
v -0.431635 1.231980 -0.005251
v 1.774541 0.633152 0.461563
v 1.774541 0.633152 0.742255
v 1.942721 0.305649 0.742255
v 1.942721 0.305649 0.461563
v 2.000670 -0.057390 0.742255
v 2.000670 -0.057390 0.461563
v 1.746037 0.612603 0.439535
v 1.909211 0.294846 0.439535
v 1.512596 0.893059 0.461563
v 1.512596 0.893059 0.742255
v 1.742596 0.610123 0.763745
v 1.905167 0.293542 0.763745
v 1.942720 -0.420429 0.461563
v 1.942720 -0.420429 0.742255
v 1.965436 -0.057390 0.439535
v 1.961184 -0.057390 0.763745
v 1.491886 0.864776 0.439535
v 1.746037 0.612603 0.392186
v 1.909211 0.294846 0.392186
v 1.182527 1.059930 0.461563
v 1.182527 1.059930 0.742255
v 1.489387 0.861362 0.763745
v 1.773477 0.632384 0.763745
v 1.941469 0.305246 0.763745
v 1.774541 -0.747931 0.461563
v 1.774541 -0.747931 0.742255
v 1.909210 -0.409626 0.439535
v 1.905166 -0.408322 0.763745
v 1.965436 -0.057390 0.392186
v 1.999354 -0.057390 0.763745
v 1.171639 1.026681 0.439535
v 1.491886 0.864776 0.392186
v 1.732813 0.603070 0.392186
v 1.893666 0.289835 0.392186
v 0.816642 1.117430 0.461563
v 0.816642 1.117430 0.742255
v 1.170325 1.022668 0.763745
v 1.511822 0.892002 0.763745
v 1.738015 0.606820 0.800320
v 1.899763 0.291800 0.800337
v 1.512596 -1.007838 0.461563
v 1.512596 -1.007838 0.742255
v 1.746036 -0.727382 0.439535
v 1.742595 -0.724902 0.763745
v 1.909210 -0.409626 0.392186
v 1.941467 -0.420025 0.763745
v 1.949091 -0.057390 0.392186
v 1.955502 -0.057390 0.800337
v 0.816642 1.082470 0.439535
v 1.171639 1.026681 0.392186
v 1.482279 0.851655 0.392186
v 1.732813 0.603070 0.380862
v 1.893666 0.289835 0.380862
v 0.450757 1.059930 0.461563
v 0.450757 1.059930 0.742255
v 0.816642 1.078250 0.763745
v 1.182120 1.058687 0.763745
v 1.486068 0.856830 0.800306
v 1.717667 0.592024 0.809427
v 1.875848 0.284023 0.809427
v 1.182527 -1.174709 0.461563
v 1.182527 -1.174709 0.742255
v 1.491886 -0.979555 0.439535
v 1.489386 -0.976141 0.763745
v 1.746036 -0.727382 0.392186
v 1.773476 -0.747163 0.763745
v 1.893665 -0.404614 0.392186
v 1.899762 -0.406579 0.800337
v 1.949091 -0.057390 0.380862
v 1.930345 -0.057390 0.809427
v 0.461645 1.026681 0.439535
v 0.816642 1.082470 0.392186
v 1.166588 1.011257 0.392186
v 1.482279 0.851655 0.380862
v 1.927682 0.300801 0.377721
v 1.761749 0.623930 0.377721
v 0.120687 0.893059 0.461563
v 0.120687 0.893059 0.742255
v 0.462959 1.022668 0.763745
v 0.816642 1.116123 0.763745
v 1.168584 1.017353 0.800295
v 1.471293 0.836477 0.809427
v 1.575743 0.489732 0.809427
v 1.709008 0.230246 0.809427
v 0.816642 -1.232209 0.461563
v 0.816642 -1.232209 0.742255
v 1.171639 -1.141460 0.439535
v 1.170324 -1.137447 0.763745
v 1.491886 -0.979555 0.392186
v 1.511822 -1.006781 0.763745
v 1.732812 -0.717849 0.392186
v 1.738007 -0.721594 0.800328
v 1.893665 -0.404614 0.380862
v 1.875847 -0.398802 0.809427
v 1.984858 -0.057390 0.377721
v 1.754921 -0.057390 0.809427
v 0.141397 0.864776 0.439535
v 0.461645 1.026681 0.392186
v 0.816642 1.066252 0.392186
v 1.166588 1.011257 0.380862
v 1.503302 0.880366 0.377721
v 1.761749 0.623930 0.239463
v 1.927682 0.300801 0.239463
v -0.141258 0.633152 0.461563
v -0.141258 0.633152 0.742255
v 0.143897 0.861362 0.763745
v 0.451164 1.058687 0.763745
v 0.816642 1.072666 0.800291
v 1.160821 0.993442 0.809427
v 1.368176 0.695680 0.809427
v 1.453638 0.401725 0.716490
v 1.565467 0.183978 0.716490
v 0.450757 -1.174709 0.461563
v 0.450757 -1.174709 0.742255
v 0.816642 -1.197249 0.439535
v 0.816642 -1.193029 0.763745
v 1.171639 -1.141460 0.392186
v 1.182120 -1.173467 0.763745
v 1.482279 -0.966434 0.392186
v 1.486062 -0.971602 0.800314
v 1.732812 -0.717849 0.380862
v 1.717677 -0.706811 0.809427
v 1.927682 -0.415581 0.377721
v 1.709007 -0.345025 0.809427
v 1.984858 -0.057390 0.239463
v 1.603994 -0.057390 0.716490
v -0.112753 0.612603 0.439535
v 0.141397 0.864776 0.392186
v 0.466696 1.011257 0.392186
v 0.816642 1.066252 0.380862
v 1.177641 1.045008 0.377721
v 1.503302 0.880366 0.239463
v -0.309436 0.305649 0.461563
v -0.309436 0.305649 0.742255
v -0.109312 0.610122 0.763745
v 0.121461 0.892002 0.763745
v 0.464701 1.017347 0.800300
v 0.816642 1.047536 0.809427
v 1.106608 0.827921 0.809427
v 1.279459 0.574545 0.716490
v 1.431937 0.386084 0.758061
v 1.539956 0.175755 0.758061
v 0.120687 -1.007839 0.461563
v 0.120687 -1.007839 0.742255
v 0.461645 -1.141461 0.439535
v 0.462959 -1.137447 0.763745
v 0.816642 -1.197249 0.392186
v 0.816642 -1.230903 0.763745
v 1.166588 -1.126036 0.392186
v 1.168582 -1.132126 0.800300
v 1.482279 -0.966434 0.380862
v 1.471300 -0.951266 0.809427
v 1.761749 -0.738709 0.377721
v 1.575751 -0.604518 0.809427
v 1.927682 -0.415581 0.239463
v 1.565466 -0.298757 0.716490
v 1.577171 -0.057390 0.758061
v -0.275927 0.294846 0.439535
v -0.112753 0.612603 0.392186
v 0.151005 0.851655 0.392186
v 0.466696 1.011257 0.380862
v 0.816642 1.101740 0.377721
v 1.177641 1.045008 0.239463
v -0.367387 -0.057390 0.461563
v -0.367387 -0.057390 0.742255
v -0.271882 0.293542 0.763745
v -0.140192 0.632384 0.763745
v 0.147221 0.856822 0.800314
v 0.472460 0.993449 0.809427
v 0.816642 0.873494 0.809427
v 1.059966 0.685514 0.716490
v 1.263692 0.553017 0.758061
v 1.310505 0.298562 0.758061
v 1.397206 0.129743 0.758061
v -0.141257 -0.747931 0.461563
v -0.141257 -0.747931 0.742255
v 0.141397 -0.979555 0.439535
v 0.143897 -0.976141 0.763745
v 0.461645 -1.141461 0.392186
v 0.451164 -1.173467 0.763745
v 0.816642 -1.181031 0.392186
v 0.816642 -1.187445 0.800291
v 1.166588 -1.126036 0.380862
v 1.160824 -1.108228 0.809427
v 1.503302 -0.995146 0.377721
v 1.368182 -0.810468 0.809427
v 1.761749 -0.738709 0.239463
v 1.453645 -0.516509 0.716490
v 1.539955 -0.290535 0.758061
v 1.427076 -0.057390 0.758061
v -0.332153 -0.057390 0.439535
v -0.275927 0.294846 0.392186
v -0.099529 0.603070 0.392186
v 0.151005 0.851655 0.380862
v 0.455643 1.045008 0.377721
v 0.816642 1.101740 0.239463
v -0.309436 -0.420429 0.461563
v -0.309436 -0.420429 0.742255
v -0.327900 -0.057390 0.763745
v -0.308184 0.305246 0.763745
v -0.104723 0.606814 0.800328
v 0.161983 0.836487 0.809427
v 0.526673 0.827927 0.809427
v 0.816642 0.723757 0.716490
v 1.051676 0.660205 0.758061
v 1.175464 0.432549 0.758061
v 1.310505 0.298562 0.686243
v 1.397206 0.129743 0.686243
v -0.112752 -0.727382 0.439535
v -0.109312 -0.724902 0.763745
v 0.141397 -0.979555 0.392186
v 0.121461 -1.006781 0.763745
v 0.466696 -1.126036 0.392186
v 0.464699 -1.132132 0.800295
v 0.816642 -1.181031 0.380862
v 0.816642 -1.162316 0.809427
v 1.177640 -1.159788 0.377721
v 1.106610 -0.942706 0.809427
v 1.503302 -0.995146 0.239463
v 1.279464 -0.689332 0.716490
v 1.431943 -0.500868 0.758061
v 1.397205 -0.244522 0.758061
v 1.427076 -0.057390 0.686243
v -0.275927 -0.409626 0.439535
v -0.332153 -0.057390 0.392186
v -0.260382 0.289834 0.392186
v -0.099529 0.603070 0.380862
v 0.129981 0.880366 0.377721
v 0.455643 1.045008 0.239463
v -0.271882 -0.408322 0.763745
v -0.366070 -0.057390 0.763745
v -0.266478 0.291800 0.800337
v -0.084393 0.592031 0.809427
v 0.265101 0.695689 0.809427
v 0.573316 0.685519 0.716490
v 0.816642 0.697145 0.758061
v 1.005291 0.518584 0.758061
v 1.175464 0.432549 0.686243
v -0.112752 -0.727382 0.392186
v -0.140192 -0.747163 0.763745
v 0.151005 -0.966435 0.392186
v 0.147215 -0.971609 0.800306
v 0.466696 -1.126036 0.380862
v 0.472462 -1.108221 0.809427
v 0.816642 -1.216520 0.377721
v 0.816642 -0.988274 0.809427
v 1.177640 -1.159788 0.239463
v 1.059967 -0.800299 0.716490
v 1.263697 -0.667803 0.758061
v 1.310510 -0.413345 0.758061
v 1.397205 -0.244522 0.686243
v 1.322658 -0.057390 0.686243
v 1.322658 0.105714 0.686243
v -0.275927 -0.409626 0.392186
v -0.315807 -0.057390 0.392186
v -0.260382 0.289834 0.380862
v -0.128465 0.623930 0.377721
v 0.129981 0.880366 0.239463
v -0.308184 -0.420025 0.763745
v -0.322217 -0.057390 0.800337
v -0.242563 0.284023 0.809427
v 0.057533 0.489738 0.809427
v 0.353819 0.574552 0.716490
v 0.581606 0.660210 0.758061
v 0.816642 0.548233 0.758061
v 1.005291 0.518584 0.686243
v -0.099529 -0.717849 0.392186
v -0.104731 -0.721600 0.800320
v 0.151005 -0.966435 0.380862
v 0.161991 -0.951257 0.809427
v 0.455643 -1.159788 0.377721
v 0.526675 -0.942700 0.809427
v 0.816642 -1.216520 0.239463
v 0.816642 -0.838537 0.716490
v 1.051678 -0.774989 0.758061
v 1.175468 -0.547334 0.758061
v 1.310510 -0.413345 0.686243
v 1.322658 -0.220493 0.686243
v -0.260382 -0.404614 0.392186
v -0.315807 -0.057390 0.380862
v -0.294398 0.300801 0.377721
v -0.128465 0.623930 0.239463
v -0.266483 -0.406581 0.800332
v -0.297062 -0.057390 0.809427
v -0.075723 0.230246 0.809427
v 0.179639 0.401730 0.716490
v 0.369587 0.553023 0.758061
v 0.627991 0.518588 0.758061
v 0.816642 0.548233 0.686243
v 0.936931 0.309871 0.686243
v 1.085617 0.309871 0.686243
v -0.099529 -0.717849 0.380862
v -0.084383 -0.706803 0.809427
v 0.129982 -0.995146 0.377721
v 0.265108 -0.810460 0.809427
v 0.455643 -1.159788 0.239463
v 0.573318 -0.800294 0.716490
v 0.816642 -0.811925 0.758061
v 1.005292 -0.633367 0.758061
v 1.175468 -0.547334 0.686243
v -0.260382 -0.404614 0.380862
v -0.351574 -0.057390 0.377721
v -0.294398 0.300801 0.239463
v -0.242556 -0.398800 0.809427
v -0.121637 -0.057390 0.809427
v 0.067818 0.183978 0.716490
v 0.201340 0.386089 0.758061
v 0.457815 0.432555 0.758061
v 0.627991 0.518588 0.686243
v 0.816642 0.309871 0.686243
v -0.128465 -0.738709 0.377721
v 0.057542 -0.604511 0.809427
v 0.129982 -0.995146 0.239463
v 0.353825 -0.689325 0.716490
v 0.581607 -0.774985 0.758061
v 0.816642 -0.663013 0.758061
v 1.005292 -0.633367 0.686243
v -0.294398 -0.415581 0.377721
v -0.351574 -0.057390 0.239463
v -0.075717 -0.345023 0.809427
v 0.029290 -0.057390 0.716490
v 0.093329 0.175755 0.758061
v 0.322774 0.298566 0.758061
v 0.457815 0.432555 0.686243
v 0.696353 0.309871 0.686243
v -0.128465 -0.738709 0.239463
v 0.179647 -0.516504 0.716490
v 0.369592 -0.667796 0.758061
v 0.627993 -0.633363 0.758061
v 0.816642 -0.663013 0.686243
v 0.938269 -0.428736 0.686243
v 1.088609 -0.428736 0.686243
v -0.294398 -0.415581 0.239463
v 0.067823 -0.298756 0.716490
v 0.056113 -0.057390 0.758061
v 0.236079 0.129743 0.758061
v 0.322774 0.298566 0.686243
v 0.547667 0.309871 0.686243
v 0.201348 -0.500863 0.758061
v 0.457820 -0.547329 0.758061
v 0.627993 -0.633363 0.686243
v 0.816642 -0.428736 0.686243
v 0.093334 -0.290533 0.758061
v 0.206208 -0.057390 0.758061
v 0.236079 0.129743 0.686243
v 0.322779 -0.413341 0.758061
v 0.457820 -0.547329 0.686243
v 0.695015 -0.428736 0.686243
v 0.236083 -0.244521 0.758061
v 0.206208 -0.057390 0.686243
v 0.322779 -0.413341 0.686243
v 0.544675 -0.428736 0.686243
v 0.236083 -0.244521 0.686243
v 0.304886 -0.057390 0.686243
v 0.304886 0.107564 0.686243
v 0.304886 -0.222344 0.686243
v 1.317036 -0.383145 0.460744
v 1.317036 -0.383145 0.686243
v 1.322658 -0.354882 0.686243
v 1.322658 -0.354882 0.460744
v 1.277067 -0.423114 0.460744
v 1.277067 -0.423114 0.686243
v 1.301295 -0.406703 0.686243
v 1.301026 -0.407105 0.460744
v 1.248804 -0.428736 0.460744
v 1.248804 -0.428736 0.686243
v 0.350477 -0.423114 0.460744
v 0.350477 -0.423114 0.686243
v 0.378739 -0.428736 0.686243
v 0.378739 -0.428736 0.460744
v 0.310508 -0.383145 0.460744
v 0.310508 -0.383145 0.686243
v 0.326517 -0.407105 0.686243
v 0.326517 -0.407105 0.460744
v 0.304886 -0.354882 0.460744
v 0.304886 -0.354882 0.686243
v 0.304886 0.236018 0.460744
v 0.310508 0.264280 0.460744
v 0.310508 0.264280 0.686243
v 0.304886 0.236018 0.686243
v 0.326517 0.288240 0.460744
v 0.326517 0.288240 0.686243
v 0.350477 0.304249 0.460744
v 0.378739 0.309871 0.460744
v 0.378739 0.309871 0.686243
v 0.350477 0.304249 0.686243
v 1.248804 0.309871 0.460744
v 1.277067 0.304249 0.460744
v 1.277067 0.304249 0.686243
v 1.248804 0.309871 0.686243
v 1.301026 0.288240 0.460744
v 1.317036 0.264280 0.460744
v 1.317036 0.264280 0.686243
v 1.301026 0.288240 0.686243
v 1.322658 0.236018 0.460744
v 1.322658 0.236018 0.686243
v 1.298514 0.289919 0.686243
v 0.332009 0.291909 0.686243
v 0.329068 -0.408809 0.686243
v -0.572463 -1.215604 -0.666879
v 2.452113 -1.215604 -0.666879
v 2.452113 1.109473 -0.666879
v -0.572463 1.109473 -0.666879
v 2.452113 1.109473 -0.707555
v -0.572463 1.109473 -0.707555
v -0.546481 0.955532 -0.792147
v 2.426131 0.955532 -0.792147
v 2.426131 -1.196792 -0.792147
v -0.546481 -1.196792 -0.792147
v -0.572463 -1.215604 -0.802434
v 2.452113 -1.215604 -0.802434
v 2.452113 0.974345 -0.802434
v 2.452113 1.043056 -0.773973
v -0.572463 1.043056 -0.773973
v -0.572463 0.974345 -0.802434
v 2.426131 0.955532 -0.802434
v -0.546481 0.955532 -0.802434
v 2.426131 -1.196792 -0.802434
v -0.546481 -1.196792 -0.802434
v -0.887107 1.159588 -0.407412
v -0.846114 1.159588 -0.328330
v -0.846114 1.142055 -0.328330
v -0.887107 1.142055 -0.407412
v -0.950954 1.159588 -0.470171
v -0.950954 1.142055 -0.470171
v -1.031406 1.159588 -0.510466
v -1.031406 1.142055 -0.510466
v -1.120588 1.159588 -0.524350
v -1.120588 1.142055 -0.524350
v -1.209770 1.159588 -0.510466
v -1.209770 1.142055 -0.510466
v -1.290222 1.159588 -0.470171
v -1.290222 1.142055 -0.470171
v -1.354070 1.159588 -0.407412
v -1.354070 1.142055 -0.407412
v -1.395062 1.159588 -0.328330
v -1.395062 1.142055 -0.328330
v -1.409187 1.159588 -0.240667
v -1.409187 1.142055 -0.240667
v -1.395062 1.159588 -0.153004
v -1.395062 1.142055 -0.153004
v -1.354070 1.159588 -0.073922
v -1.354070 1.142055 -0.073922
v -1.290222 1.159588 -0.011162
v -1.290222 1.142055 -0.011162
v -1.209770 1.159588 0.029132
v -1.209770 1.142055 0.029132
v -1.120588 1.159588 0.043016
v -1.120588 1.142055 0.043016
v -1.031406 1.159588 0.029132
v -1.031406 1.142055 0.029132
v -0.950954 1.159588 -0.011162
v -0.950954 1.142055 -0.011162
v -0.887107 1.159588 -0.073922
v -0.887107 1.142055 -0.073922
v -0.846114 1.159588 -0.153004
v -0.846114 1.142055 -0.153004
v -0.831990 1.159588 -0.240667
v -0.831990 1.142055 -0.240667
v -0.828745 1.176006 -0.333877
v -0.872331 1.176012 -0.417964
v -0.872331 1.268972 -0.417964
v -0.828745 1.268974 -0.333877
v -0.940219 1.176016 -0.484695
v -0.940219 1.268968 -0.484695
v -1.025762 1.176014 -0.527539
v -1.025762 1.268967 -0.527539
v -1.120588 1.176014 -0.542302
v -1.120588 1.268970 -0.542302
v -1.215414 1.176018 -0.527539
v -1.215414 1.268970 -0.527539
v -1.300957 1.176016 -0.484695
v -1.300957 1.268968 -0.484695
v -1.368845 1.176012 -0.417964
v -1.368845 1.268972 -0.417964
v -1.412432 1.176010 -0.333877
v -1.412432 1.268978 -0.333877
v -1.427451 1.176004 -0.240667
v -1.427451 1.268980 -0.240667
v -1.412432 1.176006 -0.147456
v -1.412432 1.268974 -0.147456
v -1.368845 1.176012 -0.063370
v -1.368845 1.268972 -0.063370
v -1.300957 1.176016 0.003361
v -1.300957 1.268968 0.003361
v -1.215414 1.176014 0.046206
v -1.215414 1.268967 0.046206
v -1.120588 1.176014 0.060969
v -1.120588 1.268970 0.060969
v -1.025763 1.176018 0.046206
v -1.025763 1.268970 0.046206
v -0.940219 1.176016 0.003361
v -0.940219 1.268968 0.003361
v -0.872331 1.176012 -0.063370
v -0.872331 1.268972 -0.063370
v -0.828745 1.176010 -0.147456
v -0.828745 1.268978 -0.147456
v -0.813726 1.176004 -0.240667
v -0.813726 1.268980 -0.240667
v -0.875273 1.169527 -0.415863
v -0.832211 1.169521 -0.332770
v -0.841723 1.164450 -0.329732
v -0.883369 1.164451 -0.410081
v -0.942349 1.169535 -0.481813
v -0.948236 1.164454 -0.473848
v -1.026879 1.169540 -0.524160
v -1.029977 1.164455 -0.514791
v -1.120588 1.169540 -0.538749
v -1.120588 1.164455 -0.528898
v -1.214296 1.169538 -0.524157
v -1.211200 1.164455 -0.514790
v -1.298827 1.169535 -0.481813
v -1.292940 1.164454 -0.473848
v -1.365904 1.169527 -0.415863
v -1.357807 1.164451 -0.410081
v -1.408962 1.169519 -0.332769
v -1.399453 1.164450 -0.329732
v -1.423798 1.169515 -0.240667
v -1.413803 1.164448 -0.240667
v -1.408965 1.169521 -0.148564
v -1.399453 1.164450 -0.151601
v -1.365904 1.169527 -0.065471
v -1.357807 1.164451 -0.071253
v -1.298827 1.169535 0.000479
v -1.292940 1.164454 -0.007485
v -1.214297 1.169540 0.042826
v -1.211200 1.164455 0.033457
v -1.120588 1.169540 0.057415
v -1.120588 1.164455 0.047564
v -1.026881 1.169538 0.042824
v -1.029977 1.164455 0.033456
v -0.942349 1.169535 0.000479
v -0.948236 1.164454 -0.007485
v -0.875273 1.169527 -0.065471
v -0.883369 1.164451 -0.071253
v -0.832214 1.169519 -0.148564
v -0.841724 1.164450 -0.151602
v -0.817378 1.169515 -0.240667
v -0.827375 1.164448 -0.240667
v -0.829658 1.172401 -0.333586
v -0.873106 1.172403 -0.417410
v -0.940780 1.172407 -0.483935
v -1.026057 1.172409 -0.526648
v -1.120588 1.172409 -0.541366
v -1.215119 1.172409 -0.526648
v -1.300396 1.172407 -0.483935
v -1.368070 1.172403 -0.417410
v -1.411518 1.172401 -0.333585
v -1.426489 1.172400 -0.240667
v -1.411519 1.172401 -0.147748
v -1.368070 1.172403 -0.063923
v -1.300396 1.172407 0.002602
v -1.215119 1.172409 0.045315
v -1.120588 1.172409 0.060032
v -1.026058 1.172409 0.045314
v -0.940780 1.172407 0.002602
v -0.873107 1.172403 -0.063923
v -0.829659 1.172401 -0.147748
v -0.814688 1.172400 -0.240667
v -0.829659 1.272583 -0.333585
v -0.814688 1.272585 -0.240667
v -0.832214 1.275465 -0.332769
v -0.817378 1.275469 -0.240667
v -0.873106 1.272579 -0.417410
v -0.875273 1.275457 -0.415863
v -0.940780 1.272577 -0.483935
v -0.942349 1.275450 -0.481813
v -1.026057 1.272575 -0.526648
v -1.026880 1.275444 -0.524157
v -1.120588 1.272575 -0.541366
v -1.120588 1.275443 -0.538749
v -1.215119 1.272575 -0.526648
v -1.214297 1.275443 -0.524160
v -1.300396 1.272577 -0.483935
v -1.298827 1.275450 -0.481813
v -1.368070 1.272579 -0.417410
v -1.365904 1.275457 -0.415863
v -1.411519 1.272583 -0.333586
v -1.408965 1.275463 -0.332770
v -1.426489 1.272585 -0.240667
v -1.423798 1.275469 -0.240667
v -1.411518 1.272583 -0.147748
v -1.408962 1.275465 -0.148564
v -1.368070 1.272579 -0.063923
v -1.365904 1.275457 -0.065471
v -1.300396 1.272577 0.002602
v -1.298827 1.275450 0.000479
v -1.215119 1.272575 0.045314
v -1.214296 1.275444 0.042824
v -1.120588 1.272575 0.060032
v -1.120588 1.275443 0.057415
v -1.026058 1.272575 0.045315
v -1.026880 1.275443 0.042826
v -0.940780 1.272577 0.002602
v -0.942349 1.275450 0.000479
v -0.873107 1.272579 -0.063923
v -0.875273 1.275457 -0.065471
v -0.829658 1.272583 -0.147748
v -0.832212 1.275463 -0.148564
v -0.849660 1.285398 -0.327244
v -0.890137 1.285398 -0.405337
v -1.120588 1.285398 -0.240667
v -0.953169 1.285398 -0.467298
v -1.032577 1.285398 -0.507070
v -1.120588 1.285398 -0.520773
v -1.208598 1.285398 -0.507065
v -1.288002 1.285398 -0.467291
v -1.351032 1.285398 -0.405332
v -1.391512 1.285398 -0.327243
v -1.405466 1.285398 -0.240667
v -1.391517 1.285398 -0.154089
v -1.351040 1.285398 -0.075997
v -1.288007 1.285398 -0.014036
v -1.208600 1.285398 0.025737
v -1.120588 1.285398 0.039439
v -1.032579 1.285398 0.025731
v -0.953175 1.285398 -0.014043
v -0.890145 1.285398 -0.076002
v -0.849665 1.285398 -0.154091
v -0.835711 1.285398 -0.240667
v -0.884757 1.283422 -0.409090
v -0.843341 1.283415 -0.329216
v -0.949254 1.283430 -0.472471
v -1.030516 1.283438 -0.513160
v -1.120588 1.283440 -0.527181
v -1.210661 1.283438 -0.513160
v -1.291922 1.283430 -0.472471
v -1.356420 1.283422 -0.409090
v -1.397836 1.283415 -0.329216
v -1.412109 1.283411 -0.240667
v -1.397836 1.283415 -0.152118
v -1.356420 1.283422 -0.072244
v -1.291922 1.283430 -0.008863
v -1.210661 1.283438 0.031826
v -1.120588 1.283440 0.045847
v -1.030516 1.283438 0.031826
v -0.949254 1.283430 -0.008863
v -0.884757 1.283422 -0.072244
v -0.843341 1.283415 -0.152118
v -0.829068 1.283411 -0.240667
v -0.846313 1.284887 -0.328278
v -0.887282 1.284889 -0.407310
v -0.951087 1.284891 -0.470024
v -1.031478 1.284893 -0.510286
v -1.120588 1.284892 -0.524158
v -1.209698 1.284893 -0.510284
v -1.290089 1.284891 -0.470022
v -1.353893 1.284889 -0.407308
v -1.394863 1.284887 -0.328278
v -1.408982 1.284885 -0.240667
v -1.394864 1.284887 -0.153055
v -1.353895 1.284889 -0.074024
v -1.290090 1.284891 -0.011310
v -1.209698 1.284893 0.028952
v -1.120588 1.284892 0.042825
v -1.031479 1.284893 0.028951
v -0.951088 1.284891 -0.011312
v -0.887283 1.284889 -0.074025
v -0.846314 1.284887 -0.153056
v -0.832195 1.284885 -0.240667
v -1.153292 -1.150835 0.579931
v -1.155547 -1.168033 0.575735
v -0.910418 -1.167600 0.438615
v -0.923037 -1.148715 0.449818
v -1.163806 -1.180580 0.566538
v -0.901752 -1.180567 0.422381
v -1.175833 -1.185080 0.554828
v -0.898736 -1.185080 0.403739
v -1.201608 -1.150835 0.576597
v -1.186369 -1.150973 0.584104
v -1.187733 0.073975 0.583692
v -1.201803 0.082353 0.576447
v -1.169420 -1.150973 0.585274
v -1.170857 0.069012 0.585104
v -1.154132 0.068352 0.580406
v -1.196720 0.098114 0.576286
v -1.545363 0.443874 0.307875
v -1.541779 0.417626 0.316846
v -1.184387 0.109550 0.572374
v -1.546219 0.469554 0.293422
v -1.168176 0.113523 0.565780
v -1.544413 0.493767 0.274201
v -1.160177 0.101456 0.573164
v -0.926128 0.101247 0.437332
v -0.927796 0.112728 0.423397
v -1.155384 0.085919 0.578164
v -0.924298 0.086096 0.446427
v -0.922527 0.069072 0.449530
v -0.913242 0.108144 0.414709
v -0.911288 0.189140 0.274201
v -0.925397 0.199868 0.274201
v -0.902611 0.095710 0.408321
v -0.902004 0.173125 0.274201
v -0.898736 0.078742 0.405937
v -0.898736 0.154125 0.274201
v -1.538102 -1.185080 0.274201
v -0.898736 -1.185080 0.274201
v -1.538348 -1.144232 0.319465
v -0.901212 0.072554 0.422519
v -0.909527 0.069167 0.437773
v -1.545514 -1.176499 0.283710
v -1.550727 -1.160254 0.301711
v -1.189412 -1.180603 0.564653
v -1.198858 -1.168054 0.572631
v -1.186322 -1.165805 0.580325
v -1.177142 -1.178101 0.573018
v -1.169046 -1.165824 0.581595
v -1.174657 0.100006 0.578122
v -1.186177 0.088778 0.582448
v -1.169617 0.084109 0.583124
v -0.903718 0.087641 0.422025
v -0.913980 0.099471 0.428148
v -0.912423 0.084049 0.437103
v -0.302449 1.240951 -0.094302
v -0.279712 1.240951 -0.051719
v -0.279712 1.232835 -0.051719
v -0.302449 1.232835 -0.094302
v -0.337861 1.240951 -0.128096
v -0.337861 1.232835 -0.128096
v -0.382483 1.240951 -0.149792
v -0.382483 1.232835 -0.149792
v -0.431948 1.240951 -0.157269
v -0.431948 1.232835 -0.157269
v -0.481412 1.240951 -0.149792
v -0.481412 1.232835 -0.149792
v -0.526034 1.240951 -0.128095
v -0.526034 1.232835 -0.128095
v -0.561447 1.240951 -0.094302
v -0.561447 1.232835 -0.094302
v -0.584183 1.240951 -0.051719
v -0.584183 1.232835 -0.051719
v -0.592018 1.240951 -0.004516
v -0.592018 1.232835 -0.004516
v -0.584183 1.240951 0.042687
v -0.584183 1.232835 0.042687
v -0.561447 1.240951 0.085270
v -0.561447 1.232835 0.085270
v -0.526034 1.240951 0.119063
v -0.526034 1.232835 0.119063
v -0.481412 1.240951 0.140760
v -0.481412 1.232835 0.140760
v -0.431948 1.240951 0.148236
v -0.431948 1.232835 0.148236
v -0.382484 1.240951 0.140760
v -0.382484 1.232835 0.140760
v -0.337861 1.240951 0.119063
v -0.337861 1.232835 0.119063
v -0.302449 1.240951 0.085270
v -0.302449 1.232835 0.085270
v -0.279712 1.240951 0.042687
v -0.279712 1.232835 0.042687
v -0.271878 1.240951 -0.004516
v -0.271878 1.232835 -0.004516
v -0.270078 1.248551 -0.054706
v -0.294254 1.248552 -0.099984
v -0.294254 1.291580 -0.099984
v -0.270078 1.291582 -0.054706
v -0.331907 1.248554 -0.135916
v -0.331907 1.291580 -0.135916
v -0.379353 1.248554 -0.158986
v -0.379353 1.291578 -0.158986
v -0.431948 1.248554 -0.166935
v -0.431948 1.291580 -0.166935
v -0.484542 1.248556 -0.158986
v -0.484542 1.291580 -0.158986
v -0.531989 1.248554 -0.135916
v -0.531989 1.291580 -0.135916
v -0.569642 1.248552 -0.099984
v -0.569642 1.291580 -0.099984
v -0.593817 1.248552 -0.054706
v -0.593817 1.291584 -0.054706
v -0.602147 1.248550 -0.004516
v -0.602147 1.291584 -0.004516
v -0.593817 1.248551 0.045674
v -0.593817 1.291582 0.045674
v -0.569642 1.248552 0.090951
v -0.569642 1.291580 0.090951
v -0.531989 1.248554 0.126884
v -0.531989 1.291580 0.126884
v -0.484542 1.248554 0.149954
v -0.484542 1.291578 0.149954
v -0.431948 1.248554 0.157903
v -0.431948 1.291580 0.157903
v -0.379353 1.248556 0.149954
v -0.379353 1.291580 0.149954
v -0.331907 1.248554 0.126884
v -0.331907 1.291580 0.126884
v -0.294254 1.248552 0.090951
v -0.294254 1.291580 0.090951
v -0.270078 1.248552 0.045674
v -0.270078 1.291584 0.045674
v -0.261749 1.248550 -0.004516
v -0.261749 1.291584 -0.004516
v -0.295885 1.245552 -0.098853
v -0.272001 1.245548 -0.054110
v -0.277277 1.243202 -0.052474
v -0.300376 1.243202 -0.095739
v -0.333089 1.245556 -0.134364
v -0.336354 1.243204 -0.130075
v -0.379973 1.245558 -0.157166
v -0.381691 1.243204 -0.152121
v -0.431948 1.245558 -0.165022
v -0.431948 1.243204 -0.159718
v -0.483922 1.245558 -0.157165
v -0.482205 1.243204 -0.152121
v -0.530807 1.245556 -0.134364
v -0.527542 1.243204 -0.130075
v -0.568011 1.245552 -0.098853
v -0.563520 1.243202 -0.095739
v -0.591893 1.245548 -0.054110
v -0.586618 1.243200 -0.052474
v -0.600122 1.245545 -0.004516
v -0.594578 1.243200 -0.004516
v -0.591894 1.245548 0.045078
v -0.586619 1.243202 0.043442
v -0.568011 1.245552 0.089820
v -0.563520 1.243202 0.086707
v -0.530807 1.245556 0.125332
v -0.527542 1.243204 0.121043
v -0.483923 1.245558 0.148134
v -0.482205 1.243204 0.143089
v -0.431948 1.245558 0.155990
v -0.431948 1.243204 0.150685
v -0.379974 1.245558 0.148133
v -0.381691 1.243204 0.143089
v -0.333089 1.245556 0.125332
v -0.336354 1.243204 0.121043
v -0.295885 1.245552 0.089820
v -0.300376 1.243202 0.086707
v -0.272003 1.245548 0.045077
v -0.277277 1.243200 0.043442
v -0.263774 1.245545 -0.004516
v -0.269319 1.243200 -0.004516
v -0.270585 1.246881 -0.054549
v -0.294684 1.246883 -0.099686
v -0.332219 1.246885 -0.135507
v -0.379517 1.246885 -0.158506
v -0.431948 1.246885 -0.166431
v -0.484379 1.246885 -0.158506
v -0.531677 1.246885 -0.135507
v -0.569212 1.246883 -0.099686
v -0.593310 1.246881 -0.054549
v -0.601614 1.246881 -0.004516
v -0.593311 1.246881 0.045517
v -0.569212 1.246883 0.090653
v -0.531677 1.246885 0.126475
v -0.484379 1.246885 0.149474
v -0.431948 1.246885 0.157398
v -0.379517 1.246885 0.149473
v -0.332219 1.246885 0.126475
v -0.294684 1.246883 0.090653
v -0.270585 1.246881 0.045517
v -0.262282 1.246881 -0.004516
v -0.270585 1.293253 -0.054549
v -0.262282 1.293253 -0.004516
v -0.272003 1.294586 -0.054110
v -0.263774 1.294588 -0.004516
v -0.294684 1.293251 -0.099686
v -0.295885 1.294582 -0.098853
v -0.332219 1.293249 -0.135507
v -0.333089 1.294579 -0.134364
v -0.379517 1.293249 -0.158506
v -0.379973 1.294577 -0.157165
v -0.431948 1.293249 -0.166431
v -0.431948 1.294577 -0.165022
v -0.484379 1.293249 -0.158506
v -0.483923 1.294577 -0.157166
v -0.531677 1.293249 -0.135507
v -0.530807 1.294579 -0.134364
v -0.569212 1.293251 -0.099686
v -0.568011 1.294582 -0.098853
v -0.593311 1.293254 -0.054549
v -0.591894 1.294586 -0.054110
v -0.601614 1.293253 -0.004516
v -0.600122 1.294588 -0.004516
v -0.593310 1.293253 0.045517
v -0.591893 1.294586 0.045077
v -0.569212 1.293251 0.090653
v -0.568011 1.294582 0.089820
v -0.531677 1.293249 0.126475
v -0.530807 1.294579 0.125332
v -0.484379 1.293249 0.149473
v -0.483922 1.294577 0.148133
v -0.431948 1.293249 0.157398
v -0.431948 1.294577 0.155990
v -0.379517 1.293249 0.149474
v -0.379973 1.294577 0.148134
v -0.332219 1.293249 0.126475
v -0.333089 1.294579 0.125332
v -0.294684 1.293251 0.090653
v -0.295885 1.294582 0.089820
v -0.270585 1.293254 0.045517
v -0.272001 1.294586 0.045078
v -0.281679 1.299184 -0.051135
v -0.304129 1.299184 -0.093185
v -0.431948 1.299184 -0.004516
v -0.339090 1.299184 -0.126548
v -0.383133 1.299184 -0.147964
v -0.431948 1.299184 -0.155342
v -0.480762 1.299184 -0.147961
v -0.524803 1.299184 -0.126544
v -0.559762 1.299184 -0.093182
v -0.582214 1.299184 -0.051134
v -0.589954 1.299184 -0.004516
v -0.582217 1.299184 0.042102
v -0.559766 1.299184 0.084152
v -0.524806 1.299184 0.117516
v -0.480763 1.299184 0.138932
v -0.431948 1.299184 0.146310
v -0.383134 1.299184 0.138929
v -0.339093 1.299184 0.117512
v -0.304134 1.299184 0.084150
v -0.281682 1.299184 0.042102
v -0.273943 1.299184 -0.004516
v -0.301145 1.298269 -0.095205
v -0.278174 1.298265 -0.052196
v -0.336918 1.298273 -0.129334
v -0.381990 1.298277 -0.151243
v -0.431948 1.298277 -0.158793
v -0.481906 1.298277 -0.151243
v -0.526977 1.298273 -0.129334
v -0.562750 1.298269 -0.095205
v -0.585722 1.298265 -0.052196
v -0.593638 1.298263 -0.004516
v -0.585722 1.298265 0.043164
v -0.562750 1.298269 0.086173
v -0.526977 1.298273 0.120301
v -0.481906 1.298277 0.142211
v -0.431948 1.298277 0.149761
v -0.381990 1.298277 0.142211
v -0.336918 1.298273 0.120301
v -0.301145 1.298269 0.086173
v -0.278174 1.298265 0.043164
v -0.270258 1.298263 -0.004516
v -0.279823 1.298948 -0.051692
v -0.302546 1.298948 -0.094247
v -0.337935 1.298950 -0.128016
v -0.382523 1.298950 -0.149696
v -0.431948 1.298950 -0.157165
v -0.481372 1.298950 -0.149695
v -0.525960 1.298950 -0.128015
v -0.561349 1.298948 -0.094246
v -0.584073 1.298948 -0.051691
v -0.591904 1.298946 -0.004516
v -0.584073 1.298948 0.042659
v -0.561350 1.298948 0.085215
v -0.525961 1.298950 0.118984
v -0.481372 1.298950 0.140663
v -0.431948 1.298950 0.148133
v -0.382524 1.298950 0.140662
v -0.337936 1.298950 0.118983
v -0.302547 1.298948 0.085214
v -0.279823 1.298948 0.042659
v -0.271992 1.298946 -0.004516
v -1.593312 -1.228118 0.134045
v -1.564889 -1.235734 0.134046
v -1.564889 -1.235734 0.254606
v -1.593312 -1.228118 0.254604
v -1.614120 -1.207311 0.134045
v -1.614120 -1.207311 0.254604
v -1.593312 -1.228118 0.126011
v -1.564889 -1.235734 0.126011
v 0.052410 -1.235734 0.134046
v 0.052410 -1.235734 0.254606
v -1.621736 -1.178888 0.134046
v -1.621736 -1.178887 0.254606
v -1.614120 -1.207311 0.126011
v -1.589448 -1.223844 0.279167
v -1.609844 -1.203450 0.279167
v -1.593312 -1.228118 -0.202225
v -1.564889 -1.235734 -0.202227
v 0.052410 -1.235734 0.126011
v 2.431675 -1.235734 0.133978
v 2.431683 -1.235734 0.254501
v 0.052410 -1.228118 0.283029
v -1.564883 -1.228118 0.283029
v -1.621736 -0.092302 0.254802
v -1.621736 -0.092244 0.134118
v -1.621736 -1.178888 0.126011
v -1.614120 -1.207311 -0.202225
v -1.593312 -1.228118 -0.211956
v -1.564889 -1.235734 -0.211958
v 2.431674 -1.235734 0.125946
v 2.460085 -1.228108 0.133972
v 2.460089 -1.228108 0.254497
v 2.431668 -1.228112 0.282931
v 0.052410 -1.207311 0.303836
v -1.564883 -1.207311 0.303836
v -1.589449 -1.203450 0.299561
v -1.621736 -0.092241 0.126075
v -1.614120 -1.178887 0.283029
v -1.614198 -0.092786 0.283133
v -1.621736 -0.069711 0.254806
v -1.621736 -0.069652 0.134119
v -1.621736 -1.178888 -0.202227
v -1.614120 -1.207311 -0.211956
v -1.593312 -1.178887 0.303836
v 0.052410 -1.235734 -0.202227
v 2.431652 -1.235734 -0.202193
v -0.330984 -1.235734 -0.211958
v -0.332525 -1.235734 -0.202227
v 0.004213 -1.235734 -0.211958
v 0.052410 -1.235734 -0.211958
v 0.005754 -1.235734 -0.202227
v -1.593312 -1.228118 -0.343204
v -1.564889 -1.235734 -0.343208
v 2.460085 -1.228108 0.125940
v 2.480828 -1.207286 0.133941
v 2.480829 -1.207286 0.254459
v 2.431586 -1.207296 0.303710
v -1.564889 -1.178887 0.311452
v 0.052410 -1.178887 0.311452
v -1.621736 -0.092085 -0.202502
v -1.621736 -0.069648 0.126076
v -1.593588 -0.093323 0.303870
v -1.614200 -0.070205 0.283135
v -1.621736 0.248837 0.254863
v -1.621736 0.248913 0.134140
v -1.621736 -1.178888 -0.211958
v -1.614120 -1.207311 -0.343204
v 2.460074 -1.228108 -0.202205
v 2.431651 -1.235734 -0.211921
v -1.593312 -1.228118 -0.530224
v -1.564889 -1.235734 -0.530230
v 2.480828 -1.207286 0.125910
v 2.488306 -1.178889 0.133894
v 2.488306 -1.178889 0.254398
v 2.456218 -1.223831 0.279064
v 2.476537 -1.203427 0.279022
v 2.456137 -1.203433 0.299423
v 2.431459 -1.178888 0.311244
v -1.565429 -0.093766 0.311452
v 0.055523 -0.091569 0.311452
v -1.621736 -0.069488 -0.202508
v -1.621736 -0.092080 -0.212243
v -1.621736 0.248917 0.126095
v -1.593594 -0.070753 0.303871
v -1.614223 0.248200 0.283166
v -1.621735 0.271039 0.254867
v -1.621736 0.271116 0.134142
v -1.621736 -1.178888 -0.343208
v -1.614120 -1.207311 -0.530224
v 2.480825 -1.207286 -0.202215
v 2.460073 -1.228108 -0.211933
v 0.052410 -1.235734 -0.343208
v 2.431643 -1.235734 -0.343131
v -1.593312 -1.228118 -0.614616
v -1.564889 -1.235734 -0.614622
v 2.488306 -1.178889 0.125864
v 2.488172 -1.155546 0.133848
v 2.488172 -1.155545 0.254332
v -1.565441 -0.071205 0.311452
v 0.055587 -0.068962 0.311452
v -1.621736 0.249123 -0.202589
v -1.613479 -0.069488 -0.202508
v -1.613479 -0.092085 -0.202502
v -1.613479 -0.092080 -0.212243
v -1.621736 -0.092017 -0.343629
v -1.621736 0.271121 0.126096
v -1.593674 0.247496 0.303880
v -1.614224 0.270392 0.283168
v -1.621736 0.554518 0.254918
v -1.621736 0.554610 0.134160
v -1.621736 -1.178887 -0.530230
v -1.614120 -1.207311 -0.614616
v 2.488306 -1.178889 -0.202221
v 2.480825 -1.207286 -0.211943
v 2.460069 -1.228108 -0.343146
v 0.052410 -1.235734 -0.530230
v 2.431630 -1.235734 -0.530096
v 0.052410 -1.235734 -0.614622
v -1.593312 -1.228118 -0.631694
v -1.564889 -1.235734 -0.631701
v 2.488172 -1.155546 0.125819
v 2.488124 -1.147254 0.133832
v 2.488124 -1.147252 0.254309
v 2.480558 -1.155555 0.282745
v 2.480690 -1.178889 0.282820
v 2.459883 -1.178889 0.303627
v 2.431336 -1.155576 0.311162
v 2.459755 -1.155567 0.303546
v 2.431293 -1.147295 0.311132
v 2.459709 -1.147282 0.303517
v 2.424502 0.143698 0.306561
v 2.452623 0.144271 0.299045
v 2.424376 0.157527 0.306476
v 2.452491 0.158110 0.298962
v 2.419901 1.001782 0.303463
v 2.447822 1.002735 0.296015
v 2.419586 1.061282 0.303251
v 2.447493 1.062260 0.295807
v 0.055271 1.062539 0.307811
v 0.058748 1.035026 0.311452
v 0.181018 1.071583 0.311452
v 0.177631 1.098750 0.307805
v -1.565989 1.030551 0.311452
v -1.565983 1.017350 0.311452
v 0.058710 1.021797 0.311452
v -1.565846 0.743227 0.311452
v 0.057923 0.747119 0.311452
v -1.565751 0.552183 0.311452
v 0.057375 0.555688 0.311452
v -1.565610 0.269086 0.311452
v 0.056563 0.272017 0.311452
v -1.565599 0.246913 0.311452
v 0.056500 0.249800 0.311452
v -1.621736 0.271330 -0.202594
v -1.613479 0.249123 -0.202589
v -1.613479 -0.069484 -0.212249
v -1.613479 -0.092017 -0.343629
v -1.621736 -0.091928 -0.530843
v -1.621736 0.554616 0.126113
v -1.593680 0.269677 0.303881
v -1.614245 0.553745 0.283195
v -1.621736 0.745821 0.254953
v -1.621736 0.745923 0.134173
v -1.621736 -1.178887 -0.614622
v -1.614120 -1.207311 -0.631694
v 2.488306 -1.178889 -0.211947
v 2.480824 -1.207286 -0.343148
v 2.460062 -1.228108 -0.530114
v 2.431624 -1.235734 -0.614463
v 0.052410 -1.235734 -0.631701
v 2.455521 -1.155546 0.125819
v 2.455521 -1.155546 0.133848
v 2.455473 -1.147254 0.133832
v 2.480710 0.145565 0.250688
v 2.480711 0.145493 0.131285
v 2.480511 -1.147266 0.282719
v 2.473193 0.144954 0.278598
v 2.473057 0.158806 0.278522
v 2.468234 1.003869 0.275806
v 2.467894 1.063425 0.275615
v 0.052983 1.088127 0.297160
v 0.175402 1.124133 0.297119
v -1.593873 1.031454 0.303904
v -1.593870 1.018248 0.303904
v -1.593800 0.744012 0.303896
v -1.593752 0.552890 0.303890
v -1.621736 0.554865 -0.202666
v -1.613479 0.271330 -0.202594
v -1.613479 0.249129 -0.212333
v -1.613479 -0.069420 -0.343637
v -1.613479 -0.091928 -0.530843
v -1.621736 -0.091888 -0.615323
v -1.621736 0.745929 0.126124
v -1.614259 0.744962 0.283214
v -1.621736 1.020314 0.255002
v -1.621736 1.020430 0.134191
v -1.621736 -1.178887 -0.631701
v -1.609844 -1.203450 -0.656260
v -1.589449 -1.223844 -0.656259
v 2.488125 -1.147264 -0.631388
v 2.488125 -1.147262 -0.527231
v 2.488172 -1.155552 -0.527252
v 2.488172 -1.155553 -0.631416
v 2.455521 -1.155552 -0.527252
v 2.488306 -1.178889 -0.343136
v 2.480822 -1.207286 -0.530105
v 2.488306 -1.178889 -0.530070
v 2.480821 -1.207286 -0.614468
v 2.488306 -1.178889 -0.614422
v 2.480821 -1.207286 -0.631540
v 2.488306 -1.178889 -0.631493
v 2.480558 -1.155562 -0.659834
v 2.480690 -1.178889 -0.659915
v 2.460059 -1.228108 -0.614483
v 2.431623 -1.235734 -0.631536
v -1.564885 -1.228118 -0.660124
v 0.052410 -1.228118 -0.660124
v 2.455473 -1.147254 0.125803
v 2.448060 0.145493 0.131285
v 2.480572 0.159428 0.250621
v 2.480573 0.159355 0.131237
v 2.475687 1.004884 0.248235
v 2.475342 1.064468 0.248067
v 0.052050 1.109970 0.280229
v 0.174486 1.145936 0.280153
v -1.614280 1.032546 0.283241
v -1.614279 1.019333 0.283240
v -1.621736 0.746206 -0.202714
v -1.613479 0.554865 -0.202666
v -1.613479 0.271336 -0.212339
v -1.621736 -0.069484 -0.212249
v -1.621736 0.249129 -0.212333
v -1.621736 -0.069420 -0.343637
v -1.613479 -0.069329 -0.530856
v -1.613479 -0.091888 -0.615323
v -1.621736 -0.091880 -0.632418
v -1.621736 1.020437 0.126140
v -1.621736 1.033533 0.255005
v -1.621736 1.033650 0.134192
v 2.480511 -1.147275 -0.659806
v 2.480713 0.145101 -0.523887
v 2.480714 0.145040 -0.627116
v 2.455474 -1.147262 -0.527231
v 2.460059 -1.228108 -0.631556
v 2.459755 -1.155570 -0.680639
v 2.459883 -1.178889 -0.680722
v 2.431625 -1.228112 -0.659996
v -1.564885 -1.207311 -0.680931
v 0.052410 -1.207311 -0.680931
v -1.589449 -1.203450 -0.676655
v 2.448060 0.145489 0.123328
v 2.447922 0.159355 0.131237
v 2.475687 1.004766 0.129559
v 2.466851 1.095898 0.278520
v 2.472161 1.101714 0.259490
v 2.475343 1.064346 0.129441
v 0.051674 1.142046 0.247711
v 0.174111 1.177937 0.247711
v -1.621736 1.020754 -0.202784
v -1.613479 0.746206 -0.202714
v -1.613479 0.554873 -0.212413
v -1.613479 0.271419 -0.343769
v -1.613479 0.249211 -0.343761
v -1.621736 0.249211 -0.343761
v -1.621736 -0.069329 -0.530856
v -1.613479 -0.069288 -0.615337
v -1.613479 -0.091880 -0.632418
v -1.614189 -0.092516 -0.660494
v -1.614120 -1.178887 -0.660124
v -1.621736 1.033657 0.126141
v -1.617664 1.070278 0.265604
v -1.617669 1.070306 0.141939
v -1.593312 -1.178887 -0.680931
v 2.459709 -1.147287 -0.680610
v 2.473191 0.144580 -0.655356
v 2.480575 0.158956 -0.523825
v 2.480576 0.158893 -0.627037
v 2.448062 0.145101 -0.523887
v 2.448062 0.145106 -0.515828
v 2.455474 -1.147262 -0.519100
v 2.488125 -1.147262 -0.519100
v 2.488124 -1.147254 0.125803
v 2.456194 -1.223831 -0.656139
v 2.476531 -1.203427 -0.656108
v 2.431336 -1.155577 -0.688257
v 2.431459 -1.178888 -0.688339
v 2.456126 -1.203432 -0.676513
v 2.431565 -1.207296 -0.680797
v -1.564889 -1.178887 -0.688548
v 0.052410 -1.178887 -0.688548
v 2.480711 0.145489 0.123328
v 2.447922 0.159350 0.123281
v 2.443036 1.004766 0.129559
v 2.472180 1.101658 0.137700
v 2.475343 1.064338 0.121535
v 2.475687 1.004758 0.121650
v 0.051674 1.142045 -0.581244
v 0.174112 1.177937 -0.581350
v -1.579382 1.105638 0.284618
v -1.521132 1.142043 0.247711
v -1.612551 1.064561 0.285458
v -1.621736 1.033975 -0.202787
v -1.613479 1.020754 -0.202784
v -1.613479 0.746214 -0.212463
v -1.621736 0.271336 -0.212339
v -1.621736 0.554873 -0.212413
v -1.621736 0.271419 -0.343769
v -1.613479 0.271537 -0.531048
v -1.613479 0.249328 -0.531036
v -1.621736 0.249328 -0.531036
v -1.621736 -0.069288 -0.615337
v -1.613479 -0.069280 -0.632433
v -1.621736 -0.069280 -0.632433
v -1.614191 -0.069929 -0.660502
v -1.593538 -0.093242 -0.681041
v -1.617669 1.070308 0.133697
v -1.601970 1.096806 0.276527
v -1.602009 1.096770 0.149923
v 2.431293 -1.147296 -0.688228
v 2.452621 0.144089 -0.676046
v 2.473054 0.158425 -0.655273
v 2.475691 1.004115 -0.521621
v 2.475692 1.004012 -0.624222
v 2.447924 0.158956 -0.523825
v 2.447924 0.158961 -0.515768
v 2.480713 0.145106 -0.515828
v -1.565319 -0.093862 -0.688548
v 0.055523 -0.091569 -0.688548
v 2.443036 1.004758 0.121650
v 2.458284 1.128597 0.271049
v 2.458300 1.128588 0.146056
v 2.472181 1.101655 0.129583
v 0.174154 1.174373 -0.608554
v 0.051716 1.138489 -0.608495
v -1.617684 1.070384 -0.202998
v -1.613479 1.033975 -0.202787
v -1.613479 1.020763 -0.212535
v -1.621736 0.746214 -0.212463
v -1.621735 0.271537 -0.531048
v -1.613479 0.271591 -0.615557
v -1.613479 0.249380 -0.615542
v -1.621736 0.249380 -0.615542
v -1.613479 0.249392 -0.632644
v -1.621736 0.249392 -0.632644
v -1.593543 -0.070670 -0.681043
v -1.614211 0.248556 -0.660610
v -1.602011 1.096767 0.141485
v -1.579470 1.105583 0.155837
v 2.424502 0.143698 -0.683656
v 2.452489 0.157925 -0.675961
v 2.468231 1.003248 -0.652341
v 2.475347 1.063678 -0.521466
v 2.475348 1.063573 -0.624023
v 2.443040 1.004115 -0.521621
v 2.443040 1.004123 -0.513612
v 2.479726 -0.577354 -0.169263
v 2.479726 -0.571256 -0.130762
v 2.484821 -0.571256 -0.130762
v 2.484856 -0.577354 -0.169263
v 2.479726 -0.553560 -0.096031
v 2.484720 -0.553560 -0.096031
v 2.479726 -0.525996 -0.068468
v 2.484562 -0.525996 -0.068468
v 2.479726 -0.491265 -0.050771
v 2.484362 -0.491265 -0.050771
v 2.479726 -0.452764 -0.044673
v 2.484142 -0.452764 -0.044673
v 2.479726 -0.414264 -0.050771
v 2.483921 -0.414264 -0.050771
v 2.479726 -0.379532 -0.068468
v 2.483722 -0.379532 -0.068468
v 2.479726 -0.351969 -0.096031
v 2.483564 -0.351969 -0.096031
v 2.479726 -0.334272 -0.130762
v 2.483462 -0.334272 -0.130762
v 2.479726 -0.328174 -0.169263
v 2.483427 -0.328174 -0.169263
v 2.479726 -0.334272 -0.207763
v 2.483462 -0.334272 -0.207763
v 2.479726 -0.351969 -0.242495
v 2.483564 -0.351969 -0.242495
v 2.479726 -0.379532 -0.270058
v 2.483722 -0.379532 -0.270058
v 2.479726 -0.414264 -0.287755
v 2.483921 -0.414264 -0.287755
v 2.479726 -0.452764 -0.293853
v 2.484142 -0.452764 -0.293853
v 2.479726 -0.491265 -0.287755
v 2.484363 -0.491265 -0.287755
v 2.479726 -0.525996 -0.270058
v 2.484562 -0.525996 -0.270058
v 2.479726 -0.553560 -0.242495
v 2.484720 -0.553560 -0.242495
v 2.479726 -0.571256 -0.207763
v 2.484821 -0.571256 -0.207763
v 2.419586 1.061282 -0.680346
v 2.447489 1.061949 -0.672742
v 2.447818 1.002432 -0.672954
v 2.419901 1.001783 -0.680558
v 2.424376 0.157527 -0.683571
v -1.565328 -0.071304 -0.688548
v 0.055587 -0.068962 -0.688548
v -1.565454 0.246787 -0.688548
v 0.056500 0.249801 -0.688548
v -1.565463 0.268957 -0.688548
v 0.056563 0.272018 -0.688548
v -1.565575 0.552029 -0.688548
v 0.057376 0.555688 -0.688548
v -1.565651 0.743056 -0.688548
v 0.057923 0.747119 -0.688548
v -1.565760 1.017155 -0.688548
v 0.058710 1.021797 -0.688548
v -1.565765 1.030355 -0.688548
v 0.058748 1.035025 -0.688548
v 0.055271 1.062539 -0.684906
v 0.177631 1.098750 -0.684900
v 0.181018 1.071583 -0.688548
v 2.480575 0.158961 -0.515768
v 2.480573 0.159350 0.123281
v 2.438004 1.137539 0.152076
v 2.438004 1.137539 0.279374
v 2.458301 1.128587 0.137726
v 2.475347 1.063686 -0.513460
v 2.472281 1.101358 -0.522352
v 2.200997 1.004640 0.004387
v 2.200999 1.004225 -0.411421
v 2.475690 1.004225 -0.411421
v 2.475688 1.004640 0.004387
v 2.475691 1.004123 -0.513612
v 0.174276 1.163915 -0.633969
v 0.051838 1.128059 -0.633921
v -0.117800 1.119388 -0.554117
v -0.066548 1.119388 -0.545999
v -0.066548 1.142045 -0.545999
v -0.117800 1.142045 -0.554117
v -0.020312 1.119388 -0.522441
v -0.020312 1.142045 -0.522441
v 0.016380 1.119388 -0.485748
v 0.016380 1.142045 -0.485748
v 0.039938 1.119388 -0.439513
v 0.039938 1.142045 -0.439513
v 0.048056 1.119388 -0.388261
v 0.048056 1.142045 -0.388261
v 0.039938 1.119388 -0.337008
v 0.039938 1.142045 -0.337008
v 0.016380 1.119388 -0.290773
v 0.016380 1.142045 -0.290773
v -0.020312 1.142045 -0.254080
v -0.020312 1.119388 -0.254080
v -0.066548 1.119388 -0.230522
v -0.066548 1.142045 -0.230522
v -0.117800 1.119388 -0.222405
v -0.117800 1.142045 -0.222405
v -0.169052 1.119388 -0.230522
v -0.169052 1.142045 -0.230522
v -0.215288 1.119388 -0.254080
v -0.215288 1.142045 -0.254080
v -0.251980 1.119388 -0.290773
v -0.251980 1.142045 -0.290773
v -0.275539 1.119388 -0.337008
v -0.275538 1.142045 -0.337008
v -0.283656 1.119388 -0.388261
v -0.283656 1.142045 -0.388261
v -0.275539 1.119388 -0.439513
v -0.275538 1.142045 -0.439513
v -0.251980 1.119388 -0.485748
v -0.251980 1.142045 -0.485748
v -0.215288 1.119388 -0.522441
v -0.215288 1.142045 -0.522441
v -0.169052 1.119388 -0.545999
v -0.169052 1.142045 -0.545999
v 0.342922 1.021214 0.068108
v 0.346577 1.021214 0.054469
v 0.346577 1.177937 0.054469
v 0.342922 1.177937 0.068108
v 0.356562 1.021214 0.044484
v 0.356562 1.177937 0.044484
v 0.370201 1.021214 0.040829
v 0.370201 1.177937 0.040829
v 1.079533 1.021214 0.040829
v 1.079533 1.177937 0.040829
v 1.093172 1.021214 0.044484
v 1.093172 1.177937 0.044484
v 1.103157 1.021214 0.054469
v 1.103157 1.177937 0.054469
v 1.106812 1.021214 0.068108
v 1.106812 1.177937 0.068108
v 1.106812 1.021214 0.122677
v 1.106812 1.177937 0.122677
v 1.103157 1.021214 0.136317
v 1.103157 1.177937 0.136317
v 1.093172 1.021214 0.146302
v 1.093172 1.177937 0.146302
v 1.079533 1.021214 0.149956
v 1.079533 1.177937 0.149956
v 0.370201 1.021214 0.149956
v 0.370201 1.177937 0.149956
v 0.356562 1.021214 0.146302
v 0.356562 1.177937 0.146302
v 0.346577 1.021214 0.136317
v 0.346577 1.177937 0.136317
v 0.342922 1.021214 0.122677
v 0.342922 1.177937 0.122677
v -1.580031 1.105233 -0.662124
v -1.569952 1.111532 -0.655738
v 0.052032 1.111454 -0.655819
v 0.052050 1.109970 -0.657324
v -1.602253 1.096545 -0.654216
v -1.602248 1.096550 -0.636282
v -1.580019 1.105241 -0.643881
v -1.602221 1.096575 -0.547658
v -1.579957 1.105279 -0.553734
v -1.602161 1.096630 -0.351260
v -1.579820 1.105365 -0.353960
v -1.602119 1.096668 -0.213429
v -1.579724 1.105425 -0.213760
v -1.602116 1.096671 -0.203210
v -1.579716 1.105429 -0.203366
v -1.579476 1.105579 0.147255
v -1.544145 1.127661 -0.634084
v -1.526949 1.138408 -0.608320
v 0.019065 1.138489 -0.608495
v 0.019187 1.128059 -0.633921
v -1.617684 1.070387 -0.212979
v -1.621736 1.033985 -0.212539
v -1.613479 1.033985 -0.212539
v -1.621736 1.020763 -0.212535
v -1.621736 0.523004 -0.343866
v -1.621736 0.554948 -0.311910
v -1.621736 0.554960 -0.327895
v -1.621736 0.538988 -0.343873
v -1.621735 0.271591 -0.615557
v -1.613479 0.271602 -0.632658
v -1.621736 0.271602 -0.632658
v -1.593609 0.247602 -0.681075
v -1.614213 0.270754 -0.660618
v 2.467891 1.062787 -0.652134
v 2.472282 1.101354 -0.530572
v 2.472298 1.101306 -0.635865
v 2.479726 -0.573191 -0.169263
v 2.479726 -0.567297 -0.132049
v 2.479726 -0.550191 -0.098478
v 2.479726 -0.523549 -0.071836
v 2.479726 -0.489978 -0.054731
v 2.479726 -0.452764 -0.048837
v 2.479726 -0.415550 -0.054731
v 2.479726 -0.381979 -0.071836
v 2.479726 -0.355337 -0.098478
v 2.479726 -0.338232 -0.132049
v 2.479726 -0.332338 -0.169263
v 2.479726 -0.338232 -0.206477
v 2.479726 -0.355337 -0.240048
v 2.479726 -0.381979 -0.266690
v 2.479726 -0.415550 -0.283795
v 2.479726 -0.452764 -0.289689
v 2.479726 -0.489978 -0.283795
v 2.479726 -0.523549 -0.266690
v 2.479726 -0.550191 -0.240048
v 2.479726 -0.567297 -0.206477
v -1.593613 0.269785 -0.681077
v -1.593672 0.553019 -0.681106
v -1.593712 0.744156 -0.681125
v -1.593769 1.018411 -0.681152
v -1.593771 1.031619 -0.681154
v 0.052983 1.088127 -0.674255
v 0.175402 1.124133 -0.674214
v 2.438004 1.137539 0.143592
v 2.458388 1.128536 -0.531353
v 2.201286 0.957323 -0.373724
v 2.475978 0.957323 -0.373724
v 2.201267 0.957912 -0.025313
v 2.475958 0.957912 -0.025313
v 0.174471 1.147270 -0.655896
v -0.117800 1.119388 -0.550200
v -0.067758 1.119388 -0.542274
v -0.022615 1.119388 -0.519272
v 0.013212 1.119388 -0.483446
v 0.036213 1.119388 -0.438303
v 0.044139 1.119388 -0.388261
v 0.036213 1.119388 -0.338219
v 0.013211 1.119388 -0.293075
v -0.022615 1.119388 -0.257249
v -0.067758 1.119388 -0.234247
v -0.117800 1.119388 -0.226321
v -0.167842 1.119388 -0.234247
v -0.212986 1.119388 -0.257249
v -0.248812 1.119388 -0.293075
v -0.271813 1.119388 -0.338219
v -0.279739 1.119388 -0.388261
v -0.271813 1.119388 -0.438303
v -0.248812 1.119388 -0.483446
v -0.212986 1.119388 -0.519272
v -0.167842 1.119388 -0.542274
v 2.438004 1.137539 -0.537823
v 2.438004 1.137539 -0.546414
v 2.458389 1.128535 -0.539788
v 2.438004 1.137539 -0.656469
v 2.458403 1.128526 -0.647851
v 0.174487 1.145936 -0.657248
v -1.617703 1.070484 -0.643535
v -1.617702 1.070480 -0.626017
v -1.617698 1.070461 -0.539451
v -1.617690 1.070417 -0.347611
v -1.621736 1.034112 -0.344064
v -1.613479 1.034112 -0.344064
v -1.613479 1.020890 -0.344059
v -1.621736 1.020890 -0.344059
v -1.621736 0.708907 -0.343938
v -1.621736 0.746298 -0.312007
v -1.621736 0.746311 -0.327980
v -1.621736 0.723232 -0.346791
v -1.621736 0.592435 -0.343893
v -1.492390 0.708907 -0.343938
v -1.492390 0.592435 -0.343893
v -1.621736 0.578104 -0.346740
v -1.621736 0.557842 -0.367009
v -1.621736 0.555001 -0.381341
v -1.492390 0.555001 -0.381341
v -1.492390 0.555086 -0.493792
v -1.621736 0.555086 -0.493792
v -1.621736 0.523169 -0.531190
v -1.621736 0.557944 -0.508116
v -1.621736 0.539142 -0.531199
v -1.621736 0.555178 -0.615740
v -1.613479 0.555178 -0.615740
v -1.613479 0.555192 -0.632846
v -1.621736 0.555192 -0.632846
v -1.614231 0.554177 -0.660714
v 2.466930 1.095554 -0.655200
v 2.487705 -0.573191 -0.169263
v 2.487705 -0.567297 -0.132049
v 2.487705 -0.550191 -0.098478
v 2.487705 -0.523549 -0.071836
v 2.487705 -0.489978 -0.054731
v 2.487705 -0.452764 -0.048837
v 2.487705 -0.415550 -0.054731
v 2.487705 -0.381979 -0.071836
v 2.487705 -0.355337 -0.098478
v 2.487705 -0.338232 -0.132049
v 2.487705 -0.332338 -0.169263
v 2.487705 -0.338232 -0.206477
v 2.487705 -0.355337 -0.240048
v 2.487705 -0.381979 -0.266690
v 2.487705 -0.415550 -0.283795
v 2.487705 -0.452764 -0.289689
v 2.487705 -0.489978 -0.283795
v 2.487705 -0.523549 -0.266690
v 2.487705 -0.550191 -0.240048
v 2.487705 -0.567297 -0.206477
v -1.614243 0.745441 -0.660780
v -1.614261 1.019880 -0.660873
v -1.614262 1.033097 -0.660878
v -0.117800 1.127613 -0.546666
v -0.068850 1.127613 -0.538913
v -0.024692 1.127613 -0.516413
v 0.010353 1.127613 -0.481369
v 0.032853 1.127613 -0.437211
v 0.040605 1.127613 -0.388261
v 0.032852 1.127613 -0.339311
v 0.010353 1.127613 -0.295152
v -0.024692 1.127613 -0.260108
v -0.068850 1.127613 -0.237608
v -0.117800 1.127613 -0.229855
v -0.166750 1.127613 -0.237608
v -0.210908 1.127613 -0.260108
v -0.245953 1.127613 -0.295152
v -0.268453 1.127613 -0.339311
v -0.276205 1.127613 -0.388261
v -0.268453 1.127613 -0.437211
v -0.245953 1.127613 -0.481369
v -0.210908 1.127613 -0.516413
v -0.166750 1.127613 -0.538913
v -1.621736 1.034375 -0.616048
v -1.621736 1.034392 -0.633162
v -1.621736 1.034293 -0.531479
v -1.613479 1.034293 -0.531479
v -1.613479 1.021070 -0.531471
v -1.621736 1.021070 -0.531471
v -1.621736 0.778271 -0.343965
v -1.621736 0.762298 -0.343959
v -1.621736 0.746325 -0.343953
v -1.621736 0.735377 -0.354905
v -1.492390 0.723232 -0.346791
v -1.492390 0.578104 -0.346740
v -1.621736 0.565956 -0.354858
v -1.621736 0.554972 -0.343879
v -1.492390 0.557842 -0.367009
v -1.492390 0.557944 -0.508116
v -1.621736 0.566062 -0.520259
v -1.621736 0.555114 -0.531208
v -1.621736 0.555126 -0.547181
v -1.621736 0.555138 -0.563154
v -1.621736 0.746553 -0.615863
v -1.613479 0.746553 -0.615863
v -1.613479 0.746568 -0.632972
v -1.621736 0.746568 -0.632972
v 2.490758 -0.572576 -0.169263
v 2.490758 -0.566712 -0.132239
v 2.490758 -0.549694 -0.098839
v 2.490758 -0.523188 -0.072333
v 2.490758 -0.489788 -0.055315
v 2.490758 -0.452764 -0.049451
v 2.490758 -0.415740 -0.055315
v 2.490758 -0.382341 -0.072333
v 2.490758 -0.355835 -0.098839
v 2.490758 -0.338817 -0.132239
v 2.490758 -0.332953 -0.169263
v 2.490758 -0.338817 -0.206287
v 2.490758 -0.355835 -0.239686
v 2.490758 -0.382341 -0.266192
v 2.490758 -0.415740 -0.283210
v 2.490758 -0.452764 -0.289074
v 2.490758 -0.489788 -0.283210
v 2.490758 -0.523188 -0.266192
v 2.490758 -0.549694 -0.239686
v 2.490758 -0.566712 -0.206287
v -1.621736 1.021167 -0.633153
v -0.117800 1.141570 -0.534920
v -0.072480 1.141570 -0.527742
v -0.031596 1.141570 -0.506911
v 0.000850 1.141570 -0.474465
v 0.021681 1.141570 -0.433581
v 0.028859 1.141570 -0.388261
v 0.021681 1.141570 -0.342940
v 0.000850 1.141570 -0.302056
v -0.031596 1.141570 -0.269611
v -0.072480 1.141570 -0.248779
v -0.117800 1.141570 -0.241601
v -0.163120 1.141570 -0.248779
v -0.204004 1.141570 -0.269611
v -0.236450 1.141570 -0.302056
v -0.257281 1.141570 -0.342940
v -0.264459 1.141570 -0.388261
v -0.257281 1.141570 -0.433581
v -0.236450 1.141570 -0.474465
v -0.204004 1.141570 -0.506911
v -0.163120 1.141570 -0.527742
v -1.612586 1.064690 -0.663057
v -1.613479 1.034392 -0.633162
v -1.613479 1.034375 -0.616048
v -1.613479 1.021151 -0.616040
v -1.621736 1.021151 -0.616040
v -1.621736 0.743610 -0.508182
v -1.621736 0.746451 -0.493849
v -1.621736 0.778453 -0.531334
v -1.621736 0.762468 -0.531325
v -1.621736 0.746356 -0.381371
v -1.492390 0.746451 -0.493849
v -1.492390 0.746356 -0.381371
v -1.621736 0.743497 -0.367047
v -1.492390 0.735377 -0.354905
v -1.621736 0.709015 -0.531295
v -1.492390 0.709015 -0.531295
v -1.492390 0.723347 -0.528450
v -1.621736 0.723347 -0.528450
v -1.621736 0.592530 -0.531229
v -1.492390 0.592530 -0.531229
v -1.621736 0.578206 -0.528374
v -1.492390 0.578206 -0.528374
v -1.492390 0.566062 -0.520259
v -1.492390 0.565956 -0.354858
v -1.492390 0.743497 -0.367047
v -1.492390 0.743610 -0.508182
v -1.621736 0.735496 -0.520333
v -1.492390 0.735496 -0.520333
v -1.621736 0.746496 -0.547302
v -1.621736 0.746509 -0.563287
v -1.613479 1.021167 -0.633153
v 2.493346 -0.570825 -0.169263
v 2.493346 -0.565047 -0.132780
v 2.493346 -0.548277 -0.099869
v 2.493346 -0.522159 -0.073750
v 2.493346 -0.489247 -0.056980
v 2.493346 -0.452764 -0.051202
v 2.493346 -0.416281 -0.056980
v 2.493346 -0.383370 -0.073750
v 2.493346 -0.357251 -0.099869
v 2.493346 -0.340482 -0.132780
v 2.493346 -0.334703 -0.169263
v 2.493346 -0.340482 -0.205746
v 2.493346 -0.357251 -0.238657
v 2.493346 -0.383370 -0.264776
v 2.493346 -0.416281 -0.281545
v 2.493346 -0.452764 -0.287324
v 2.493346 -0.489247 -0.281545
v 2.493346 -0.522159 -0.264776
v 2.493346 -0.548277 -0.238657
v 2.493346 -0.565047 -0.205746
v -0.117800 1.146797 -0.517323
v -0.077918 1.146797 -0.511006
v -0.041939 1.146797 -0.492674
v -0.013386 1.146797 -0.464122
v 0.004946 1.146797 -0.428143
v 0.011262 1.146797 -0.388261
v 0.004945 1.146797 -0.348378
v -0.013386 1.146797 -0.312400
v -0.041939 1.146797 -0.283847
v -0.077918 1.146797 -0.265515
v -0.117800 1.146797 -0.259198
v -0.157683 1.146797 -0.265515
v -0.193661 1.146797 -0.283847
v -0.222214 1.146797 -0.312400
v -0.240546 1.146797 -0.348378
v -0.246862 1.146797 -0.388261
v -0.240546 1.146797 -0.428143
v -0.222214 1.146797 -0.464122
v -0.193661 1.146797 -0.492674
v -0.157683 1.146797 -0.511006
v -1.621736 0.746482 -0.531316
v 2.495075 -0.568205 -0.169263
v 2.495075 -0.562555 -0.133590
v 2.495075 -0.546158 -0.101409
v 2.495075 -0.520618 -0.075870
v 2.495075 -0.488437 -0.059472
v 2.495075 -0.452764 -0.053822
v 2.495075 -0.417091 -0.059472
v 2.495075 -0.384910 -0.075870
v 2.495075 -0.359371 -0.101409
v 2.495075 -0.342974 -0.133590
v 2.495075 -0.337324 -0.169263
v 2.495075 -0.342974 -0.204936
v 2.495075 -0.359371 -0.237117
v 2.495075 -0.384910 -0.262656
v 2.495075 -0.417091 -0.279053
v 2.495075 -0.452764 -0.284703
v 2.495075 -0.488437 -0.279053
v 2.495075 -0.520618 -0.262656
v 2.495075 -0.546158 -0.237117
v 2.495075 -0.562555 -0.204936
v 2.495682 -0.565114 -0.169263
v 2.495682 -0.559615 -0.134545
v 2.495682 -0.543657 -0.103225
v 2.495682 -0.518802 -0.078370
v 2.495682 -0.487482 -0.062412
v 2.495682 -0.452764 -0.056913
v 2.495682 -0.418046 -0.062412
v 2.495682 -0.386727 -0.078370
v 2.495682 -0.361871 -0.103225
v 2.495682 -0.345913 -0.134545
v 2.495682 -0.340415 -0.169263
v 2.495682 -0.345913 -0.203981
v 2.495682 -0.361871 -0.235300
v 2.495682 -0.386727 -0.260156
v 2.495682 -0.418046 -0.276114
v 2.495682 -0.452764 -0.281612
v 2.495682 -0.487482 -0.276114
v 2.495682 -0.518802 -0.260156
v 2.495682 -0.543657 -0.235300
v 2.495682 -0.559615 -0.203981
v -0.024822 -1.235734 -0.289428
v -0.000495 -1.235734 -0.241682
v -0.000495 -0.888368 -0.241682
v -0.024822 -0.888368 -0.289428
v -0.062713 -1.235734 -0.327319
v -0.062713 -0.888368 -0.327319
v -0.000495 -1.235734 -0.135829
v -0.000495 -0.888368 -0.135829
v 0.007888 -0.888368 -0.188756
v 0.007888 -1.235734 -0.188756
v -0.163386 -1.235734 -0.360029
v -0.110459 -1.235734 -0.351647
v -0.110459 -0.888368 -0.351647
v -0.163386 -0.888368 -0.360029
v -0.024822 -1.235734 -0.088084
v -0.024822 -0.888368 -0.088084
v -0.216312 -1.235734 -0.351647
v -0.216312 -0.888368 -0.351647
v -0.062713 -1.235734 -0.050193
v -0.062713 -0.888368 -0.050193
v -0.110459 -1.235734 -0.025865
v -0.110459 -0.888368 -0.025865
v -0.301949 -1.235734 -0.289428
v -0.264058 -1.235734 -0.327319
v -0.264058 -0.888368 -0.327319
v -0.301949 -0.888368 -0.289428
v -0.163386 -1.235734 -0.017482
v -0.163386 -0.888368 -0.017482
v -0.326276 -1.235734 -0.241682
v -0.326276 -0.888368 -0.241682
v -0.216312 -1.235734 -0.025865
v -0.216312 -0.888368 -0.025865
v -0.264058 -1.235734 -0.050193
v -0.264058 -0.888368 -0.050193
v -0.334659 -1.235734 -0.188756
v -0.334659 -0.888368 -0.188756
v -0.326276 -0.888368 -0.135829
v -0.326276 -1.235734 -0.135829
v -0.301949 -1.235734 -0.088084
v -0.301949 -0.888368 -0.088084
v 2.427009 1.099501 0.300878
v 2.448416 1.095156 0.295613
v -1.571342 1.068155 0.308305
v -1.576256 1.095672 0.298428
v 2.433780 1.127471 0.292039
v -1.593589 1.063854 0.303180
v 2.452487 1.122558 0.285326
v 2.388031 1.177937 0.247711
v -1.596580 1.090829 0.291857
v 2.388031 1.177937 -0.580100
v 2.393272 1.173701 -0.607233
v 2.427009 1.099501 -0.677973
v -1.576717 1.095302 -0.675787
v -1.596822 1.090569 -0.669322
v 2.448466 1.095001 -0.672593
v 2.433780 1.127471 -0.669134
v -1.571482 1.067858 -0.685518
v 2.408613 1.161299 -0.632363
v 2.452549 1.122491 -0.662257
v 2.431558 1.142751 -0.652384
v -1.593647 1.063760 -0.680472
v -0.163386 -0.888368 -0.188756
v 2.495682 -0.452764 -0.169263
v -0.117800 1.146797 -0.388261
v -0.232874 -1.235734 -0.343208
v -0.093897 -1.235734 -0.343208
v -1.521132 1.142043 -0.581359
v 2.525419 -0.898848 -0.311325
v 2.525419 -0.888950 -0.306281
v 2.525419 -0.909820 -0.277556
v 2.525419 -0.881094 -0.298426
v 2.525419 -0.876051 -0.288528
v 2.525419 -0.874313 -0.277556
v 2.525419 -0.876051 -0.266584
v 2.525419 -0.881094 -0.256686
v 2.525419 -0.888950 -0.248831
v 2.525419 -0.898848 -0.243787
v 2.525419 -0.909820 -0.242049
v 2.525419 -0.920792 -0.243787
v 2.525419 -0.930690 -0.248831
v 2.525419 -0.938545 -0.256686
v 2.525419 -0.943589 -0.266584
v 2.525419 -0.945327 -0.277556
v 2.525419 -0.943589 -0.288528
v 2.525419 -0.938545 -0.298426
v 2.525419 -0.930690 -0.306281
v 2.525419 -0.920792 -0.311325
v 2.525419 -0.909820 -0.313062
v 2.524276 -0.896945 -0.317182
v 2.524276 -0.909820 -0.319221
v 2.521021 -0.895331 -0.322147
v 2.521021 -0.909820 -0.324442
v 2.510403 -0.893875 -0.326629
v 2.516150 -0.894253 -0.325464
v 2.516150 -0.909820 -0.327930
v 2.510403 -0.909820 -0.329155
v 2.524276 -0.885330 -0.311264
v 2.521021 -0.882261 -0.315487
v 2.516150 -0.880211 -0.318309
v 2.510403 -0.879491 -0.319300
v 2.524276 -0.876112 -0.302046
v 2.521021 -0.871889 -0.305115
v 2.516150 -0.869066 -0.307165
v 2.510403 -0.868075 -0.307885
v 2.524276 -0.870194 -0.290431
v 2.521021 -0.865229 -0.292044
v 2.516150 -0.861911 -0.293122
v 2.510403 -0.860746 -0.293501
v 2.524276 -0.868155 -0.277556
v 2.521021 -0.862934 -0.277556
v 2.516150 -0.859446 -0.277556
v 2.510403 -0.858221 -0.277556
v 2.524276 -0.870194 -0.264681
v 2.521021 -0.865229 -0.263067
v 2.516150 -0.861911 -0.261989
v 2.510403 -0.860746 -0.261611
v 2.524276 -0.876112 -0.253066
v 2.521021 -0.871889 -0.249997
v 2.516150 -0.869066 -0.247947
v 2.510403 -0.868075 -0.247227
v 2.524276 -0.885330 -0.243848
v 2.521021 -0.882261 -0.239625
v 2.516150 -0.880211 -0.236802
v 2.510403 -0.879491 -0.235811
v 2.524276 -0.896945 -0.237930
v 2.521021 -0.895331 -0.232965
v 2.516150 -0.894253 -0.229647
v 2.510403 -0.893875 -0.228482
v 2.524276 -0.909820 -0.235891
v 2.521021 -0.909820 -0.230670
v 2.516150 -0.909820 -0.227182
v 2.510403 -0.909820 -0.225957
v 2.524276 -0.922695 -0.237930
v 2.521021 -0.924308 -0.232965
v 2.516150 -0.925386 -0.229647
v 2.510403 -0.925765 -0.228482
v 2.524276 -0.934310 -0.243848
v 2.521021 -0.937379 -0.239625
v 2.516150 -0.939429 -0.236802
v 2.510403 -0.940149 -0.235811
v 2.524276 -0.943528 -0.253066
v 2.521021 -0.947751 -0.249997
v 2.516150 -0.950573 -0.247947
v 2.510403 -0.951564 -0.247227
v 2.524276 -0.949446 -0.264681
v 2.521021 -0.954411 -0.263067
v 2.516150 -0.957729 -0.261989
v 2.510403 -0.958893 -0.261611
v 2.524276 -0.951485 -0.277556
v 2.521021 -0.956706 -0.277556
v 2.516150 -0.960194 -0.277556
v 2.510403 -0.961419 -0.277556
v 2.524276 -0.949446 -0.290431
v 2.521021 -0.954411 -0.292044
v 2.516150 -0.957729 -0.293122
v 2.510403 -0.958893 -0.293501
v 2.524276 -0.943528 -0.302046
v 2.521021 -0.947751 -0.305115
v 2.516150 -0.950573 -0.307165
v 2.510403 -0.951564 -0.307885
v 2.524276 -0.934310 -0.311264
v 2.521021 -0.937379 -0.315487
v 2.516150 -0.939429 -0.318309
v 2.510403 -0.940149 -0.319300
v 2.524276 -0.922695 -0.317182
v 2.521021 -0.924308 -0.322147
v 2.516150 -0.925386 -0.325464
v 2.510403 -0.925765 -0.326629
v -1.635606 0.907380 -0.489885
v -1.635606 0.913893 -0.493203
v -1.635606 0.900162 -0.512102
v -1.635606 0.919060 -0.498371
v -1.635606 0.922379 -0.504884
v -1.635606 0.923522 -0.512102
v -1.635606 0.922379 -0.519321
v -1.635606 0.919060 -0.525833
v -1.635606 0.913893 -0.531001
v -1.635606 0.907380 -0.534319
v -1.635606 0.900162 -0.535462
v -1.635606 0.892943 -0.534319
v -1.635606 0.886431 -0.531001
v -1.635606 0.881263 -0.525833
v -1.635606 0.877945 -0.519321
v -1.635606 0.876802 -0.512102
v -1.635606 0.877945 -0.504884
v -1.635606 0.881263 -0.498371
v -1.635606 0.886431 -0.493203
v -1.635606 0.892943 -0.489885
v -1.635606 0.900162 -0.488742
v -1.634463 0.908632 -0.486032
v -1.634463 0.900162 -0.484690
v -1.631208 0.909694 -0.482765
v -1.631208 0.900162 -0.481256
v -1.620589 0.910652 -0.479816
v -1.626336 0.910403 -0.480583
v -1.626336 0.900162 -0.478961
v -1.620589 0.900162 -0.478155
v -1.634463 0.916274 -0.489926
v -1.631208 0.918293 -0.487147
v -1.626336 0.919642 -0.485290
v -1.620589 0.920116 -0.484638
v -1.634463 0.922338 -0.495990
v -1.631208 0.925117 -0.493971
v -1.626336 0.926974 -0.492622
v -1.620589 0.927626 -0.492148
v -1.634463 0.926232 -0.503631
v -1.631208 0.929498 -0.502570
v -1.626336 0.931681 -0.501861
v -1.620589 0.932448 -0.501612
v -1.634463 0.927573 -0.512102
v -1.631208 0.931008 -0.512102
v -1.626336 0.933303 -0.512102
v -1.620589 0.934109 -0.512102
v -1.634463 0.926232 -0.520573
v -1.631208 0.929498 -0.521634
v -1.626336 0.931681 -0.522344
v -1.620589 0.932448 -0.522593
v -1.634463 0.922338 -0.528214
v -1.631208 0.925117 -0.530233
v -1.626336 0.926974 -0.531582
v -1.620589 0.927626 -0.532056
v -1.634463 0.916274 -0.534279
v -1.631208 0.918293 -0.537058
v -1.626336 0.919642 -0.538914
v -1.620589 0.920116 -0.539566
v -1.634463 0.908632 -0.538172
v -1.631208 0.909694 -0.541439
v -1.626336 0.910403 -0.543622
v -1.620589 0.910652 -0.544388
v -1.634463 0.900162 -0.539514
v -1.631208 0.900162 -0.542949
v -1.626336 0.900162 -0.545244
v -1.620589 0.900162 -0.546050
v -1.634463 0.891691 -0.538172
v -1.631208 0.890630 -0.541439
v -1.626336 0.889920 -0.543622
v -1.620589 0.889671 -0.544388
v -1.634463 0.884049 -0.534279
v -1.631208 0.882031 -0.537058
v -1.626336 0.880682 -0.538914
v -1.620589 0.880208 -0.539566
v -1.634463 0.877985 -0.528214
v -1.631208 0.875206 -0.530233
v -1.626336 0.873350 -0.531582
v -1.620589 0.872698 -0.532056
v -1.634463 0.874092 -0.520573
v -1.631208 0.870825 -0.521634
v -1.626336 0.868642 -0.522344
v -1.620589 0.867876 -0.522593
v -1.634463 0.872750 -0.512102
v -1.631208 0.869315 -0.512102
v -1.626336 0.867020 -0.512102
v -1.620589 0.866214 -0.512102
v -1.634463 0.874092 -0.503631
v -1.631208 0.870825 -0.502570
v -1.626336 0.868642 -0.501861
v -1.620589 0.867876 -0.501612
v -1.634463 0.877985 -0.495990
v -1.631208 0.875206 -0.493971
v -1.626336 0.873350 -0.492622
v -1.620589 0.872698 -0.492148
v -1.634463 0.884049 -0.489926
v -1.631208 0.882031 -0.487147
v -1.626336 0.880682 -0.485290
v -1.620589 0.880208 -0.484638
v -1.634463 0.891691 -0.486032
v -1.631208 0.890630 -0.482765
v -1.626336 0.889920 -0.480583
v -1.620589 0.889671 -0.479816
v -1.634661 -0.515016 -0.489885
v -1.634661 -0.508504 -0.493203
v -1.634661 -0.522234 -0.512102
v -1.634661 -0.503336 -0.498371
v -1.634661 -0.500018 -0.504884
v -1.634661 -0.498874 -0.512102
v -1.634661 -0.500018 -0.519321
v -1.634661 -0.503336 -0.525833
v -1.634661 -0.508504 -0.531001
v -1.634661 -0.515016 -0.534319
v -1.634661 -0.522234 -0.535462
v -1.634661 -0.529453 -0.534319
v -1.634661 -0.535965 -0.531001
v -1.634661 -0.541133 -0.525833
v -1.634661 -0.544451 -0.519321
v -1.634661 -0.545594 -0.512102
v -1.634661 -0.544451 -0.504884
v -1.634661 -0.541133 -0.498371
v -1.634661 -0.535965 -0.493203
v -1.634661 -0.529453 -0.489885
v -1.634661 -0.522234 -0.488742
v -1.633518 -0.513764 -0.486032
v -1.633518 -0.522234 -0.484690
v -1.630264 -0.512702 -0.482765
v -1.630264 -0.522234 -0.481256
v -1.619645 -0.511744 -0.479816
v -1.625392 -0.511993 -0.480583
v -1.625392 -0.522234 -0.478961
v -1.619645 -0.522234 -0.478155
v -1.633518 -0.506122 -0.489926
v -1.630264 -0.504103 -0.487147
v -1.625392 -0.502754 -0.485290
v -1.619645 -0.502281 -0.484638
v -1.633518 -0.500058 -0.495990
v -1.630264 -0.497279 -0.493971
v -1.625392 -0.495422 -0.492622
v -1.619645 -0.494770 -0.492148
v -1.633518 -0.496164 -0.503631
v -1.630264 -0.492898 -0.502570
v -1.625392 -0.490715 -0.501861
v -1.619645 -0.489948 -0.501612
v -1.633518 -0.494823 -0.512102
v -1.630264 -0.491388 -0.512102
v -1.625392 -0.489093 -0.512102
v -1.619645 -0.488287 -0.512102
v -1.633518 -0.496164 -0.520573
v -1.630264 -0.492898 -0.521634
v -1.625392 -0.490715 -0.522344
v -1.619645 -0.489948 -0.522593
v -1.633518 -0.500058 -0.528214
v -1.630264 -0.497279 -0.530233
v -1.625392 -0.495422 -0.531582
v -1.619645 -0.494770 -0.532056
v -1.633518 -0.506122 -0.534279
v -1.630264 -0.504103 -0.537058
v -1.625392 -0.502754 -0.538914
v -1.619645 -0.502281 -0.539566
v -1.633518 -0.513764 -0.538172
v -1.630264 -0.512702 -0.541439
v -1.625392 -0.511993 -0.543622
v -1.619645 -0.511744 -0.544388
v -1.633518 -0.522234 -0.539514
v -1.630264 -0.522234 -0.542949
v -1.625392 -0.522234 -0.545244
v -1.619645 -0.522234 -0.546050
v -1.633518 -0.530705 -0.538172
v -1.630264 -0.531766 -0.541439
v -1.625392 -0.532476 -0.543622
v -1.619645 -0.532725 -0.544388
v -1.633518 -0.538347 -0.534279
v -1.630264 -0.540365 -0.537058
v -1.625392 -0.541714 -0.538914
v -1.619645 -0.542188 -0.539566
v -1.633518 -0.544411 -0.528214
v -1.630264 -0.547190 -0.530233
v -1.625392 -0.549046 -0.531582
v -1.619645 -0.549698 -0.532056
v -1.633518 -0.548304 -0.520573
v -1.630264 -0.551571 -0.521634
v -1.625392 -0.553754 -0.522344
v -1.619645 -0.554520 -0.522593
v -1.633518 -0.549646 -0.512102
v -1.630264 -0.553081 -0.512102
v -1.625392 -0.555376 -0.512102
v -1.619645 -0.556182 -0.512102
v -1.633518 -0.548304 -0.503631
v -1.630264 -0.551571 -0.502570
v -1.625392 -0.553754 -0.501861
v -1.619645 -0.554520 -0.501612
v -1.633518 -0.544411 -0.495990
v -1.630264 -0.547190 -0.493971
v -1.625392 -0.549046 -0.492622
v -1.619645 -0.549698 -0.492148
v -1.633518 -0.538346 -0.489926
v -1.630264 -0.540365 -0.487147
v -1.625392 -0.541714 -0.485290
v -1.619645 -0.542188 -0.484638
v -1.633518 -0.530705 -0.486032
v -1.630264 -0.531766 -0.482765
v -1.625392 -0.532476 -0.480583
v -1.619645 -0.532725 -0.479816
v -0.175577 -1.250220 0.109076
v -0.170812 -1.250220 0.099725
v -0.143675 -1.250220 0.119441
v -0.163391 -1.250220 0.092304
v -0.154040 -1.250220 0.087539
v -0.143675 -1.250220 0.085898
v -0.133309 -1.250220 0.087539
v -0.123958 -1.250220 0.092304
v -0.116538 -1.250220 0.099725
v -0.111773 -1.250220 0.109076
v -0.110131 -1.250220 0.119441
v -0.111773 -1.250220 0.129807
v -0.116538 -1.250220 0.139157
v -0.123959 -1.250220 0.146578
v -0.133309 -1.250220 0.151343
v -0.143675 -1.250220 0.152984
v -0.154040 -1.250220 0.151343
v -0.163391 -1.250220 0.146578
v -0.170812 -1.250220 0.139157
v -0.175576 -1.250220 0.129807
v -0.177218 -1.250220 0.119441
v -0.181110 -1.249077 0.107278
v -0.183036 -1.249077 0.119441
v -0.185800 -1.245822 0.105754
v -0.187968 -1.245822 0.119441
v -0.190035 -1.235203 0.104378
v -0.188934 -1.240950 0.104735
v -0.191264 -1.240950 0.119441
v -0.192421 -1.235203 0.119441
v -0.175519 -1.249077 0.096305
v -0.179509 -1.245822 0.093406
v -0.182175 -1.240950 0.091469
v -0.183111 -1.235203 0.090789
v -0.166811 -1.249077 0.087597
v -0.169710 -1.245822 0.083607
v -0.171647 -1.240950 0.080941
v -0.172327 -1.235203 0.080005
v -0.155838 -1.249077 0.082006
v -0.157362 -1.245822 0.077316
v -0.158381 -1.240950 0.074181
v -0.158738 -1.235203 0.073081
v -0.143675 -1.249077 0.080080
v -0.143675 -1.245822 0.075148
v -0.143675 -1.240950 0.071852
v -0.143675 -1.235203 0.070695
v -0.131512 -1.249077 0.082006
v -0.129987 -1.245822 0.077316
v -0.128969 -1.240950 0.074181
v -0.128611 -1.235203 0.073081
v -0.120539 -1.249077 0.087597
v -0.117640 -1.245822 0.083607
v -0.115703 -1.240950 0.080941
v -0.115023 -1.235203 0.080005
v -0.111831 -1.249077 0.096305
v -0.107841 -1.245822 0.093406
v -0.105175 -1.240950 0.091469
v -0.104238 -1.235203 0.090789
v -0.106240 -1.249077 0.107278
v -0.101549 -1.245822 0.105754
v -0.098415 -1.240950 0.104735
v -0.097315 -1.235203 0.104378
v -0.104314 -1.249077 0.119441
v -0.099382 -1.245822 0.119441
v -0.096086 -1.240950 0.119441
v -0.094929 -1.235203 0.119441
v -0.106240 -1.249077 0.131604
v -0.101549 -1.245822 0.133128
v -0.098415 -1.240950 0.134147
v -0.097315 -1.235203 0.134504
v -0.111831 -1.249077 0.142577
v -0.107841 -1.245822 0.145476
v -0.105175 -1.240950 0.147413
v -0.104238 -1.235203 0.148093
v -0.120539 -1.249077 0.151285
v -0.117640 -1.245822 0.155275
v -0.115703 -1.240950 0.157941
v -0.115023 -1.235203 0.158877
v -0.131512 -1.249077 0.156876
v -0.129987 -1.245822 0.161566
v -0.128969 -1.240950 0.164701
v -0.128611 -1.235203 0.165801
v -0.143675 -1.249077 0.158802
v -0.143675 -1.245822 0.163734
v -0.143675 -1.240950 0.167030
v -0.143675 -1.235203 0.168187
v -0.155838 -1.249077 0.156876
v -0.157362 -1.245822 0.161566
v -0.158381 -1.240950 0.164701
v -0.158738 -1.235203 0.165801
v -0.166811 -1.249077 0.151285
v -0.169710 -1.245822 0.155275
v -0.171647 -1.240950 0.157941
v -0.172327 -1.235203 0.158877
v -0.175519 -1.249077 0.142577
v -0.179509 -1.245822 0.145476
v -0.182175 -1.240950 0.147413
v -0.183111 -1.235203 0.148093
v -0.181110 -1.249077 0.131604
v -0.185800 -1.245822 0.133128
v -0.188934 -1.240950 0.134147
v -0.190035 -1.235203 0.134504
v 0.046990 -1.250220 -0.023493
v 0.051754 -1.250220 -0.032844
v 0.078891 -1.250220 -0.013128
v 0.059175 -1.250220 -0.040265
v 0.068526 -1.250220 -0.045029
v 0.078891 -1.250220 -0.046671
v 0.089257 -1.250220 -0.045029
v 0.098608 -1.250220 -0.040265
v 0.106028 -1.250220 -0.032844
v 0.110793 -1.250220 -0.023493
v 0.112435 -1.250220 -0.013128
v 0.110793 -1.250220 -0.002762
v 0.106028 -1.250220 0.006589
v 0.098607 -1.250220 0.014009
v 0.089257 -1.250220 0.018774
v 0.078891 -1.250220 0.020416
v 0.068526 -1.250220 0.018774
v 0.059175 -1.250220 0.014009
v 0.051754 -1.250220 0.006589
v 0.046990 -1.250220 -0.002762
v 0.045348 -1.250220 -0.013128
v 0.041457 -1.249077 -0.025291
v 0.039530 -1.249077 -0.013128
v 0.036766 -1.245822 -0.026815
v 0.034598 -1.245822 -0.013128
v 0.032531 -1.235203 -0.028191
v 0.033632 -1.240950 -0.027834
v 0.031302 -1.240950 -0.013128
v 0.030145 -1.235203 -0.013128
v 0.047047 -1.249077 -0.036264
v 0.043057 -1.245822 -0.039163
v 0.040391 -1.240950 -0.041100
v 0.039455 -1.235203 -0.041780
v 0.055755 -1.249077 -0.044972
v 0.052856 -1.245822 -0.048962
v 0.050919 -1.240950 -0.051628
v 0.050239 -1.235203 -0.052564
v 0.066728 -1.249077 -0.050563
v 0.065204 -1.245822 -0.055253
v 0.064185 -1.240950 -0.058387
v 0.063828 -1.235203 -0.059488
v 0.078891 -1.249077 -0.052489
v 0.078891 -1.245822 -0.057421
v 0.078891 -1.240950 -0.060717
v 0.078891 -1.235203 -0.061874
v 0.091055 -1.249077 -0.050563
v 0.092579 -1.245822 -0.055253
v 0.093597 -1.240950 -0.058387
v 0.093955 -1.235203 -0.059488
v 0.102027 -1.249077 -0.044972
v 0.104926 -1.245822 -0.048962
v 0.106863 -1.240950 -0.051628
v 0.107543 -1.235203 -0.052564
v 0.110735 -1.249077 -0.036264
v 0.114725 -1.245822 -0.039163
v 0.117391 -1.240950 -0.041100
v 0.118328 -1.235203 -0.041780
v 0.116326 -1.249077 -0.025291
v 0.121017 -1.245822 -0.026815
v 0.124151 -1.240950 -0.027834
v 0.125252 -1.235203 -0.028191
v 0.118252 -1.249077 -0.013128
v 0.123185 -1.245822 -0.013128
v 0.126480 -1.240950 -0.013128
v 0.127637 -1.235203 -0.013128
v 0.116326 -1.249077 -0.000964
v 0.121017 -1.245822 0.000560
v 0.124151 -1.240950 0.001578
v 0.125252 -1.235203 0.001936
v 0.110735 -1.249077 0.010008
v 0.114725 -1.245822 0.012907
v 0.117391 -1.240950 0.014844
v 0.118328 -1.235203 0.015524
v 0.102027 -1.249077 0.018716
v 0.104926 -1.245822 0.022706
v 0.106863 -1.240950 0.025372
v 0.107543 -1.235203 0.026309
v 0.091055 -1.249077 0.024307
v 0.092579 -1.245822 0.028998
v 0.093597 -1.240950 0.032132
v 0.093955 -1.235203 0.033233
v 0.078891 -1.249077 0.026233
v 0.078891 -1.245822 0.031166
v 0.078891 -1.240950 0.034461
v 0.078891 -1.235203 0.035618
v 0.066728 -1.249077 0.024307
v 0.065204 -1.245822 0.028998
v 0.064185 -1.240950 0.032132
v 0.063828 -1.235203 0.033232
v 0.055755 -1.249077 0.018716
v 0.052856 -1.245822 0.022706
v 0.050919 -1.240950 0.025372
v 0.050239 -1.235203 0.026309
v 0.047047 -1.249077 0.010008
v 0.043057 -1.245822 0.012907
v 0.040391 -1.240950 0.014844
v 0.039455 -1.235203 0.015524
v 0.041457 -1.249077 -0.000964
v 0.036766 -1.245822 0.000560
v 0.033632 -1.240950 0.001578
v 0.032531 -1.235203 0.001936
v 0.046990 -1.250220 -0.353291
v 0.051754 -1.250220 -0.362641
v 0.078891 -1.250220 -0.342925
v 0.059175 -1.250220 -0.370062
v 0.068526 -1.250220 -0.374827
v 0.078891 -1.250220 -0.376468
v 0.089257 -1.250220 -0.374827
v 0.098608 -1.250220 -0.370062
v 0.106028 -1.250220 -0.362641
v 0.110793 -1.250220 -0.353291
v 0.112435 -1.250220 -0.342925
v 0.110793 -1.250220 -0.332560
v 0.106028 -1.250220 -0.323209
v 0.098607 -1.250220 -0.315788
v 0.089257 -1.250220 -0.311023
v 0.078891 -1.250220 -0.309382
v 0.068526 -1.250220 -0.311023
v 0.059175 -1.250220 -0.315788
v 0.051754 -1.250220 -0.323209
v 0.046990 -1.250220 -0.332560
v 0.045348 -1.250220 -0.342925
v 0.041457 -1.249077 -0.355088
v 0.039530 -1.249077 -0.342925
v 0.036766 -1.245822 -0.356612
v 0.034598 -1.245822 -0.342925
v 0.032531 -1.235203 -0.357988
v 0.033632 -1.240950 -0.357631
v 0.031302 -1.240950 -0.342925
v 0.030145 -1.235203 -0.342925
v 0.047047 -1.249077 -0.366061
v 0.043057 -1.245822 -0.368960
v 0.040391 -1.240950 -0.370897
v 0.039455 -1.235203 -0.371577
v 0.055755 -1.249077 -0.374769
v 0.052856 -1.245822 -0.378759
v 0.050919 -1.240950 -0.381425
v 0.050239 -1.235203 -0.382361
v 0.066728 -1.249077 -0.380360
v 0.065204 -1.245822 -0.385051
v 0.064185 -1.240950 -0.388185
v 0.063828 -1.235203 -0.389285
v 0.078891 -1.249077 -0.382286
v 0.078891 -1.245822 -0.387218
v 0.078891 -1.240950 -0.390514
v 0.078891 -1.235203 -0.391671
v 0.091055 -1.249077 -0.380360
v 0.092579 -1.245822 -0.385051
v 0.093597 -1.240950 -0.388185
v 0.093955 -1.235203 -0.389285
v 0.102027 -1.249077 -0.374769
v 0.104926 -1.245822 -0.378759
v 0.106863 -1.240950 -0.381425
v 0.107543 -1.235203 -0.382361
v 0.110735 -1.249077 -0.366061
v 0.114725 -1.245822 -0.368960
v 0.117391 -1.240950 -0.370897
v 0.118328 -1.235203 -0.371577
v 0.116326 -1.249077 -0.355088
v 0.121017 -1.245822 -0.356612
v 0.124151 -1.240950 -0.357631
v 0.125252 -1.235203 -0.357988
v 0.118252 -1.249077 -0.342925
v 0.123185 -1.245822 -0.342925
v 0.126480 -1.240950 -0.342925
v 0.127637 -1.235203 -0.342925
v 0.116326 -1.249077 -0.330762
v 0.121017 -1.245822 -0.329238
v 0.124151 -1.240950 -0.328219
v 0.125252 -1.235203 -0.327862
v 0.110735 -1.249077 -0.319789
v 0.114725 -1.245822 -0.316890
v 0.117391 -1.240950 -0.314953
v 0.118328 -1.235203 -0.314273
v 0.102027 -1.249077 -0.311081
v 0.104926 -1.245822 -0.307091
v 0.106863 -1.240950 -0.304425
v 0.107543 -1.235203 -0.303489
v 0.091055 -1.249077 -0.305490
v 0.092579 -1.245822 -0.300800
v 0.093597 -1.240950 -0.297665
v 0.093955 -1.235203 -0.296565
v 0.078891 -1.249077 -0.303564
v 0.078891 -1.245822 -0.298632
v 0.078891 -1.240950 -0.295336
v 0.078891 -1.235203 -0.294179
v 0.066728 -1.249077 -0.305490
v 0.065204 -1.245822 -0.300800
v 0.064185 -1.240950 -0.297665
v 0.063828 -1.235203 -0.296565
v 0.055755 -1.249077 -0.311081
v 0.052856 -1.245822 -0.307091
v 0.050919 -1.240950 -0.304425
v 0.050239 -1.235203 -0.303489
v 0.047047 -1.249077 -0.319789
v 0.043057 -1.245822 -0.316890
v 0.040391 -1.240950 -0.314953
v 0.039455 -1.235203 -0.314273
v 0.041457 -1.249077 -0.330762
v 0.036766 -1.245822 -0.329238
v 0.033632 -1.240950 -0.328219
v 0.032531 -1.235203 -0.327862
v -0.174975 -1.250220 -0.495157
v -0.170210 -1.250220 -0.504508
v -0.143073 -1.250220 -0.484791
v -0.162790 -1.250220 -0.511928
v -0.153439 -1.250220 -0.516693
v -0.143073 -1.250220 -0.518335
v -0.132708 -1.250220 -0.516693
v -0.123357 -1.250220 -0.511928
v -0.115936 -1.250220 -0.504508
v -0.111172 -1.250220 -0.495157
v -0.109530 -1.250220 -0.484791
v -0.111172 -1.250220 -0.474426
v -0.115936 -1.250220 -0.465075
v -0.123357 -1.250220 -0.457654
v -0.132708 -1.250220 -0.452890
v -0.143073 -1.250220 -0.451248
v -0.153439 -1.250220 -0.452890
v -0.162789 -1.250220 -0.457654
v -0.170210 -1.250220 -0.465075
v -0.174975 -1.250220 -0.474426
v -0.176617 -1.250220 -0.484791
v -0.180508 -1.249077 -0.496955
v -0.182434 -1.249077 -0.484791
v -0.185199 -1.245822 -0.498479
v -0.187366 -1.245822 -0.484791
v -0.189433 -1.235203 -0.499855
v -0.188333 -1.240950 -0.499497
v -0.190662 -1.240950 -0.484791
v -0.191819 -1.235203 -0.484791
v -0.174917 -1.249077 -0.507927
v -0.178907 -1.245822 -0.510826
v -0.181573 -1.240950 -0.512763
v -0.182510 -1.235203 -0.513443
v -0.166209 -1.249077 -0.516635
v -0.169108 -1.245822 -0.520625
v -0.171045 -1.240950 -0.523291
v -0.171725 -1.235203 -0.524228
v -0.155236 -1.249077 -0.522226
v -0.156761 -1.245822 -0.526917
v -0.157779 -1.240950 -0.530051
v -0.158137 -1.235203 -0.531152
v -0.143073 -1.249077 -0.524152
v -0.143073 -1.245822 -0.529085
v -0.143073 -1.240950 -0.532380
v -0.143073 -1.235203 -0.533537
v -0.130910 -1.249077 -0.522226
v -0.129386 -1.245822 -0.526917
v -0.128367 -1.240950 -0.530051
v -0.128010 -1.235203 -0.531152
v -0.119937 -1.249077 -0.516635
v -0.117038 -1.245822 -0.520625
v -0.115101 -1.240950 -0.523291
v -0.114421 -1.235203 -0.524228
v -0.111229 -1.249077 -0.507927
v -0.107239 -1.245822 -0.510826
v -0.104573 -1.240950 -0.512763
v -0.103637 -1.235203 -0.513443
v -0.105638 -1.249077 -0.496955
v -0.100948 -1.245822 -0.498479
v -0.097814 -1.240950 -0.499497
v -0.096713 -1.235203 -0.499855
v -0.103712 -1.249077 -0.484791
v -0.098780 -1.245822 -0.484791
v -0.095484 -1.240950 -0.484791
v -0.094327 -1.235203 -0.484791
v -0.105638 -1.249077 -0.472628
v -0.100948 -1.245822 -0.471104
v -0.097814 -1.240950 -0.470085
v -0.096713 -1.235203 -0.469728
v -0.111229 -1.249077 -0.461655
v -0.107239 -1.245822 -0.458756
v -0.104573 -1.240950 -0.456819
v -0.103637 -1.235203 -0.456139
v -0.119937 -1.249077 -0.452947
v -0.117038 -1.245822 -0.448957
v -0.115101 -1.240950 -0.446291
v -0.114421 -1.235203 -0.445355
v -0.130910 -1.249077 -0.447357
v -0.129386 -1.245822 -0.442666
v -0.128367 -1.240950 -0.439532
v -0.128010 -1.235203 -0.438431
v -0.143073 -1.249077 -0.445430
v -0.143073 -1.245822 -0.440498
v -0.143073 -1.240950 -0.437202
v -0.143073 -1.235203 -0.436045
v -0.155236 -1.249077 -0.447357
v -0.156761 -1.245822 -0.442666
v -0.157779 -1.240950 -0.439532
v -0.158137 -1.235203 -0.438431
v -0.166209 -1.249077 -0.452947
v -0.169108 -1.245822 -0.448957
v -0.171045 -1.240950 -0.446291
v -0.171725 -1.235203 -0.445355
v -0.174917 -1.249077 -0.461655
v -0.178907 -1.245822 -0.458756
v -0.181573 -1.240950 -0.456819
v -0.182510 -1.235203 -0.456139
v -0.180508 -1.249077 -0.472628
v -0.185199 -1.245822 -0.471104
v -0.188333 -1.240950 -0.470085
v -0.189433 -1.235203 -0.469728

# UV coordinates
vt 0.927819 0.542055
vt 0.922664 0.542055
vt 0.922664 0.472811
vt 0.927819 0.472811
vt 0.931464 0.542055
vt 0.931464 0.472811
vt 0.800706 0.814940
vt 0.800712 0.812827
vt 0.808032 0.812827
vt 0.808032 0.814940
vt 0.890531 0.526885
vt 0.890526 0.524785
vt 0.897808 0.524785
vt 0.897808 0.526885
vt 0.890526 0.461860
vt 0.897808 0.461860
vt 0.890531 0.459760
vt 0.897808 0.459760
vt 0.810611 0.803352
vt 0.817931 0.803352
vt 0.817937 0.805465
vt 0.810611 0.805465
vt 0.888426 0.524789
vt 0.888426 0.461856
vt 0.369674 0.201519
vt 0.368906 0.201519
vt 0.368906 0.198999
vt 0.369674 0.198999
vt 0.368906 0.196480
vt 0.369674 0.196480
vt 0.368906 0.194207
vt 0.369674 0.194207
vt 0.088715 0.194173
vt 0.089517 0.194173
vt 0.089517 0.196056
vt 0.088715 0.196056
vt 0.089517 0.198429
vt 0.088715 0.198429
vt 0.089517 0.201059
vt 0.088715 0.201059
vt 0.088715 0.203689
vt 0.089517 0.203689
vt 0.088715 0.206062
vt 0.089517 0.206062
vt 0.088715 0.207945
vt 0.089517 0.207945
vt 0.103334 0.181713
vt 0.103334 0.179440
vt 0.104102 0.179440
vt 0.104102 0.181713
vt 0.103334 0.184232
vt 0.104102 0.184232
vt 0.103334 0.186752
vt 0.104102 0.186752
vt 0.103334 0.189025
vt 0.104102 0.189025
vt 0.347780 0.215374
vt 0.347780 0.217257
vt 0.346978 0.217257
vt 0.346978 0.215374
vt 0.347780 0.213002
vt 0.346978 0.213002
vt 0.347780 0.210371
vt 0.346978 0.210371
vt 0.074096 0.204148
vt 0.074096 0.201518
vt 0.074899 0.201518
vt 0.074899 0.204148
vt 0.074096 0.206520
vt 0.074899 0.206520
vt 0.074096 0.208403
vt 0.074899 0.208403
vt 0.193482 0.193534
vt 0.193482 0.191262
vt 0.194251 0.191262
vt 0.194251 0.193534
vt 0.193482 0.196054
vt 0.194251 0.196054
vt 0.193482 0.198573
vt 0.194251 0.198573
vt 0.193482 0.200845
vt 0.194251 0.200845
vt 0.196721 0.201432
vt 0.196721 0.203315
vt 0.195919 0.203315
vt 0.195919 0.201432
vt 0.196721 0.199059
vt 0.195919 0.199059
vt 0.196721 0.196429
vt 0.195919 0.196429
vt 0.072428 0.206097
vt 0.071660 0.206097
vt 0.071660 0.199400
vt 0.072428 0.199400
vt 0.071660 0.193359
vt 0.072428 0.193359
vt 0.217846 0.214457
vt 0.218649 0.214457
vt 0.218649 0.219462
vt 0.217846 0.219462
vt 0.218649 0.225768
vt 0.217846 0.225768
vt 0.218649 0.232759
vt 0.217846 0.232759
vt 0.217846 0.239750
vt 0.218649 0.239750
vt 0.217846 0.246056
vt 0.218649 0.246056
vt 0.217846 0.251061
vt 0.218649 0.251061
vt 0.042423 0.191305
vt 0.042423 0.185263
vt 0.043191 0.185263
vt 0.043191 0.191305
vt 0.042423 0.198002
vt 0.043191 0.198002
vt 0.042423 0.204700
vt 0.043191 0.204700
vt 0.042423 0.210741
vt 0.043191 0.210741
vt 0.038352 0.279275
vt 0.038352 0.284280
vt 0.037550 0.284280
vt 0.037550 0.279275
vt 0.038352 0.272969
vt 0.037550 0.272969
vt 0.038352 0.265978
vt 0.037550 0.265978
vt 0.037550 0.258987
vt 0.038352 0.258987
vt 0.037550 0.252681
vt 0.038352 0.252681
vt 0.037550 0.247676
vt 0.038352 0.247676
vt 0.072428 0.218835
vt 0.071660 0.218835
vt 0.071660 0.212793
vt 0.072428 0.212793
vt 0.611234 0.918653
vt 0.611238 0.916570
vt 0.673643 0.916570
vt 0.673647 0.918653
vt 0.479334 0.182375
vt 0.478546 0.182375
vt 0.478546 0.179791
vt 0.479334 0.179791
vt 0.478546 0.177461
vt 0.479334 0.177461
vt 0.478546 0.175611
vt 0.479334 0.175611
vt 0.077301 0.204494
vt 0.076533 0.204494
vt 0.076533 0.202221
vt 0.077301 0.202221
vt 0.076533 0.199702
vt 0.077301 0.199702
vt 0.076533 0.197182
vt 0.077301 0.197182
vt 0.076533 0.194909
vt 0.077301 0.194909
vt 0.208101 0.195180
vt 0.208903 0.195180
vt 0.208903 0.197063
vt 0.208101 0.197063
vt 0.208903 0.199435
vt 0.208101 0.199435
vt 0.208903 0.202066
vt 0.208101 0.202066
vt 0.208101 0.204696
vt 0.208903 0.204696
vt 0.208101 0.207069
vt 0.208903 0.207069
vt 0.208101 0.208952
vt 0.208903 0.208952
vt 0.215410 0.190435
vt 0.215410 0.188162
vt 0.216178 0.188162
vt 0.216178 0.190435
vt 0.215410 0.192954
vt 0.216178 0.192954
vt 0.215410 0.195474
vt 0.216178 0.195474
vt 0.215410 0.197747
vt 0.216178 0.197747
vt 0.367242 0.115382
vt 0.368800 0.116887
vt 0.367769 0.117918
vt 0.366470 0.118580
vt 0.479334 0.184958
vt 0.478546 0.184958
vt 0.195919 0.193799
vt 0.196721 0.193799
vt 0.195919 0.191427
vt 0.196721 0.191427
vt 0.195919 0.189543
vt 0.196721 0.189543
vt 0.367238 0.203791
vt 0.366470 0.203791
vt 0.366470 0.201518
vt 0.367238 0.201518
vt 0.366470 0.198999
vt 0.367238 0.198999
vt 0.366470 0.196479
vt 0.367238 0.196479
vt 0.366470 0.194207
vt 0.367238 0.194207
vt 0.074096 0.194633
vt 0.074899 0.194633
vt 0.074899 0.196515
vt 0.074096 0.196515
vt 0.074899 0.198888
vt 0.074096 0.198888
vt 0.346978 0.207741
vt 0.347780 0.207741
vt 0.346978 0.205369
vt 0.347780 0.205369
vt 0.346978 0.203486
vt 0.347780 0.203486
vt 0.369674 0.203792
vt 0.368906 0.203792
vt 0.086279 0.210677
vt 0.086279 0.208304
vt 0.087081 0.208304
vt 0.087081 0.210677
vt 0.086279 0.212560
vt 0.087081 0.212560
vt 0.086279 0.205674
vt 0.087081 0.205674
vt 0.410326 0.178680
vt 0.410326 0.176407
vt 0.411094 0.176407
vt 0.411094 0.178680
vt 0.086279 0.203044
vt 0.087081 0.203044
vt 0.410326 0.181200
vt 0.411094 0.181200
vt 0.086279 0.200671
vt 0.087081 0.200671
vt 0.410326 0.183719
vt 0.411094 0.183719
vt 0.086279 0.198788
vt 0.087081 0.198788
vt 0.410326 0.185992
vt 0.411094 0.185992
vt 0.372111 0.198999
vt 0.371342 0.198999
vt 0.371342 0.196480
vt 0.372111 0.196480
vt 0.345344 0.213003
vt 0.345344 0.215376
vt 0.344542 0.215376
vt 0.344542 0.213003
vt 0.372111 0.201519
vt 0.371342 0.201519
vt 0.345344 0.210372
vt 0.344542 0.210372
vt 0.372111 0.203792
vt 0.371342 0.203792
vt 0.344542 0.207742
vt 0.345344 0.207742
vt 0.345344 0.205369
vt 0.344542 0.205369
vt 0.344542 0.203486
vt 0.345344 0.203486
vt 0.799228 0.971416
vt 0.798160 0.968838
vt 0.798593 0.814940
vt 0.798984 0.813215
vt 0.820483 0.959363
vt 0.819415 0.961942
vt 0.820050 0.805465
vt 0.819659 0.803741
vt 0.675449 0.764852
vt 0.675726 0.916570
vt 0.672698 0.765905
vt 0.609155 0.916570
vt 0.609432 0.764852
vt 0.612182 0.765905
vt 0.888814 0.526500
vt 0.888814 0.460144
vt 0.609536 0.918270
vt 0.675344 0.918270
vt 0.808032 0.972927
vt 0.802875 0.972927
vt 0.815768 0.963452
vt 0.810611 0.963452
vt 0.371342 0.194207
vt 0.372111 0.194207
vt 0.372111 0.195833
vt 0.345344 0.215438
vt 0.345344 0.217259
vt 0.344542 0.217259
vt 0.608292 0.762311
vt 0.676588 0.762311
vt 0.734101 0.839662
vt 0.738990 0.822799
vt 0.732947 0.837396
vt 0.731149 0.835598
vt 0.729527 0.834772
vt 0.728882 0.834443
vt 0.676769 0.822799
vt 0.726371 0.834045
vt 0.723859 0.834443
vt 0.721593 0.835598
vt 0.719794 0.837396
vt 0.718640 0.839662
vt 0.718242 0.842174
vt 0.683431 0.839662
vt 0.684586 0.837396
vt 0.686384 0.835598
vt 0.688650 0.834443
vt 0.691162 0.834045
vt 0.683033 0.842174
vt 0.734499 0.842174
vt 0.738048 0.973019
vt 0.734101 0.844686
vt 0.719854 0.847012
vt 0.719794 0.846952
vt 0.721593 0.848750
vt 0.732947 0.846952
vt 0.731149 0.848750
vt 0.734499 0.920892
vt 0.734101 0.923403
vt 0.734101 0.918380
vt 0.732947 0.916113
vt 0.732947 0.925669
vt 0.731387 0.881363
vt 0.730330 0.874687
vt 0.727261 0.868663
vt 0.731149 0.914315
vt 0.730330 0.888040
vt 0.727261 0.894063
vt 0.731149 0.927468
vt 0.728882 0.913161
vt 0.722481 0.898843
vt 0.728882 0.849905
vt 0.722481 0.863883
vt 0.726371 0.912763
vt 0.726371 0.850303
vt 0.728882 0.928622
vt 0.716458 0.901912
vt 0.723859 0.913161
vt 0.716458 0.860814
vt 0.723859 0.849905
vt 0.721593 0.914315
vt 0.726371 0.929020
vt 0.709781 0.902969
vt 0.719794 0.916113
vt 0.709781 0.859757
vt 0.723859 0.928622
vt 0.718640 0.918380
vt 0.718640 0.844686
vt 0.677711 0.973019
vt 0.721593 0.927468
vt 0.719794 0.925669
vt 0.718640 0.923403
vt 0.683431 0.844686
vt 0.684841 0.847235
vt 0.686384 0.848750
vt 0.688650 0.849905
vt 0.683033 0.920892
vt 0.683431 0.923403
vt 0.684586 0.925669
vt 0.686384 0.927468
vt 0.688650 0.928622
vt 0.691162 0.850303
vt 0.683431 0.918380
vt 0.684586 0.916113
vt 0.691162 0.929020
vt 0.693674 0.928622
vt 0.695940 0.927468
vt 0.697738 0.925669
vt 0.698893 0.923403
vt 0.718242 0.920892
vt 0.699291 0.920892
vt 0.698893 0.918380
vt 0.703105 0.901912
vt 0.697738 0.916113
vt 0.695940 0.914315
vt 0.697081 0.898843
vt 0.693674 0.913161
vt 0.691162 0.912763
vt 0.692301 0.894063
vt 0.688650 0.913161
vt 0.686384 0.914315
vt 0.703105 0.860814
vt 0.689232 0.888040
vt 0.693674 0.834443
vt 0.695940 0.835598
vt 0.697738 0.837396
vt 0.698893 0.839662
vt 0.699291 0.842174
vt 0.698893 0.844686
vt 0.697738 0.846952
vt 0.695940 0.848750
vt 0.697081 0.863883
vt 0.693674 0.849905
vt 0.692301 0.868663
vt 0.689232 0.874687
vt 0.688175 0.881363
vt 0.169710 0.222054
vt 0.167268 0.221667
vt 0.167339 0.221449
vt 0.169710 0.221825
vt 0.172152 0.221667
vt 0.172081 0.221449
vt 0.174355 0.220545
vt 0.174220 0.220359
vt 0.176103 0.218796
vt 0.175918 0.218662
vt 0.177225 0.216594
vt 0.177007 0.216523
vt 0.177612 0.214152
vt 0.177383 0.214152
vt 0.177225 0.211710
vt 0.177007 0.211781
vt 0.176103 0.209507
vt 0.175918 0.209642
vt 0.174355 0.207759
vt 0.174220 0.207944
vt 0.172152 0.206637
vt 0.172081 0.206855
vt 0.169710 0.206250
vt 0.169710 0.206479
vt 0.167268 0.206637
vt 0.167339 0.206855
vt 0.165066 0.207759
vt 0.165200 0.207944
vt 0.163317 0.209507
vt 0.163503 0.209642
vt 0.162195 0.211710
vt 0.162413 0.211781
vt 0.161808 0.214152
vt 0.162037 0.214152
vt 0.162195 0.216594
vt 0.162413 0.216523
vt 0.163317 0.218796
vt 0.163503 0.218662
vt 0.165066 0.220545
vt 0.165200 0.220359
vt 0.077825 0.190097
vt 0.077290 0.190064
vt 0.077290 0.187437
vt 0.077825 0.187437
vt 0.076836 0.189969
vt 0.076836 0.187437
vt 0.076533 0.189827
vt 0.076533 0.187437
vt 0.047277 0.225545
vt 0.047428 0.225082
vt 0.049425 0.225398
vt 0.049425 0.225885
vt 0.049425 0.218935
vt 0.051422 0.225082
vt 0.053223 0.224163
vt 0.054653 0.222734
vt 0.055571 0.220932
vt 0.055887 0.218935
vt 0.055571 0.216938
vt 0.054653 0.215136
vt 0.053223 0.213707
vt 0.051422 0.212789
vt 0.049425 0.212473
vt 0.047428 0.212789
vt 0.045626 0.213707
vt 0.044196 0.215136
vt 0.043278 0.216938
vt 0.042962 0.218935
vt 0.043278 0.220932
vt 0.044196 0.222734
vt 0.045626 0.224163
vt 0.051572 0.225545
vt 0.076533 0.185046
vt 0.076836 0.184904
vt 0.077290 0.184809
vt 0.077825 0.184776
vt 0.053510 0.224558
vt 0.051700 0.225937
vt 0.053752 0.224892
vt 0.077290 0.182439
vt 0.077825 0.182376
vt 0.076836 0.182620
vt 0.055047 0.223020
vt 0.055381 0.223263
vt 0.091151 0.191715
vt 0.091702 0.191804
vt 0.091702 0.193740
vt 0.091151 0.193674
vt 0.092169 0.192060
vt 0.092169 0.193925
vt 0.056034 0.221083
vt 0.056427 0.221210
vt 0.091702 0.196178
vt 0.091151 0.196144
vt 0.092169 0.196276
vt 0.056374 0.218935
vt 0.092481 0.196422
vt 0.092481 0.198881
vt 0.092169 0.198881
vt 0.091702 0.198881
vt 0.091151 0.198881
vt 0.056034 0.216788
vt 0.092481 0.201341
vt 0.092169 0.201487
vt 0.091702 0.201584
vt 0.091151 0.201619
vt 0.055047 0.214850
vt 0.056427 0.216660
vt 0.055381 0.214608
vt 0.091702 0.204023
vt 0.091151 0.204088
vt 0.092169 0.203837
vt 0.053510 0.213313
vt 0.053752 0.212979
vt 0.091702 0.205958
vt 0.091151 0.206048
vt 0.092169 0.205703
vt 0.051572 0.212326
vt 0.051700 0.211933
vt 0.078969 0.183021
vt 0.079505 0.183084
vt 0.079505 0.185454
vt 0.078969 0.185421
vt 0.079959 0.183264
vt 0.079959 0.185549
vt 0.049425 0.211986
vt 0.080262 0.185691
vt 0.080262 0.188081
vt 0.079959 0.188081
vt 0.079505 0.188081
vt 0.078969 0.188081
vt 0.047277 0.212326
vt 0.080262 0.190472
vt 0.079959 0.190614
vt 0.079505 0.190708
vt 0.078969 0.190742
vt 0.045340 0.213313
vt 0.047149 0.211933
vt 0.045097 0.212979
vt 0.079505 0.193079
vt 0.078969 0.193142
vt 0.079959 0.192898
vt 0.043802 0.214850
vt 0.043468 0.214608
vt 0.199685 0.203462
vt 0.199134 0.203372
vt 0.199134 0.201437
vt 0.199685 0.201502
vt 0.198667 0.203116
vt 0.198667 0.201251
vt 0.042815 0.216788
vt 0.042423 0.216660
vt 0.199134 0.198998
vt 0.199685 0.199032
vt 0.198667 0.198901
vt 0.042475 0.218935
vt 0.198355 0.198755
vt 0.198355 0.196295
vt 0.198667 0.196295
vt 0.199134 0.196295
vt 0.199685 0.196295
vt 0.042815 0.221083
vt 0.198355 0.193835
vt 0.198667 0.193689
vt 0.199134 0.193592
vt 0.199685 0.193558
vt 0.043802 0.223020
vt 0.042423 0.221210
vt 0.043468 0.223263
vt 0.199134 0.191153
vt 0.199685 0.191088
vt 0.198667 0.191339
vt 0.045340 0.224558
vt 0.045097 0.224892
vt 0.199134 0.189218
vt 0.199685 0.189128
vt 0.198667 0.189474
vt 0.047149 0.225937
vt 0.077290 0.192434
vt 0.076836 0.192253
vt 0.077825 0.192497
vt 0.206462 0.194006
vt 0.206849 0.196448
vt 0.206559 0.196448
vt 0.206186 0.194095
vt 0.205340 0.191803
vt 0.205105 0.191973
vt 0.203592 0.190055
vt 0.203421 0.190289
vt 0.201389 0.188932
vt 0.201299 0.189208
vt 0.198947 0.188546
vt 0.198947 0.188836
vt 0.196505 0.188932
vt 0.196595 0.189208
vt 0.194303 0.190055
vt 0.194473 0.190289
vt 0.192555 0.191803
vt 0.192789 0.191973
vt 0.191432 0.194006
vt 0.191708 0.194095
vt 0.191046 0.196448
vt 0.191336 0.196448
vt 0.191432 0.198889
vt 0.191708 0.198800
vt 0.192555 0.201092
vt 0.192789 0.200921
vt 0.194303 0.202840
vt 0.194473 0.202605
vt 0.196505 0.203963
vt 0.196595 0.203687
vt 0.198947 0.204349
vt 0.198947 0.204059
vt 0.201389 0.203962
vt 0.201299 0.203687
vt 0.203592 0.202840
vt 0.203421 0.202605
vt 0.205340 0.201092
vt 0.205105 0.200921
vt 0.206462 0.198889
vt 0.206186 0.198800
vt 0.281293 0.250769
vt 0.281131 0.250272
vt 0.283244 0.249938
vt 0.283244 0.250461
vt 0.043849 0.172222
vt 0.043514 0.172379
vt 0.043514 0.169805
vt 0.043849 0.169805
vt 0.043013 0.172483
vt 0.043013 0.169805
vt 0.042423 0.172520
vt 0.042423 0.169805
vt 0.283244 0.256773
vt 0.279533 0.251666
vt 0.278136 0.253063
vt 0.277240 0.254823
vt 0.276931 0.256773
vt 0.277240 0.258724
vt 0.278136 0.260484
vt 0.279533 0.261881
vt 0.281293 0.262778
vt 0.283244 0.263087
vt 0.285194 0.262778
vt 0.286954 0.261881
vt 0.288351 0.260484
vt 0.289248 0.258724
vt 0.289557 0.256773
vt 0.289248 0.254823
vt 0.288351 0.253063
vt 0.286954 0.251666
vt 0.285194 0.250769
vt 0.279226 0.251243
vt 0.280994 0.249851
vt 0.278965 0.250885
vt 0.043013 0.174900
vt 0.042423 0.174970
vt 0.043514 0.174701
vt 0.277714 0.252756
vt 0.277355 0.252495
vt 0.043013 0.176817
vt 0.042423 0.176914
vt 0.043514 0.176543
vt 0.276742 0.254661
vt 0.276321 0.254524
vt 0.110643 0.174794
vt 0.111217 0.174862
vt 0.111217 0.177210
vt 0.110643 0.177175
vt 0.111704 0.175055
vt 0.111704 0.177312
vt 0.276408 0.256773
vt 0.112029 0.177464
vt 0.112029 0.179813
vt 0.111704 0.179813
vt 0.111217 0.179813
vt 0.110643 0.179813
vt 0.276742 0.258886
vt 0.112029 0.182163
vt 0.111704 0.182315
vt 0.111217 0.182417
vt 0.110643 0.182452
vt 0.277714 0.260791
vt 0.276321 0.259023
vt 0.277355 0.261052
vt 0.111217 0.184765
vt 0.110643 0.184833
vt 0.111704 0.184572
vt 0.279226 0.262304
vt 0.278965 0.262662
vt 0.031667 0.175403
vt 0.031076 0.175307
vt 0.031076 0.173389
vt 0.031667 0.173459
vt 0.030575 0.175033
vt 0.030575 0.173190
vt 0.281131 0.263275
vt 0.280994 0.263696
vt 0.031076 0.170973
vt 0.031667 0.171010
vt 0.030575 0.170868
vt 0.283244 0.263609
vt 0.030240 0.170712
vt 0.030240 0.168294
vt 0.030575 0.168294
vt 0.031076 0.168294
vt 0.031667 0.168294
vt 0.285356 0.263275
vt 0.030240 0.165877
vt 0.030575 0.165721
vt 0.031076 0.165616
vt 0.031667 0.165579
vt 0.287262 0.262304
vt 0.285493 0.263696
vt 0.287522 0.262662
vt 0.031076 0.163200
vt 0.031667 0.163130
vt 0.030575 0.163399
vt 0.288774 0.260791
vt 0.289132 0.261052
vt 0.031076 0.161282
vt 0.031667 0.161186
vt 0.030575 0.161556
vt 0.289745 0.258886
vt 0.290166 0.259023
vt 0.031626 0.185431
vt 0.031052 0.185364
vt 0.031052 0.183015
vt 0.031626 0.183051
vt 0.030566 0.185170
vt 0.030566 0.182914
vt 0.290079 0.256773
vt 0.030240 0.182761
vt 0.030240 0.180412
vt 0.030566 0.180412
vt 0.031052 0.180412
vt 0.031626 0.180412
vt 0.289745 0.254661
vt 0.030240 0.178063
vt 0.030566 0.177911
vt 0.031052 0.177809
vt 0.031626 0.177773
vt 0.288774 0.252756
vt 0.290166 0.254524
vt 0.289132 0.252495
vt 0.031052 0.175461
vt 0.031626 0.175393
vt 0.030566 0.175654
vt 0.287262 0.251243
vt 0.287522 0.250885
vt 0.042423 0.162696
vt 0.043013 0.162793
vt 0.043013 0.164710
vt 0.042423 0.164640
vt 0.043514 0.163067
vt 0.043514 0.164910
vt 0.285356 0.250272
vt 0.285493 0.249851
vt 0.043013 0.167127
vt 0.042423 0.167090
vt 0.043514 0.167231
vt 0.043849 0.167388
vt 0.130732 0.222096
vt 0.128291 0.222482
vt 0.128291 0.222199
vt 0.130645 0.221826
vt 0.132935 0.220973
vt 0.132769 0.220744
vt 0.134683 0.219225
vt 0.134454 0.219059
vt 0.135806 0.217022
vt 0.135536 0.216935
vt 0.136192 0.214580
vt 0.135909 0.214580
vt 0.135806 0.212139
vt 0.135536 0.212226
vt 0.134683 0.209936
vt 0.134454 0.210102
vt 0.132935 0.208188
vt 0.132769 0.208417
vt 0.130732 0.207065
vt 0.130645 0.207335
vt 0.128291 0.206679
vt 0.128291 0.206962
vt 0.125849 0.207065
vt 0.125936 0.207335
vt 0.123646 0.208188
vt 0.123813 0.208417
vt 0.121898 0.209936
vt 0.122127 0.210102
vt 0.120776 0.212139
vt 0.121045 0.212226
vt 0.120389 0.214580
vt 0.120672 0.214580
vt 0.120776 0.217022
vt 0.121045 0.216935
vt 0.121898 0.219225
vt 0.122127 0.219059
vt 0.123646 0.220973
vt 0.123813 0.220744
vt 0.125849 0.222096
vt 0.125936 0.221826
vt 0.362950 0.188712
vt 0.362390 0.188712
vt 0.362390 0.186029
vt 0.362950 0.185994
vt 0.361914 0.188712
vt 0.361914 0.186128
vt 0.361597 0.188712
vt 0.361597 0.186277
vt 0.152125 0.226401
vt 0.152621 0.226401
vt 0.152934 0.228374
vt 0.152462 0.228527
vt 0.159008 0.226401
vt 0.153841 0.230155
vt 0.155254 0.231567
vt 0.157034 0.232475
vt 0.159008 0.232787
vt 0.160981 0.232475
vt 0.162761 0.231567
vt 0.164174 0.230155
vt 0.165081 0.228374
vt 0.165394 0.226401
vt 0.165081 0.224427
vt 0.164174 0.222647
vt 0.162761 0.221234
vt 0.160981 0.220327
vt 0.159008 0.220014
vt 0.157034 0.220327
vt 0.155254 0.221234
vt 0.153841 0.222647
vt 0.152934 0.224427
vt 0.153440 0.230446
vt 0.152062 0.228657
vt 0.153100 0.230693
vt 0.362390 0.183608
vt 0.362950 0.183542
vt 0.361914 0.183797
vt 0.154962 0.231969
vt 0.154715 0.232309
vt 0.362390 0.181688
vt 0.362950 0.181596
vt 0.361914 0.181948
vt 0.156881 0.232946
vt 0.156751 0.233346
vt 0.136323 0.191974
vt 0.135778 0.191909
vt 0.135778 0.189557
vt 0.136323 0.189591
vt 0.135316 0.191725
vt 0.135316 0.189460
vt 0.159008 0.233283
vt 0.135007 0.189316
vt 0.135007 0.186949
vt 0.135316 0.186949
vt 0.135778 0.186949
vt 0.136323 0.186949
vt 0.161134 0.232946
vt 0.135007 0.184583
vt 0.135316 0.184438
vt 0.135778 0.184341
vt 0.136323 0.184307
vt 0.163053 0.231969
vt 0.161264 0.233346
vt 0.163300 0.232309
vt 0.135778 0.181989
vt 0.136323 0.181924
vt 0.135316 0.182173
vt 0.164575 0.230446
vt 0.164915 0.230693
vt 0.130134 0.184474
vt 0.130695 0.184565
vt 0.130695 0.186486
vt 0.130134 0.186420
vt 0.131171 0.184825
vt 0.131171 0.186675
vt 0.165553 0.228527
vt 0.165953 0.228657
vt 0.130695 0.188907
vt 0.130134 0.188872
vt 0.131171 0.189006
vt 0.165890 0.226401
vt 0.131488 0.189155
vt 0.131488 0.191590
vt 0.131171 0.191590
vt 0.130695 0.191590
vt 0.130134 0.191590
vt 0.165553 0.224274
vt 0.131488 0.194025
vt 0.131171 0.194173
vt 0.130695 0.194273
vt 0.130134 0.194308
vt 0.164575 0.222356
vt 0.165953 0.224144
vt 0.164915 0.222108
vt 0.130695 0.196693
vt 0.130134 0.196760
vt 0.131171 0.196504
vt 0.163053 0.220833
vt 0.163300 0.220493
vt 0.130695 0.198614
vt 0.130134 0.198705
vt 0.131171 0.198354
vt 0.161134 0.219855
vt 0.161264 0.219456
vt 0.125262 0.181489
vt 0.125807 0.181554
vt 0.125807 0.183906
vt 0.125262 0.183872
vt 0.126268 0.181737
vt 0.126268 0.184003
vt 0.159008 0.219519
vt 0.126577 0.184147
vt 0.126577 0.186514
vt 0.126268 0.186514
vt 0.125807 0.186514
vt 0.125262 0.186514
vt 0.156881 0.219855
vt 0.126577 0.188881
vt 0.126268 0.189025
vt 0.125807 0.189121
vt 0.125262 0.189155
vt 0.154962 0.220833
vt 0.156751 0.219456
vt 0.154715 0.220493
vt 0.125807 0.191474
vt 0.125262 0.191539
vt 0.126268 0.191290
vt 0.153440 0.222356
vt 0.153100 0.222108
vt 0.362950 0.195828
vt 0.362390 0.195736
vt 0.362390 0.193816
vt 0.362950 0.193882
vt 0.361914 0.195476
vt 0.361914 0.193627
vt 0.152462 0.224274
vt 0.152062 0.224144
vt 0.362390 0.191395
vt 0.362950 0.191430
vt 0.361914 0.191296
vt 0.361597 0.191147
vt 0.154175 0.187193
vt 0.152427 0.188941
vt 0.152297 0.188763
vt 0.153997 0.187064
vt 0.147782 0.190450
vt 0.145340 0.190064
vt 0.145408 0.189855
vt 0.147782 0.190231
vt 0.154175 0.177904
vt 0.155297 0.180107
vt 0.155088 0.180175
vt 0.153997 0.178033
vt 0.141389 0.187193
vt 0.140267 0.184990
vt 0.140476 0.184923
vt 0.141567 0.187064
vt 0.150224 0.190064
vt 0.150156 0.189855
vt 0.150224 0.175034
vt 0.152427 0.176156
vt 0.152297 0.176334
vt 0.150156 0.175243
vt 0.139880 0.182549
vt 0.140267 0.180107
vt 0.140476 0.180175
vt 0.140100 0.182549
vt 0.155684 0.182549
vt 0.155464 0.182549
vt 0.155297 0.184990
vt 0.155088 0.184922
vt 0.143137 0.188941
vt 0.143267 0.188763
vt 0.147782 0.174647
vt 0.147782 0.174867
vt 0.143137 0.176156
vt 0.145340 0.175034
vt 0.145408 0.175243
vt 0.143267 0.176334
vt 0.141389 0.177904
vt 0.141567 0.178033
vt 0.038940 0.176470
vt 0.038364 0.176539
vt 0.038364 0.174602
vt 0.038940 0.174508
vt 0.037876 0.176733
vt 0.037876 0.174869
vt 0.148766 0.226062
vt 0.148512 0.225713
vt 0.150045 0.224181
vt 0.150394 0.224435
vt 0.148213 0.225301
vt 0.149632 0.223882
vt 0.038940 0.184424
vt 0.038364 0.184388
vt 0.038364 0.181684
vt 0.038940 0.181684
vt 0.037876 0.184286
vt 0.037876 0.181684
vt 0.037550 0.184134
vt 0.037550 0.181684
vt 0.142301 0.226697
vt 0.142458 0.226213
vt 0.144441 0.226527
vt 0.144441 0.227036
vt 0.149632 0.216338
vt 0.150045 0.216039
vt 0.151028 0.217970
vt 0.150544 0.218127
vt 0.150394 0.215785
vt 0.151439 0.217836
vt 0.208418 0.177783
vt 0.208892 0.177595
vt 0.208892 0.179966
vt 0.208418 0.180065
vt 0.209452 0.177529
vt 0.209452 0.179932
vt 0.105770 0.185026
vt 0.106330 0.184991
vt 0.106330 0.187362
vt 0.105770 0.187429
vt 0.106804 0.184892
vt 0.106804 0.187174
vt 0.137444 0.222384
vt 0.137854 0.222250
vt 0.138838 0.224181
vt 0.138489 0.224435
vt 0.138339 0.222093
vt 0.139250 0.223882
vt 0.146424 0.214007
vt 0.146582 0.213523
vt 0.148512 0.214507
vt 0.148213 0.214919
vt 0.146715 0.213113
vt 0.148766 0.214158
vt 0.109271 0.180616
vt 0.108782 0.180514
vt 0.108782 0.178074
vt 0.109271 0.178269
vt 0.108207 0.180479
vt 0.108207 0.178006
vt 0.138025 0.220110
vt 0.137515 0.220110
vt 0.137854 0.217970
vt 0.138339 0.218127
vt 0.107121 0.182363
vt 0.106804 0.182363
vt 0.106804 0.179833
vt 0.107121 0.179981
vt 0.106330 0.182363
vt 0.106330 0.179734
vt 0.105770 0.182363
vt 0.105770 0.179699
vt 0.140670 0.214919
vt 0.140370 0.214507
vt 0.142301 0.213523
vt 0.142458 0.214007
vt 0.140117 0.214158
vt 0.142168 0.213113
vt 0.109271 0.188170
vt 0.108782 0.188364
vt 0.108782 0.185924
vt 0.109271 0.185822
vt 0.108207 0.188432
vt 0.108207 0.185960
vt 0.144441 0.220110
vt 0.146424 0.226213
vt 0.150858 0.220110
vt 0.150544 0.222093
vt 0.140670 0.225301
vt 0.144441 0.213693
vt 0.139250 0.216338
vt 0.038940 0.178943
vt 0.038364 0.178979
vt 0.037876 0.179081
vt 0.146582 0.226697
vt 0.146715 0.227107
vt 0.209452 0.182595
vt 0.208892 0.182595
vt 0.208418 0.182595
vt 0.151367 0.220110
vt 0.208101 0.180214
vt 0.208101 0.182595
vt 0.140370 0.225713
vt 0.140117 0.226062
vt 0.038940 0.188859
vt 0.038364 0.188765
vt 0.038364 0.186828
vt 0.038940 0.186897
vt 0.037876 0.188498
vt 0.037876 0.186634
vt 0.037550 0.179233
vt 0.144441 0.213184
vt 0.109597 0.180769
vt 0.109597 0.183219
vt 0.109271 0.183219
vt 0.108782 0.183219
vt 0.108207 0.183219
vt 0.108207 0.176044
vt 0.108782 0.176138
vt 0.109271 0.176405
vt 0.107121 0.184744
vt 0.209452 0.185258
vt 0.208892 0.185224
vt 0.208418 0.185125
vt 0.151028 0.222250
vt 0.208101 0.184976
vt 0.209452 0.187661
vt 0.208892 0.187595
vt 0.208418 0.187406
vt 0.151439 0.222384
vt 0.142168 0.227107
vt 0.138838 0.216039
vt 0.138489 0.215785
vt 0.108782 0.190300
vt 0.108207 0.190394
vt 0.109271 0.190033
vt 0.109597 0.185669
vt 0.137444 0.217836
vt 0.106330 0.177362
vt 0.106804 0.177551
vt 0.105770 0.177296
vt 0.168677 0.185859
vt 0.169705 0.192349
vt 0.169052 0.192349
vt 0.168056 0.186061
vt 0.165693 0.180004
vt 0.165165 0.180388
vt 0.161047 0.175357
vt 0.160663 0.175885
vt 0.155192 0.172374
vt 0.154990 0.172995
vt 0.148701 0.171346
vt 0.148701 0.171999
vt 0.142211 0.172374
vt 0.142413 0.172995
vt 0.136356 0.175357
vt 0.136739 0.175885
vt 0.131709 0.180004
vt 0.132237 0.180388
vt 0.128726 0.185859
vt 0.129347 0.186061
vt 0.127698 0.192349
vt 0.128351 0.192349
vt 0.128726 0.198840
vt 0.129347 0.198638
vt 0.131709 0.204695
vt 0.132237 0.204311
vt 0.136356 0.209341
vt 0.136739 0.208813
vt 0.142211 0.212325
vt 0.142413 0.211704
vt 0.148701 0.213353
vt 0.148701 0.212700
vt 0.155192 0.212325
vt 0.154990 0.211704
vt 0.161047 0.209341
vt 0.160663 0.208813
vt 0.165693 0.204695
vt 0.165165 0.204311
vt 0.168677 0.198840
vt 0.168056 0.198638
vt 0.292393 0.264186
vt 0.291791 0.264186
vt 0.291791 0.257412
vt 0.292393 0.257375
vt 0.291281 0.264186
vt 0.291281 0.257519
vt 0.290940 0.264186
vt 0.290940 0.257678
vt 0.295832 0.251230
vt 0.295832 0.250665
vt 0.301686 0.249738
vt 0.301861 0.250275
vt 0.293441 0.257375
vt 0.293441 0.264186
vt 0.293441 0.251230
vt 0.292393 0.251230
vt 0.317741 0.217534
vt 0.317741 0.212491
vt 0.318825 0.212491
vt 0.318825 0.217534
vt 0.317741 0.223889
vt 0.318825 0.223889
vt 0.317741 0.230933
vt 0.318825 0.230933
vt 0.317741 0.237978
vt 0.318825 0.237978
vt 0.317741 0.244332
vt 0.318825 0.244332
vt 0.317741 0.249376
vt 0.318825 0.249376
vt 0.227592 0.226946
vt 0.227592 0.220801
vt 0.228641 0.220801
vt 0.228641 0.226946
vt 0.227592 0.233757
vt 0.228641 0.233757
vt 0.227592 0.240568
vt 0.228641 0.240568
vt 0.227592 0.246713
vt 0.228641 0.246713
vt 0.101048 0.283577
vt 0.101048 0.288620
vt 0.099963 0.288620
vt 0.099963 0.283577
vt 0.101048 0.277222
vt 0.099963 0.277222
vt 0.101048 0.270178
vt 0.099963 0.270178
vt 0.101048 0.263133
vt 0.099963 0.263133
vt 0.101048 0.256778
vt 0.099963 0.256778
vt 0.101048 0.251735
vt 0.099963 0.251735
vt 0.293441 0.270997
vt 0.293441 0.277142
vt 0.292393 0.277142
vt 0.292393 0.270997
vt 0.306968 0.247047
vt 0.307300 0.247504
vt 0.302009 0.250730
vt 0.307581 0.247891
vt 0.291791 0.251301
vt 0.291281 0.251504
vt 0.311159 0.242856
vt 0.311616 0.243187
vt 0.312003 0.243469
vt 0.319448 0.212592
vt 0.319448 0.217608
vt 0.319975 0.212881
vt 0.319975 0.217818
vt 0.313851 0.237574
vt 0.314388 0.237748
vt 0.314843 0.237896
vt 0.319448 0.223927
vt 0.319975 0.224038
vt 0.314778 0.231719
vt 0.315342 0.231719
vt 0.320328 0.224203
vt 0.320328 0.230933
vt 0.319975 0.230933
vt 0.319448 0.230933
vt 0.313851 0.225865
vt 0.314388 0.225690
vt 0.320328 0.237663
vt 0.319975 0.237829
vt 0.319448 0.237939
vt 0.311159 0.220583
vt 0.311616 0.220251
vt 0.314843 0.225542
vt 0.312003 0.219970
vt 0.319448 0.244259
vt 0.319975 0.244049
vt 0.306968 0.216391
vt 0.307300 0.215935
vt 0.307581 0.215548
vt 0.319448 0.249274
vt 0.319975 0.248985
vt 0.301686 0.213700
vt 0.301861 0.213164
vt 0.302009 0.212708
vt 0.229243 0.220872
vt 0.229243 0.226983
vt 0.229753 0.221075
vt 0.229753 0.227090
vt 0.295832 0.212773
vt 0.295832 0.212208
vt 0.230094 0.227249
vt 0.230094 0.233757
vt 0.229753 0.233757
vt 0.229243 0.233757
vt 0.289977 0.213700
vt 0.289803 0.213164
vt 0.230094 0.240265
vt 0.229753 0.240424
vt 0.229243 0.240531
vt 0.284695 0.216391
vt 0.284364 0.215935
vt 0.289655 0.212708
vt 0.284082 0.215548
vt 0.229243 0.246642
vt 0.229753 0.246439
vt 0.280504 0.220583
vt 0.280047 0.220251
vt 0.279660 0.219970
vt 0.099341 0.288518
vt 0.099341 0.283503
vt 0.098813 0.288230
vt 0.098813 0.283293
vt 0.277813 0.225865
vt 0.277276 0.225690
vt 0.276821 0.225542
vt 0.099341 0.277183
vt 0.098813 0.277073
vt 0.276886 0.231719
vt 0.276321 0.231719
vt 0.098461 0.276908
vt 0.098461 0.270178
vt 0.098813 0.270178
vt 0.099341 0.270178
vt 0.277813 0.237574
vt 0.277276 0.237748
vt 0.098461 0.263447
vt 0.098813 0.263282
vt 0.099341 0.263172
vt 0.280504 0.242856
vt 0.280047 0.243187
vt 0.276821 0.237896
vt 0.279660 0.243469
vt 0.099341 0.256852
vt 0.098813 0.257062
vt 0.284695 0.247047
vt 0.284364 0.247504
vt 0.284082 0.247891
vt 0.099341 0.251837
vt 0.098813 0.252126
vt 0.289977 0.249738
vt 0.289803 0.250275
vt 0.289655 0.250730
vt 0.291791 0.277071
vt 0.291791 0.270960
vt 0.291281 0.276868
vt 0.291281 0.270853
vt 0.290940 0.270694
vt 0.295832 0.238384
vt 0.297891 0.238058
vt 0.299749 0.237111
vt 0.301224 0.235637
vt 0.302171 0.233779
vt 0.302497 0.231719
vt 0.302171 0.229660
vt 0.301224 0.227802
vt 0.299749 0.226327
vt 0.297891 0.225380
vt 0.295832 0.225054
vt 0.293772 0.225380
vt 0.291914 0.226327
vt 0.290440 0.227802
vt 0.289493 0.229660
vt 0.289167 0.231719
vt 0.289493 0.233779
vt 0.290440 0.235637
vt 0.291914 0.237111
vt 0.293772 0.238058
vt 0.072291 0.175865
vt 0.072291 0.177983
vt 0.071660 0.177983
vt 0.071660 0.175865
vt 0.072291 0.173955
vt 0.071660 0.173955
vt 0.159372 0.185054
vt 0.159372 0.183471
vt 0.160030 0.183471
vt 0.160030 0.185054
vt 0.159372 0.187048
vt 0.160030 0.187048
vt 0.159372 0.189259
vt 0.160030 0.189259
vt 0.159372 0.191470
vt 0.160030 0.191470
vt 0.159372 0.193465
vt 0.160030 0.193465
vt 0.159372 0.195048
vt 0.160030 0.195048
vt 0.368906 0.174212
vt 0.368906 0.172301
vt 0.369537 0.172301
vt 0.369537 0.174212
vt 0.368906 0.176330
vt 0.369537 0.176330
vt 0.368906 0.178447
vt 0.369537 0.178447
vt 0.368906 0.180358
vt 0.369537 0.180358
vt 0.201450 0.200194
vt 0.201450 0.201777
vt 0.200791 0.201777
vt 0.200791 0.200194
vt 0.201450 0.198199
vt 0.200791 0.198199
vt 0.201450 0.195989
vt 0.200791 0.195989
vt 0.201450 0.193778
vt 0.200791 0.193778
vt 0.201450 0.191783
vt 0.200791 0.191783
vt 0.201450 0.190201
vt 0.200791 0.190201
vt 0.072291 0.180101
vt 0.072291 0.182011
vt 0.071660 0.182011
vt 0.071660 0.180101
vt 0.084619 0.186215
vt 0.084944 0.188268
vt 0.084469 0.188268
vt 0.084167 0.186362
vt 0.083675 0.184364
vt 0.083291 0.184643
vt 0.082206 0.182894
vt 0.081927 0.183279
vt 0.080354 0.181951
vt 0.080208 0.182403
vt 0.078302 0.181626
vt 0.078302 0.182101
vt 0.076249 0.181951
vt 0.076396 0.182403
vt 0.074398 0.182894
vt 0.074677 0.183279
vt 0.072928 0.184364
vt 0.073313 0.184643
vt 0.071985 0.186215
vt 0.072437 0.186362
vt 0.071660 0.188268
vt 0.072135 0.188268
vt 0.071985 0.190320
vt 0.072437 0.190173
vt 0.072928 0.192172
vt 0.073313 0.191893
vt 0.074398 0.193641
vt 0.074677 0.193257
vt 0.076249 0.194585
vt 0.076396 0.194133
vt 0.078302 0.194910
vt 0.078302 0.194435
vt 0.080354 0.194585
vt 0.080208 0.194133
vt 0.082206 0.193641
vt 0.081927 0.193257
vt 0.083675 0.192172
vt 0.083291 0.191893
vt 0.084619 0.190320
vt 0.084167 0.190173
vt 0.187076 0.166149
vt 0.186702 0.166149
vt 0.186702 0.164127
vt 0.187076 0.164104
vt 0.186385 0.166149
vt 0.186385 0.164193
vt 0.186173 0.166149
vt 0.186173 0.164293
vt 0.194259 0.171900
vt 0.194259 0.171544
vt 0.195891 0.171286
vt 0.196001 0.171624
vt 0.194259 0.166262
vt 0.197364 0.170535
vt 0.198532 0.169367
vt 0.199283 0.167894
vt 0.199541 0.166262
vt 0.199283 0.164629
vt 0.198532 0.163157
vt 0.197364 0.161988
vt 0.195891 0.161238
vt 0.194259 0.160979
vt 0.192626 0.161238
vt 0.191154 0.161988
vt 0.189985 0.163157
vt 0.189234 0.164629
vt 0.188976 0.166262
vt 0.189234 0.167894
vt 0.189985 0.169367
vt 0.191154 0.170535
vt 0.192626 0.171286
vt 0.188055 0.164104
vt 0.188055 0.166149
vt 0.188055 0.162259
vt 0.187076 0.162259
vt 0.100897 0.162151
vt 0.100897 0.160634
vt 0.101911 0.160634
vt 0.101911 0.162151
vt 0.100897 0.164062
vt 0.101911 0.164062
vt 0.100897 0.166181
vt 0.101911 0.166181
vt 0.100897 0.168299
vt 0.101911 0.168299
vt 0.100897 0.170210
vt 0.101911 0.170210
vt 0.100897 0.171727
vt 0.101911 0.171727
vt 0.371342 0.174110
vt 0.371342 0.172265
vt 0.372321 0.172265
vt 0.372321 0.174110
vt 0.371342 0.176155
vt 0.372321 0.176155
vt 0.371342 0.178200
vt 0.372321 0.178200
vt 0.371342 0.180044
vt 0.372321 0.180044
vt 0.368419 0.113873
vt 0.368419 0.115390
vt 0.367406 0.115390
vt 0.367406 0.113873
vt 0.368419 0.111962
vt 0.367406 0.111962
vt 0.368419 0.109844
vt 0.367406 0.109844
vt 0.368419 0.107725
vt 0.367406 0.107725
vt 0.368419 0.105814
vt 0.367406 0.105814
vt 0.368419 0.104298
vt 0.367406 0.104298
vt 0.188055 0.168194
vt 0.188055 0.170038
vt 0.187076 0.170038
vt 0.187076 0.168194
vt 0.197573 0.170823
vt 0.196094 0.171911
vt 0.197750 0.171067
vt 0.186702 0.162303
vt 0.186385 0.162429
vt 0.198820 0.169576
vt 0.199064 0.169753
vt 0.102298 0.160698
vt 0.102298 0.162197
vt 0.102627 0.160878
vt 0.102627 0.162328
vt 0.199621 0.168004
vt 0.199908 0.168097
vt 0.102298 0.164086
vt 0.102627 0.164155
vt 0.199897 0.166262
vt 0.102847 0.164258
vt 0.102847 0.166181
vt 0.102627 0.166181
vt 0.102298 0.166181
vt 0.199621 0.164519
vt 0.102847 0.168103
vt 0.102627 0.168206
vt 0.102298 0.168275
vt 0.198820 0.162948
vt 0.199908 0.164426
vt 0.199064 0.162770
vt 0.102298 0.170164
vt 0.102627 0.170033
vt 0.197573 0.161700
vt 0.197750 0.161456
vt 0.102298 0.171663
vt 0.102627 0.171483
vt 0.196001 0.160899
vt 0.196094 0.160612
vt 0.372695 0.172309
vt 0.372695 0.174133
vt 0.373012 0.172435
vt 0.373012 0.174199
vt 0.194259 0.160623
vt 0.373224 0.174299
vt 0.373224 0.176155
vt 0.373012 0.176155
vt 0.372695 0.176155
vt 0.192516 0.160899
vt 0.373224 0.178011
vt 0.373012 0.178110
vt 0.372695 0.178176
vt 0.190944 0.161700
vt 0.192423 0.160612
vt 0.190767 0.161456
vt 0.372695 0.180000
vt 0.373012 0.179874
vt 0.189697 0.162948
vt 0.189453 0.162770
vt 0.367018 0.115326
vt 0.367018 0.113827
vt 0.366689 0.115146
vt 0.366689 0.113696
vt 0.188896 0.164519
vt 0.188609 0.164426
vt 0.367018 0.111938
vt 0.366689 0.111869
vt 0.188620 0.166262
vt 0.366470 0.111766
vt 0.366470 0.109844
vt 0.366689 0.109844
vt 0.367018 0.109844
vt 0.188896 0.168004
vt 0.366470 0.107921
vt 0.366689 0.107818
vt 0.367018 0.107749
vt 0.189697 0.169576
vt 0.188609 0.168097
vt 0.189453 0.169753
vt 0.367018 0.105860
vt 0.366689 0.105991
vt 0.190944 0.170823
vt 0.190767 0.171067
vt 0.367018 0.104361
vt 0.366689 0.104541
vt 0.192516 0.171624
vt 0.192423 0.171911
vt 0.186702 0.169994
vt 0.186702 0.168170
vt 0.186385 0.169868
vt 0.186385 0.168104
vt 0.186173 0.168005
vt 0.367414 0.155752
vt 0.367752 0.168616
vt 0.363285 0.168733
vt 0.362947 0.155869
vt 0.368090 0.181480
vt 0.363623 0.181597
vt 0.037145 0.247677
vt 0.037278 0.260545
vt 0.032810 0.260591
vt 0.032677 0.247723
vt 0.037411 0.273412
vt 0.032942 0.273458
vt 0.037544 0.286280
vt 0.033075 0.286326
vt 0.037676 0.299147
vt 0.033208 0.299193
vt 0.033724 0.238454
vt 0.033549 0.225587
vt 0.038018 0.225527
vt 0.038192 0.238394
vt 0.033375 0.212720
vt 0.037843 0.212659
vt 0.033200 0.199853
vt 0.037669 0.199792
vt 0.033026 0.186986
vt 0.037494 0.186925
vt 0.032851 0.174119
vt 0.037320 0.174058
vt 0.032677 0.161252
vt 0.037145 0.161191
vt 0.108643 0.298316
vt 0.108533 0.285449
vt 0.113002 0.285411
vt 0.113111 0.298279
vt 0.108424 0.272581
vt 0.112893 0.272543
vt 0.108315 0.259713
vt 0.112784 0.259675
vt 0.108207 0.246846
vt 0.112675 0.246808
vt 0.366064 0.104297
vt 0.366401 0.117161
vt 0.361934 0.117278
vt 0.361597 0.104414
vt 0.366739 0.130024
vt 0.362272 0.130142
vt 0.367077 0.142888
vt 0.362610 0.143006
vt 0.217706 0.169078
vt 0.217292 0.171691
vt 0.216091 0.174049
vt 0.214220 0.175920
vt 0.211862 0.177121
vt 0.209249 0.177535
vt 0.206635 0.177121
vt 0.204278 0.175920
vt 0.202407 0.174049
vt 0.201205 0.171691
vt 0.200791 0.169078
vt 0.201205 0.166464
vt 0.202407 0.164106
vt 0.204278 0.162235
vt 0.206635 0.161034
vt 0.209249 0.160620
vt 0.211862 0.161034
vt 0.214220 0.162235
vt 0.216091 0.164106
vt 0.217292 0.166464
vt 0.188453 0.217399
vt 0.182611 0.228865
vt 0.176705 0.224575
vt 0.181511 0.215144
vt 0.173512 0.237964
vt 0.169221 0.232059
vt 0.162046 0.243806
vt 0.159791 0.236864
vt 0.149336 0.245819
vt 0.149336 0.238520
vt 0.136626 0.243806
vt 0.138882 0.236864
vt 0.125161 0.237964
vt 0.129452 0.232059
vt 0.116061 0.228865
vt 0.121967 0.224574
vt 0.110220 0.217399
vt 0.117162 0.215144
vt 0.108207 0.204690
vt 0.115506 0.204690
vt 0.110220 0.191980
vt 0.117162 0.194236
vt 0.116061 0.180514
vt 0.121967 0.184805
vt 0.125161 0.171415
vt 0.129452 0.177320
vt 0.136626 0.165573
vt 0.138882 0.172515
vt 0.149336 0.163560
vt 0.149336 0.170860
vt 0.162046 0.165573
vt 0.159790 0.172515
vt 0.173512 0.171415
vt 0.169221 0.177320
vt 0.182611 0.180514
vt 0.176705 0.184805
vt 0.188453 0.191980
vt 0.181511 0.194236
vt 0.190466 0.204690
vt 0.183167 0.204690
vt 0.373147 0.146622
vt 0.373407 0.157203
vt 0.370207 0.157282
vt 0.369947 0.146701
vt 0.373667 0.167784
vt 0.370467 0.167863
vt 0.106535 0.250221
vt 0.106633 0.260805
vt 0.103431 0.260835
vt 0.103334 0.250251
vt 0.106731 0.271389
vt 0.103529 0.271418
vt 0.106829 0.281972
vt 0.103627 0.282002
vt 0.106926 0.292556
vt 0.103725 0.292586
vt 0.151187 0.309317
vt 0.150927 0.298736
vt 0.154127 0.298658
vt 0.154387 0.309239
vt 0.150666 0.288155
vt 0.153867 0.288077
vt 0.150406 0.277574
vt 0.153607 0.277496
vt 0.150146 0.266993
vt 0.153347 0.266914
vt 0.149886 0.256412
vt 0.153086 0.256333
vt 0.149626 0.245831
vt 0.152826 0.245752
vt 0.386353 0.141462
vt 0.386255 0.130878
vt 0.389456 0.130849
vt 0.389554 0.141432
vt 0.386157 0.120295
vt 0.389358 0.120265
vt 0.386059 0.109711
vt 0.389260 0.109681
vt 0.385961 0.099127
vt 0.389162 0.099097
vt 0.372106 0.104297
vt 0.372366 0.114878
vt 0.369166 0.114957
vt 0.368906 0.104376
vt 0.372627 0.125460
vt 0.369426 0.125538
vt 0.372886 0.136041
vt 0.369686 0.136119
vt 0.492394 0.312626
vt 0.490687 0.323424
vt 0.465328 0.315249
vt 0.465750 0.312687
vt 0.485727 0.333167
vt 0.464135 0.317555
vt 0.477999 0.340900
vt 0.462288 0.319380
vt 0.468260 0.345866
vt 0.459968 0.320545
vt 0.457462 0.347580
vt 0.457401 0.320936
vt 0.446664 0.345873
vt 0.454839 0.320514
vt 0.436922 0.340914
vt 0.452532 0.319321
vt 0.429188 0.333186
vt 0.450708 0.317475
vt 0.424221 0.323446
vt 0.449543 0.315154
vt 0.422508 0.312649
vt 0.449152 0.312587
vt 0.424214 0.301850
vt 0.449574 0.310025
vt 0.429175 0.292107
vt 0.450766 0.307719
vt 0.436902 0.284374
vt 0.452613 0.305894
vt 0.446642 0.279408
vt 0.454934 0.304729
vt 0.457439 0.277694
vt 0.457501 0.304339
vt 0.468238 0.279401
vt 0.460063 0.304760
vt 0.477980 0.284361
vt 0.462369 0.305953
vt 0.485714 0.292089
vt 0.464194 0.307800
vt 0.490680 0.301828
vt 0.465359 0.310120
vt 0.907730 0.539840
vt 0.907101 0.539840
vt 0.907101 0.476665
vt 0.907730 0.476665
vt 0.966869 0.617395
vt 0.966240 0.617395
vt 0.966240 0.554216
vt 0.966869 0.554216
vt 0.711652 0.541552
vt 0.711008 0.541552
vt 0.711008 0.504740
vt 0.711652 0.504740
vt 0.885957 0.520638
vt 0.885313 0.520638
vt 0.885313 0.483827
vt 0.885957 0.483827
vt 0.885313 0.481786
vt 0.885957 0.481786
vt 0.885313 0.479883
vt 0.885957 0.479883
vt 0.885313 0.478250
vt 0.885957 0.478250
vt 0.885313 0.476997
vt 0.885957 0.476997
vt 0.907101 0.543687
vt 0.907101 0.541831
vt 0.907730 0.541831
vt 0.907730 0.543687
vt 0.907101 0.474674
vt 0.907730 0.474674
vt 0.907101 0.472818
vt 0.907730 0.472818
vt 0.711008 0.548382
vt 0.711008 0.547129
vt 0.711652 0.547129
vt 0.711652 0.548382
vt 0.711008 0.545495
vt 0.711652 0.545495
vt 0.711008 0.543593
vt 0.711652 0.543593
vt 0.885957 0.522680
vt 0.885313 0.522680
vt 0.885957 0.524582
vt 0.885313 0.524582
vt 0.885957 0.526215
vt 0.885313 0.526215
vt 0.885957 0.527469
vt 0.885313 0.527469
vt 0.966240 0.621242
vt 0.966240 0.619386
vt 0.966869 0.619386
vt 0.966869 0.621242
vt 0.966240 0.552224
vt 0.966869 0.552224
vt 0.966240 0.550368
vt 0.966869 0.550368
vt 0.711652 0.497910
vt 0.711652 0.499164
vt 0.711008 0.499164
vt 0.711008 0.497910
vt 0.711652 0.500797
vt 0.711008 0.500797
vt 0.711652 0.502699
vt 0.711008 0.502699
vt 0.809411 0.411509
vt 0.811262 0.412277
vt 0.812852 0.413496
vt 0.814072 0.415086
vt 0.814839 0.416937
vt 0.815100 0.418924
vt 0.815100 0.481949
vt 0.814839 0.483936
vt 0.814072 0.485788
vt 0.812852 0.487377
vt 0.811262 0.488597
vt 0.809411 0.489364
vt 0.807424 0.489626
vt 0.771598 0.489626
vt 0.769611 0.489364
vt 0.767760 0.488597
vt 0.766170 0.487377
vt 0.764950 0.485788
vt 0.764183 0.483936
vt 0.763922 0.481949
vt 0.763922 0.418924
vt 0.764183 0.416937
vt 0.764950 0.415086
vt 0.766170 0.413496
vt 0.767760 0.412277
vt 0.769611 0.411509
vt 0.771598 0.411248
vt 0.807424 0.411248
vt 0.718684 0.550537
vt 0.754510 0.550537
vt 0.756497 0.550799
vt 0.758348 0.551565
vt 0.759938 0.552785
vt 0.761158 0.554375
vt 0.761925 0.556226
vt 0.762186 0.558213
vt 0.762186 0.621238
vt 0.761925 0.623225
vt 0.761158 0.625076
vt 0.759938 0.626666
vt 0.758348 0.627886
vt 0.756497 0.628653
vt 0.754510 0.628915
vt 0.718684 0.628915
vt 0.716697 0.628653
vt 0.714846 0.627886
vt 0.713256 0.626666
vt 0.712036 0.625076
vt 0.711269 0.623225
vt 0.711008 0.621238
vt 0.711008 0.558213
vt 0.711269 0.556226
vt 0.712036 0.554375
vt 0.713256 0.552785
vt 0.714846 0.551565
vt 0.716697 0.550799
vt 0.891539 0.425594
vt 0.891539 0.420243
vt 0.898096 0.420243
vt 0.898096 0.425595
vt 0.891540 0.414820
vt 0.898097 0.414821
vt 0.745578 0.397888
vt 0.745579 0.403381
vt 0.739022 0.403382
vt 0.739021 0.397889
vt 0.745580 0.408917
vt 0.739023 0.408918
vt 0.838956 0.397888
vt 0.838957 0.403424
vt 0.832400 0.403425
vt 0.832399 0.397889
vt 0.838958 0.408917
vt 0.832401 0.408918
vt 0.844849 0.450457
vt 0.844849 0.445035
vt 0.851406 0.445034
vt 0.851407 0.450457
vt 0.844849 0.439684
vt 0.851406 0.439683
vt 0.844849 0.434377
vt 0.851406 0.434377
vt 0.829286 0.465985
vt 0.829286 0.460678
vt 0.835844 0.460678
vt 0.835844 0.465985
vt 0.829286 0.455327
vt 0.835843 0.455327
vt 0.829286 0.449905
vt 0.835843 0.449905
vt 0.754586 0.431578
vt 0.754585 0.426085
vt 0.761142 0.426084
vt 0.761143 0.431577
vt 0.754584 0.420550
vt 0.761141 0.420548
vt 0.726573 0.446671
vt 0.726572 0.441136
vt 0.733129 0.441134
vt 0.733130 0.446670
vt 0.726571 0.435643
vt 0.733128 0.435642
vt 0.717233 0.426668
vt 0.717233 0.421246
vt 0.723790 0.421246
vt 0.723790 0.426668
vt 0.717234 0.415895
vt 0.723791 0.415895
vt 0.717234 0.410588
vt 0.723791 0.410588
vt 0.891538 0.430901
vt 0.898095 0.430901
vt 0.762091 0.438927
vt 0.759576 0.443649
vt 0.745246 0.433691
vt 0.755657 0.447397
vt 0.750720 0.449804
vt 0.745246 0.450633
vt 0.738064 0.414830
vt 0.732590 0.414003
vt 0.738057 0.397888
vt 0.727652 0.411598
vt 0.723732 0.407852
vt 0.721214 0.403130
vt 0.720345 0.397895
vt 0.717233 0.465754
vt 0.718100 0.460518
vt 0.734945 0.465754
vt 0.720616 0.455795
vt 0.724534 0.452047
vt 0.729472 0.449641
vt 0.734945 0.448812
vt 0.875975 0.397884
vt 0.881449 0.398711
vt 0.875982 0.414826
vt 0.886387 0.401116
vt 0.890307 0.404863
vt 0.892825 0.409584
vt 0.893694 0.414819
vt 0.762958 0.433691
vt 0.972916 0.859584
vt 0.953803 0.859575
vt 0.953815 0.834506
vt 0.972928 0.834516
vt 0.953828 0.809473
vt 0.972941 0.809483
vt 0.845364 0.493725
vt 0.843643 0.491486
vt 0.865296 0.478853
vt 0.866372 0.481467
vt 0.972903 0.884711
vt 0.953790 0.884702
vt 0.758833 0.407316
vt 0.738578 0.420623
vt 0.736504 0.418369
vt 0.757556 0.404536
vt 0.972954 0.784450
vt 0.953841 0.784440
vt 0.715922 0.446836
vt 0.713160 0.447442
vt 0.711008 0.422502
vt 0.713834 0.422638
vt 0.723491 0.439533
vt 0.720826 0.438025
vt 0.828286 0.511123
vt 0.826041 0.509417
vt 0.894779 0.816576
vt 0.891555 0.816576
vt 0.891551 0.792254
vt 0.894776 0.792253
vt 0.552814 0.714707
vt 0.533701 0.714679
vt 0.533738 0.689495
vt 0.552851 0.689523
vt 0.782270 0.400920
vt 0.781915 0.397887
vt 0.105154 0.177625
vt 0.103680 0.175581
vt 0.125335 0.164461
vt 0.126110 0.166864
vt 0.972966 0.759381
vt 0.953854 0.759372
vt 0.718230 0.398751
vt 0.715539 0.397883
vt 0.715041 0.462202
vt 0.712041 0.461583
vt 0.891548 0.767966
vt 0.894772 0.767965
vt 0.149339 0.160629
vt 0.149339 0.163156
vt 0.816335 0.532435
vt 0.813723 0.531383
vt 0.894782 0.840954
vt 0.891558 0.840955
vt 0.254452 0.219035
vt 0.253821 0.218160
vt 0.274855 0.207359
vt 0.275187 0.208388
vt 0.552777 0.739926
vt 0.533664 0.739898
vt 0.806582 0.402064
vt 0.807184 0.399076
vt 0.088523 0.194386
vt 0.086495 0.192900
vt 0.801870 0.678704
vt 0.780001 0.667572
vt 0.781184 0.663860
vt 0.804133 0.675541
vt 0.972979 0.734255
vt 0.953866 0.734245
vt 0.868781 0.413046
vt 0.847962 0.400470
vt 0.849078 0.397872
vt 0.870536 0.410834
vt 0.714048 0.486409
vt 0.711008 0.486744
vt 0.894769 0.743677
vt 0.891545 0.743678
vt 0.172569 0.166864
vt 0.173343 0.164461
vt 0.298171 0.203637
vt 0.298171 0.204719
vt 0.755811 0.663793
vt 0.755805 0.659906
vt 0.359453 0.266191
vt 0.356724 0.266377
vt 0.358287 0.241910
vt 0.360969 0.242452
vt 0.589881 0.713938
vt 0.586657 0.713931
vt 0.586708 0.689496
vt 0.589932 0.689503
vt 0.237998 0.235619
vt 0.237129 0.234983
vt 0.422429 0.810414
vt 0.421658 0.810415
vt 0.421634 0.786438
vt 0.422405 0.786437
vt 0.552740 0.765146
vt 0.533627 0.765118
vt 0.829407 0.410637
vt 0.830910 0.407983
vt 0.077846 0.215505
vt 0.075462 0.214725
vt 0.819262 0.696115
vt 0.822387 0.693811
vt 0.800803 0.680181
vt 0.779444 0.669305
vt 0.764097 0.582581
vt 0.763922 0.557398
vt 0.783034 0.557265
vt 0.783209 0.582448
vt 0.885592 0.430702
vt 0.887863 0.429031
vt 0.720618 0.509791
vt 0.717835 0.511047
vt 0.894766 0.719354
vt 0.891541 0.719355
vt 0.193524 0.177625
vt 0.194998 0.175581
vt 0.321155 0.208388
vt 0.321487 0.207359
vt 0.731637 0.667675
vt 0.730442 0.663968
vt 0.421609 0.762495
vt 0.422381 0.762495
vt 0.755814 0.665614
vt 0.361586 0.290406
vt 0.364170 0.289505
vt 0.589830 0.738407
vt 0.586606 0.738400
vt 0.227433 0.256516
vt 0.226412 0.256182
vt 0.422453 0.834447
vt 0.421683 0.834447
vt 0.909623 0.558229
vt 0.888295 0.547275
vt 0.889045 0.544949
vt 0.911049 0.556251
vt 0.552703 0.790330
vt 0.533590 0.790302
vt 0.850754 0.423746
vt 0.848500 0.425800
vt 0.074167 0.238917
vt 0.071660 0.238917
vt 0.830467 0.718102
vt 0.834147 0.716883
vt 0.817791 0.697190
vt 0.793886 0.689842
vt 0.775823 0.680643
vt 0.764273 0.607800
vt 0.783385 0.607667
vt 0.897218 0.452194
vt 0.899845 0.451182
vt 0.734108 0.530056
vt 0.731855 0.532110
vt 0.894762 0.694976
vt 0.891538 0.694976
vt 0.210155 0.194386
vt 0.212183 0.192901
vt 0.341889 0.219035
vt 0.342520 0.218160
vt 0.709814 0.678898
vt 0.707540 0.675742
vt 0.422356 0.738551
vt 0.421585 0.738552
vt 0.732201 0.669406
vt 0.864652 0.543499
vt 0.864652 0.541054
vt 0.755836 0.677537
vt 0.853810 0.421004
vt 0.841737 0.398903
vt 0.844359 0.397880
vt 0.856074 0.419323
vt 0.589779 0.762876
vt 0.586555 0.762869
vt 0.223793 0.279680
vt 0.222719 0.279680
vt 0.593542 0.713584
vt 0.592771 0.713583
vt 0.592785 0.689497
vt 0.593556 0.689497
vt 0.926549 0.575289
vt 0.928512 0.573852
vt 0.636662 0.889561
vt 0.627248 0.889582
vt 0.627192 0.864848
vt 0.636606 0.864827
vt 0.928889 0.869032
vt 0.948002 0.869032
vt 0.948002 0.894159
vt 0.928889 0.894159
vt 0.864773 0.444803
vt 0.861990 0.446059
vt 0.075462 0.263109
vt 0.077846 0.262328
vt 0.834384 0.742505
vt 0.838269 0.742497
vt 0.828736 0.718669
vt 0.808248 0.704225
vt 0.786916 0.699576
vt 0.772182 0.692053
vt 0.764448 0.633019
vt 0.783561 0.632886
vt 0.829573 0.448188
vt 0.826760 0.448132
vt 0.824032 0.423815
vt 0.826762 0.423126
vt 0.751698 0.547877
vt 0.753201 0.545223
vt 0.580330 0.713938
vt 0.580279 0.689503
vt 0.583503 0.689496
vt 0.583554 0.713931
vt 0.220832 0.215506
vt 0.223216 0.214725
vt 0.358344 0.235619
vt 0.359212 0.234983
vt 0.692485 0.696384
vt 0.689352 0.694091
vt 0.422332 0.714574
vt 0.421561 0.714575
vt 0.710884 0.680370
vt 0.841009 0.547272
vt 0.840259 0.544946
vt 0.735862 0.680732
vt 0.627136 0.840150
vt 0.636550 0.840128
vt 0.755859 0.689479
vt 0.871212 0.439129
vt 0.872958 0.436909
vt 0.589728 0.787311
vt 0.586504 0.787304
vt 0.226412 0.303179
vt 0.227433 0.302844
vt 0.593528 0.737705
vt 0.592757 0.737704
vt 0.937415 0.596786
vt 0.939723 0.596031
vt 0.636718 0.914352
vt 0.627304 0.914373
vt 0.928889 0.843964
vt 0.948002 0.843964
vt 0.871602 0.469113
vt 0.868562 0.469448
vt 0.086495 0.284933
vt 0.088523 0.283449
vt 0.834266 0.768129
vt 0.830580 0.766927
vt 0.832562 0.742509
vt 0.817497 0.722381
vt 0.798621 0.711318
vt 0.821153 0.414811
vt 0.806879 0.407362
vt 0.807933 0.404157
vt 0.823147 0.412089
vt 0.764623 0.658203
vt 0.783736 0.658070
vt 0.825761 0.473118
vt 0.823061 0.472320
vt 0.775426 0.556781
vt 0.776029 0.553793
vt 0.580381 0.738407
vt 0.583605 0.738400
vt 0.227018 0.238917
vt 0.224511 0.238917
vt 0.368909 0.256516
vt 0.369929 0.256181
vt 0.681359 0.718431
vt 0.677674 0.717226
vt 0.422308 0.690542
vt 0.421537 0.690543
vt 0.693958 0.697454
vt 0.819679 0.558223
vt 0.818254 0.556245
vt 0.717834 0.690008
vt 0.636494 0.815430
vt 0.627080 0.815451
vt 0.739545 0.692127
vt 0.791054 0.404728
vt 0.791074 0.401376
vt 0.892723 0.452002
vt 0.893829 0.449399
vt 0.978715 0.519489
vt 0.981939 0.519488
vt 0.981944 0.543868
vt 0.978719 0.543868
vt 0.237129 0.324377
vt 0.237998 0.323741
vt 0.593514 0.761825
vt 0.592743 0.761824
vt 0.941158 0.620615
vt 0.943584 0.620615
vt 0.577905 0.714426
vt 0.568491 0.714343
vt 0.568712 0.689496
vt 0.578126 0.689579
vt 0.928889 0.818930
vt 0.948002 0.818930
vt 0.870571 0.494281
vt 0.867570 0.493662
vt 0.103680 0.302253
vt 0.105154 0.300209
vt 0.822613 0.791252
vt 0.819477 0.788962
vt 0.828847 0.766367
vt 0.820747 0.742535
vt 0.806150 0.726132
vt 0.832465 0.426352
vt 0.835199 0.424380
vt 0.889338 0.562226
vt 0.877843 0.556323
vt 0.880976 0.546603
vt 0.895298 0.553958
vt 0.928889 0.768828
vt 0.928889 0.743702
vt 0.948002 0.743702
vt 0.948002 0.768828
vt 0.848130 0.483952
vt 0.845904 0.482222
vt 0.858086 0.461041
vt 0.860685 0.462121
vt 0.800701 0.557968
vt 0.800347 0.554935
vt 0.580432 0.762876
vt 0.583656 0.762870
vt 0.223216 0.263109
vt 0.220832 0.262329
vt 0.373623 0.279680
vt 0.372549 0.279680
vt 0.673657 0.742890
vt 0.677543 0.742880
vt 0.015634 0.268668
vt 0.015622 0.245253
vt 0.016371 0.245252
vt 0.016383 0.268668
vt 0.683092 0.718992
vt 0.802751 0.575281
vt 0.800789 0.573844
vt 0.703526 0.704455
vt 0.636438 0.790696
vt 0.627024 0.790717
vt 0.724840 0.699716
vt 0.775196 0.407160
vt 0.774185 0.403941
vt 0.865101 0.554289
vt 0.865101 0.544069
vt 0.046513 0.271864
vt 0.042620 0.295886
vt 0.039986 0.295097
vt 0.043763 0.271791
vt 0.978710 0.495166
vt 0.981934 0.495166
vt 0.253822 0.341200
vt 0.254453 0.340325
vt 0.593500 0.785912
vt 0.592729 0.785911
vt 0.939719 0.645199
vt 0.937412 0.644443
vt 0.577684 0.739308
vt 0.568270 0.739224
vt 0.928889 0.793897
vt 0.948002 0.793897
vt 0.861780 0.517837
vt 0.859116 0.516329
vt 0.125335 0.313374
vt 0.126109 0.310971
vt 0.804447 0.809603
vt 0.802169 0.806450
vt 0.818003 0.787894
vt 0.817592 0.762704
vt 0.808756 0.742562
vt 0.839657 0.440812
vt 0.842864 0.439780
vt 0.898462 0.571422
vt 0.906665 0.565414
vt 0.916625 0.537412
vt 0.916812 0.524491
vt 0.921701 0.524562
vt 0.921515 0.537483
vt 0.830335 0.501691
vt 0.828638 0.499433
vt 0.825054 0.551320
vt 0.823777 0.548541
vt 0.580483 0.787311
vt 0.583707 0.787304
vt 0.212183 0.284934
vt 0.210155 0.283449
vt 0.369930 0.303178
vt 0.368909 0.302844
vt 0.677799 0.768532
vt 0.681477 0.767308
vt 0.015646 0.292117
vt 0.016395 0.292117
vt 0.679363 0.742875
vt 0.791882 0.596776
vt 0.789575 0.596021
vt 0.694347 0.722660
vt 0.636382 0.765905
vt 0.626968 0.765926
vt 0.713178 0.711513
vt 0.760836 0.414378
vt 0.758884 0.411627
vt 0.852359 0.556323
vt 0.849226 0.546603
vt 0.916998 0.511589
vt 0.921887 0.511659
vt 0.041231 0.248316
vt 0.043903 0.247669
vt 0.978705 0.470878
vt 0.981929 0.470878
vt 0.274855 0.352001
vt 0.275187 0.350972
vt 0.025384 0.277171
vt 0.026134 0.277171
vt 0.026137 0.300533
vt 0.025388 0.300533
vt 0.928506 0.667376
vt 0.926543 0.665938
vt 0.577463 0.764190
vt 0.568049 0.764106
vt 0.846098 0.537490
vt 0.844024 0.535235
vt 0.149339 0.317205
vt 0.149339 0.314678
vt 0.781558 0.821387
vt 0.780359 0.817681
vt 0.801097 0.804978
vt 0.808429 0.780902
vt 0.806228 0.759004
vt 0.842065 0.456839
vt 0.845458 0.456863
vt 0.904320 0.583009
vt 0.913964 0.579851
vt 0.916439 0.550364
vt 0.921328 0.550435
vt 0.808546 0.514089
vt 0.807498 0.511463
vt 0.978695 0.422267
vt 0.978691 0.397889
vt 0.981915 0.397888
vt 0.981920 0.422267
vt 0.194998 0.302254
vt 0.193524 0.300209
vt 0.359213 0.324377
vt 0.358344 0.323741
vt 0.689586 0.791606
vt 0.692707 0.789297
vt 0.015658 0.315566
vt 0.016408 0.315566
vt 0.683207 0.766738
vt 0.785710 0.620605
vt 0.788136 0.620605
vt 0.691180 0.742844
vt 0.555599 0.714426
vt 0.555378 0.689579
vt 0.564792 0.689496
vt 0.565013 0.714342
vt 0.705710 0.726367
vt 0.749381 0.425729
vt 0.746674 0.423720
vt 0.840863 0.562226
vt 0.834904 0.553958
vt 0.917184 0.498687
vt 0.922073 0.498757
vt 0.299355 0.212208
vt 0.299355 0.205297
vt 0.311742 0.207274
vt 0.310151 0.212208
vt 0.978700 0.446590
vt 0.981924 0.446589
vt 0.298171 0.355723
vt 0.298171 0.354641
vt 0.025381 0.253863
vt 0.026131 0.253863
vt 0.911041 0.684975
vt 0.909615 0.682997
vt 0.577242 0.789037
vt 0.567828 0.788953
vt 0.172569 0.310971
vt 0.173343 0.313374
vt 0.756201 0.825461
vt 0.756190 0.821575
vt 0.779793 0.815951
vt 0.794137 0.795348
vt 0.798771 0.773852
vt 0.842621 0.473907
vt 0.839429 0.472831
vt 0.906339 0.595855
vt 0.916479 0.595855
vt 0.872987 0.461835
vt 0.872863 0.448852
vt 0.877753 0.448805
vt 0.877877 0.461788
vt 0.342520 0.341200
vt 0.341889 0.340325
vt 0.707863 0.809863
vt 0.710121 0.806696
vt 0.015670 0.338982
vt 0.016420 0.338981
vt 0.694175 0.788219
vt 0.789572 0.645189
vt 0.791879 0.644434
vt 0.694442 0.763012
vt 0.555820 0.739308
vt 0.565234 0.739224
vt 0.703173 0.742814
vt 0.741959 0.440105
vt 0.738765 0.439033
vt 0.831740 0.571421
vt 0.823537 0.565414
vt 0.917370 0.485765
vt 0.922259 0.485836
vt 0.288558 0.212208
vt 0.286968 0.207274
vt 0.321155 0.350972
vt 0.321487 0.352001
vt 0.025378 0.230588
vt 0.026127 0.230588
vt 0.889035 0.696273
vt 0.888286 0.693948
vt 0.615370 0.889623
vt 0.624784 0.889558
vt 0.624955 0.914348
vt 0.615541 0.914413
vt 0.730822 0.821523
vt 0.731998 0.817810
vt 0.756184 0.819754
vt 0.776120 0.804629
vt 0.787124 0.785646
vt 0.834737 0.489198
vt 0.832032 0.487187
vt 0.913964 0.611859
vt 0.904321 0.608700
vt 0.873111 0.474838
vt 0.878002 0.474791
vt 0.323665 0.237741
vt 0.323665 0.227899
vt 0.331785 0.221952
vt 0.337480 0.233216
vt 0.025371 0.184005
vt 0.025367 0.160643
vt 0.026117 0.160643
vt 0.026120 0.184005
vt 0.711185 0.805217
vt 0.800783 0.667367
vt 0.802746 0.665930
vt 0.703707 0.781169
vt 0.556041 0.764190
vt 0.565455 0.764106
vt 0.705785 0.759246
vt 0.735909 0.456083
vt 0.739300 0.456107
vt 0.825882 0.583009
vt 0.816238 0.579850
vt 0.917557 0.472813
vt 0.922446 0.472884
vt 0.025374 0.207313
vt 0.026124 0.207313
vt 0.864642 0.700166
vt 0.864642 0.697721
vt 0.615199 0.864889
vt 0.624613 0.864824
vt 0.732553 0.816076
vt 0.756148 0.807831
vt 0.772428 0.793235
vt 0.822511 0.501315
vt 0.820557 0.498566
vt 0.906665 0.626296
vt 0.898463 0.620288
vt 0.873236 0.487840
vt 0.878126 0.487793
vt 0.323665 0.245704
vt 0.339443 0.245704
vt 0.818245 0.684969
vt 0.819671 0.682991
vt 0.718086 0.795545
vt 0.556262 0.789037
vt 0.565676 0.788953
vt 0.713320 0.774063
vt 0.738522 0.473170
vt 0.741731 0.472145
vt 0.813723 0.595855
vt 0.823863 0.595855
vt 0.983620 0.556857
vt 0.978730 0.556852
vt 0.978743 0.543868
vt 0.983633 0.543873
vt 0.840250 0.696270
vt 0.841000 0.693945
vt 0.615029 0.840191
vt 0.624443 0.840127
vt 0.736159 0.804732
vt 0.756115 0.795888
vt 0.807186 0.509030
vt 0.806177 0.505809
vt 0.895298 0.637752
vt 0.889339 0.629483
vt 0.873361 0.500824
vt 0.878251 0.500777
vt 0.337481 0.258191
vt 0.323665 0.253666
vt 0.614688 0.790760
vt 0.614517 0.765970
vt 0.623931 0.765905
vt 0.624102 0.790695
vt 0.725042 0.785802
vt 0.746212 0.488595
vt 0.748947 0.486624
vt 0.816239 0.611859
vt 0.825882 0.608700
vt 0.983607 0.569860
vt 0.978717 0.569855
vt 0.274774 0.237653
vt 0.261228 0.233216
vt 0.266923 0.221952
vt 0.274774 0.227701
vt 0.614859 0.815493
vt 0.624273 0.815428
vt 0.739786 0.793319
vt 0.790289 0.511569
vt 0.790317 0.508218
vt 0.880976 0.645107
vt 0.877843 0.635386
vt 0.915104 0.537423
vt 0.915104 0.550376
vt 0.910214 0.550376
vt 0.910214 0.537423
vt 0.331786 0.269456
vt 0.323665 0.263508
vt 0.758248 0.500861
vt 0.760239 0.498138
vt 0.823537 0.626295
vt 0.831740 0.620288
vt 0.983594 0.582863
vt 0.978704 0.582858
vt 0.259266 0.245704
vt 0.274774 0.245704
vt 0.773438 0.508764
vt 0.774495 0.505560
vt 0.865101 0.647641
vt 0.865101 0.637420
vt 0.915104 0.524500
vt 0.910214 0.524500
vt 0.834904 0.637751
vt 0.840864 0.629483
vt 0.983581 0.595847
vt 0.978691 0.595842
vt 0.261229 0.258191
vt 0.274774 0.253755
vt 0.849226 0.645106
vt 0.852359 0.635386
vt 0.915104 0.511596
vt 0.910214 0.511596
vt 0.915104 0.485770
vt 0.910214 0.485770
vt 0.910214 0.472817
vt 0.915104 0.472817
vt 0.266924 0.269455
vt 0.274774 0.263706
vt 0.910214 0.498693
vt 0.915104 0.498693
vt 0.299354 0.286110
vt 0.299354 0.279579
vt 0.310273 0.279579
vt 0.311742 0.284133
vt 0.286968 0.284133
vt 0.288436 0.279579
vt 0.174258 0.241281
vt 0.189185 0.241367
vt 0.189174 0.243274
vt 0.174248 0.243189
vt 0.174281 0.237466
vt 0.189207 0.237555
vt 0.189196 0.239491
vt 0.174269 0.239374
vt 0.354620 0.235913
vt 0.339693 0.235907
vt 0.339694 0.233999
vt 0.354621 0.234005
vt 0.354595 0.295413
vt 0.339669 0.295407
vt 0.339670 0.293500
vt 0.354596 0.293506
vt 0.128009 0.244323
vt 0.113082 0.244335
vt 0.113081 0.242427
vt 0.128008 0.242416
vt 0.128010 0.246231
vt 0.113084 0.246242
vt 0.128040 0.285345
vt 0.128042 0.287252
vt 0.113115 0.287263
vt 0.113114 0.285356
vt 0.128043 0.289159
vt 0.113116 0.289171
vt 0.242238 0.292763
vt 0.242237 0.290855
vt 0.257164 0.290849
vt 0.257165 0.292756
vt 0.242212 0.233262
vt 0.242211 0.231355
vt 0.257138 0.231348
vt 0.257138 0.233256
vt 0.174001 0.286117
vt 0.174012 0.284209
vt 0.188939 0.284295
vt 0.188928 0.286202
vt 0.174023 0.282302
vt 0.188950 0.282388
vt 0.322344 0.213807
vt 0.322233 0.213640
vt 0.320647 0.212581
vt 0.318776 0.212208
vt 0.322916 0.213013
vt 0.189123 0.252170
vt 0.189061 0.262966
vt 0.188999 0.273762
vt 0.318776 0.279579
vt 0.320647 0.279206
vt 0.322233 0.278147
vt 0.322476 0.277783
vt 0.322917 0.278395
vt 0.275793 0.278394
vt 0.276093 0.277978
vt 0.276206 0.278147
vt 0.277791 0.279206
vt 0.279662 0.279579
vt 0.113107 0.276853
vt 0.113099 0.265934
vt 0.113090 0.255015
vt 0.323665 0.217097
vt 0.323293 0.215226
vt 0.276232 0.213622
vt 0.275793 0.213013
vt 0.279662 0.212208
vt 0.277792 0.212581
vt 0.323293 0.276561
vt 0.323665 0.274690
vt 0.274774 0.274690
vt 0.275146 0.276561
vt 0.275146 0.215226
vt 0.274774 0.217097
vt 0.032692 0.370970
vt 0.030822 0.370598
vt 0.029236 0.369539
vt 0.028176 0.367953
vt 0.027804 0.366082
vt 0.027804 0.308489
vt 0.028176 0.306618
vt 0.029236 0.305032
vt 0.030822 0.303972
vt 0.032693 0.303600
vt 0.071806 0.303600
vt 0.073677 0.303972
vt 0.075263 0.305032
vt 0.076323 0.306618
vt 0.076695 0.308489
vt 0.076695 0.366082
vt 0.076323 0.367953
vt 0.075263 0.369539
vt 0.073677 0.370598
vt 0.071806 0.370970
vt 0.173990 0.288024
vt 0.188927 0.286402
vt 0.188917 0.288110
vt 0.113081 0.242224
vt 0.113079 0.240520
vt 0.128006 0.240508
vt 0.128045 0.291067
vt 0.113118 0.291078
vt 0.113117 0.289608
vt 0.339674 0.282516
vt 0.339678 0.272564
vt 0.339681 0.264513
vt 0.339685 0.256462
vt 0.339689 0.246511
vt 0.257143 0.244058
vt 0.257148 0.253900
vt 0.257151 0.261862
vt 0.257155 0.269825
vt 0.257159 0.279667
vt 0.015622 0.006739
vt 0.215830 0.006716
vt 0.215847 0.160621
vt 0.015639 0.160644
vt 0.399754 0.673979
vt 0.605704 0.673986
vt 0.605703 0.676756
vt 0.399754 0.676749
vt 0.217875 0.203505
vt 0.217846 0.006737
vt 0.360317 0.006716
vt 0.360346 0.203484
vt 0.969365 0.603838
vt 0.969353 0.397889
vt 0.978583 0.397888
vt 0.978595 0.603838
vt 0.601644 0.790237
vt 0.601663 0.799467
vt 0.452545 0.799767
vt 0.447862 0.797838
vt 0.443330 0.793325
vt 0.443325 0.790555
vt 0.798053 0.975955
vt 0.788823 0.975954
vt 0.788833 0.817634
vt 0.791603 0.817635
vt 0.796125 0.822157
vt 0.798063 0.826836
vt 0.605703 0.683152
vt 0.399754 0.683145
vt 0.399754 0.688209
vt 0.605703 0.688216
vt 0.603934 0.689497
vt 0.401523 0.689490
vt 0.605698 0.837334
vt 0.603929 0.836053
vt 0.399748 0.837327
vt 0.401518 0.836046
vt 0.984946 0.881102
vt 0.984916 0.678703
vt 0.985616 0.678703
vt 0.985646 0.881101
vt 0.452663 0.799767
vt 0.599203 0.799746
vt 0.599203 0.800446
vt 0.452663 0.800468
vt 0.951378 0.736609
vt 0.951408 0.939028
vt 0.950707 0.939028
vt 0.950677 0.736609
vt 0.599214 0.801147
vt 0.452663 0.801169
vt 0.452663 0.800468
vt 0.599214 0.800447
vt 0.907938 0.655173
vt 0.901873 0.655172
vt 0.901873 0.653979
vt 0.907938 0.653979
vt 0.914034 0.655173
vt 0.914034 0.653979
vt 0.920161 0.655174
vt 0.920161 0.653980
vt 0.926307 0.655174
vt 0.926307 0.653980
vt 0.810531 0.655165
vt 0.804386 0.655165
vt 0.804386 0.653971
vt 0.810531 0.653972
vt 0.816658 0.655166
vt 0.816658 0.653972
vt 0.822754 0.655167
vt 0.822754 0.653973
vt 0.828820 0.655167
vt 0.828820 0.653973
vt 0.834866 0.655167
vt 0.834866 0.653973
vt 0.840912 0.655168
vt 0.840912 0.653974
vt 0.846977 0.655168
vt 0.846977 0.653974
vt 0.853074 0.655169
vt 0.853074 0.653975
vt 0.859200 0.655169
vt 0.859200 0.653975
vt 0.865346 0.655170
vt 0.865346 0.653976
vt 0.871492 0.655170
vt 0.871492 0.653976
vt 0.877619 0.655170
vt 0.877619 0.653977
vt 0.883715 0.655171
vt 0.883715 0.653977
vt 0.889780 0.655172
vt 0.889780 0.653978
vt 0.895826 0.655172
vt 0.895827 0.653978
vt 0.901816 0.647638
vt 0.908265 0.647639
vt 0.908265 0.653969
vt 0.901816 0.653969
vt 0.914747 0.647639
vt 0.914747 0.653968
vt 0.921262 0.647638
vt 0.921262 0.653968
vt 0.927796 0.647638
vt 0.927796 0.653968
vt 0.798160 0.647642
vt 0.804695 0.647642
vt 0.804695 0.653971
vt 0.798160 0.653971
vt 0.811209 0.647641
vt 0.811210 0.653971
vt 0.817692 0.647641
vt 0.817692 0.653971
vt 0.824140 0.647641
vt 0.824141 0.653971
vt 0.830569 0.647640
vt 0.830570 0.653971
vt 0.836998 0.647640
vt 0.836998 0.653971
vt 0.843447 0.647641
vt 0.843447 0.653970
vt 0.849929 0.647641
vt 0.849929 0.653970
vt 0.856444 0.647640
vt 0.856444 0.653969
vt 0.862978 0.647640
vt 0.862978 0.653970
vt 0.869513 0.647640
vt 0.869513 0.653969
vt 0.876027 0.647640
vt 0.876028 0.653969
vt 0.882509 0.647640
vt 0.882510 0.653969
vt 0.888958 0.647639
vt 0.888959 0.653969
vt 0.895387 0.647638
vt 0.895387 0.653969
vt 0.821986 0.477837
vt 0.820255 0.483930
vt 0.819550 0.483644
vt 0.821241 0.477694
vt 0.822477 0.471489
vt 0.821721 0.471495
vt 0.821714 0.465136
vt 0.820976 0.465292
vt 0.819700 0.459018
vt 0.819022 0.459348
vt 0.758982 0.465126
vt 0.760996 0.459008
vt 0.761675 0.459339
vt 0.759719 0.465282
vt 0.758217 0.471480
vt 0.758972 0.471485
vt 0.758706 0.477828
vt 0.759451 0.477684
vt 0.760435 0.483921
vt 0.761140 0.483635
vt 0.763340 0.489526
vt 0.763979 0.489109
vt 0.767313 0.494434
vt 0.767857 0.493902
vt 0.772203 0.498459
vt 0.772633 0.497834
vt 0.777824 0.501450
vt 0.778121 0.500755
vt 0.783952 0.503293
vt 0.784104 0.502555
vt 0.790341 0.503916
vt 0.790341 0.503165
vt 0.796731 0.503294
vt 0.796579 0.502556
vt 0.802859 0.501453
vt 0.802562 0.500757
vt 0.808481 0.498463
vt 0.808051 0.497838
vt 0.813373 0.494440
vt 0.812829 0.493909
vt 0.817347 0.489535
vt 0.816709 0.489116
vt 0.820739 0.484125
vt 0.820503 0.484031
vt 0.822248 0.477887
vt 0.822498 0.477933
vt 0.822743 0.471487
vt 0.822997 0.471483
vt 0.821972 0.465080
vt 0.822220 0.465026
vt 0.819942 0.458911
vt 0.820181 0.458823
vt 0.760516 0.458813
vt 0.760754 0.458901
vt 0.758723 0.465070
vt 0.758475 0.465016
vt 0.757951 0.471477
vt 0.757697 0.471472
vt 0.758444 0.477877
vt 0.758194 0.477923
vt 0.760187 0.484021
vt 0.759950 0.484115
vt 0.763115 0.489673
vt 0.762902 0.489813
vt 0.767121 0.494621
vt 0.766940 0.494800
vt 0.772053 0.498679
vt 0.771911 0.498890
vt 0.777720 0.501694
vt 0.777622 0.501929
vt 0.783899 0.503552
vt 0.783849 0.503801
vt 0.790341 0.504180
vt 0.790341 0.504434
vt 0.796783 0.503554
vt 0.796833 0.503803
vt 0.802963 0.501697
vt 0.803061 0.501932
vt 0.808631 0.498684
vt 0.808773 0.498895
vt 0.813564 0.494628
vt 0.813745 0.494807
vt 0.817572 0.489682
vt 0.817785 0.489821
vt 0.891744 0.578337
vt 0.891494 0.578384
vt 0.889586 0.572287
vt 0.889819 0.572183
vt 0.891231 0.578436
vt 0.889341 0.572396
vt 0.891939 0.584778
vt 0.891672 0.584769
vt 0.892193 0.584789
vt 0.890899 0.591137
vt 0.890643 0.591067
vt 0.891145 0.591205
vt 0.888434 0.597124
vt 0.888201 0.596998
vt 0.888657 0.597246
vt 0.884665 0.602428
vt 0.884465 0.602253
vt 0.884866 0.602582
vt 0.843245 0.602258
vt 0.843046 0.602433
vt 0.839274 0.597131
vt 0.839507 0.597005
vt 0.842845 0.602587
vt 0.839051 0.597253
vt 0.836807 0.591144
vt 0.837063 0.591074
vt 0.836562 0.591213
vt 0.835765 0.584786
vt 0.836033 0.584777
vt 0.835511 0.584797
vt 0.836209 0.578392
vt 0.836472 0.578444
vt 0.835959 0.578344
vt 0.838115 0.572294
vt 0.838361 0.572404
vt 0.837883 0.572190
vt 0.841388 0.566806
vt 0.841602 0.566968
vt 0.841186 0.566652
vt 0.845857 0.562212
vt 0.846028 0.562417
vt 0.845696 0.562015
vt 0.851289 0.558747
vt 0.851408 0.558985
vt 0.851176 0.558519
vt 0.857395 0.556592
vt 0.857456 0.556850
vt 0.857337 0.556345
vt 0.863849 0.555860
vt 0.863849 0.556125
vt 0.863849 0.555607
vt 0.870303 0.556590
vt 0.870242 0.556848
vt 0.870361 0.556343
vt 0.876410 0.558743
vt 0.876291 0.558981
vt 0.876522 0.558515
vt 0.881843 0.562206
vt 0.881672 0.562411
vt 0.882004 0.562010
vt 0.886313 0.566800
vt 0.886099 0.566962
vt 0.886515 0.566645
vt 0.819127 0.483473
vt 0.820794 0.477609
vt 0.821267 0.471500
vt 0.820532 0.465387
vt 0.818608 0.459534
vt 0.762089 0.459524
vt 0.760163 0.465377
vt 0.759427 0.471490
vt 0.759899 0.477599
vt 0.761563 0.483464
vt 0.764361 0.488859
vt 0.768183 0.493583
vt 0.772890 0.497458
vt 0.778299 0.500336
vt 0.784195 0.502110
vt 0.790341 0.502711
vt 0.796488 0.502111
vt 0.802384 0.500339
vt 0.807794 0.497462
vt 0.812503 0.493590
vt 0.816327 0.488866
vt 0.103510 0.250180
vt 0.097948 0.251900
vt 0.095003 0.233384
vt 0.092098 0.251807
vt 0.086533 0.249911
vt 0.081798 0.246399
vt 0.078355 0.241612
vt 0.076540 0.236021
vt 0.076533 0.230170
vt 0.078334 0.224633
vt 0.081767 0.219953
vt 0.086497 0.216588
vt 0.092059 0.214868
vt 0.097909 0.214960
vt 0.103474 0.216856
vt 0.108209 0.220369
vt 0.111652 0.225155
vt 0.113466 0.230747
vt 0.113474 0.236597
vt 0.111673 0.242134
vt 0.108240 0.246815
vt 0.890712 0.584737
vt 0.890287 0.578621
vt 0.889717 0.590817
vt 0.887359 0.596543
vt 0.883760 0.601603
vt 0.840348 0.596549
vt 0.843950 0.601607
vt 0.837989 0.590824
vt 0.836993 0.584744
vt 0.837416 0.578629
vt 0.839240 0.572796
vt 0.842369 0.567548
vt 0.846644 0.563154
vt 0.851839 0.559842
vt 0.857678 0.557782
vt 0.863849 0.557081
vt 0.870020 0.557780
vt 0.875860 0.559838
vt 0.881056 0.563149
vt 0.885331 0.567541
vt 0.888462 0.572789
vt 0.889822 0.578717
vt 0.890058 0.578668
vt 0.890479 0.584731
vt 0.890241 0.584727
vt 0.889494 0.590759
vt 0.889265 0.590702
vt 0.887158 0.596435
vt 0.886952 0.596326
vt 0.883594 0.601445
vt 0.883427 0.601283
vt 0.844283 0.601288
vt 0.844116 0.601450
vt 0.840550 0.596441
vt 0.840756 0.596332
vt 0.838212 0.590766
vt 0.838441 0.590709
vt 0.837225 0.584738
vt 0.837464 0.584735
vt 0.837646 0.578675
vt 0.837881 0.578724
vt 0.839454 0.572893
vt 0.839675 0.572991
vt 0.842557 0.567688
vt 0.842750 0.567831
vt 0.846794 0.563331
vt 0.846951 0.563511
vt 0.851944 0.560047
vt 0.852054 0.560255
vt 0.857732 0.558004
vt 0.857789 0.558230
vt 0.863849 0.557309
vt 0.863849 0.557541
vt 0.869966 0.558002
vt 0.869910 0.558228
vt 0.875755 0.560043
vt 0.875645 0.560251
vt 0.880905 0.563326
vt 0.880749 0.563506
vt 0.885144 0.567682
vt 0.884950 0.567825
vt 0.888247 0.572885
vt 0.888027 0.572984
vt 0.653051 0.675174
vt 0.653046 0.673958
vt 0.672204 0.674020
vt 0.671058 0.675318
vt 0.870707 0.445469
vt 0.870970 0.444298
vt 0.889873 0.451878
vt 0.888483 0.452524
vt 0.926984 0.776958
vt 0.926080 0.777717
vt 0.917431 0.758412
vt 0.918716 0.758543
vt 0.971524 0.635183
vt 0.972680 0.635153
vt 0.972471 0.719027
vt 0.971392 0.719592
vt 0.552296 0.556603
vt 0.553453 0.556602
vt 0.553418 0.639674
vt 0.552265 0.640013
vt 0.651895 0.675154
vt 0.653051 0.758208
vt 0.651868 0.758262
vt 0.971657 0.720693
vt 0.941363 0.743703
vt 0.942018 0.741885
vt 0.419231 0.725676
vt 0.418115 0.726048
vt 0.402861 0.689496
vt 0.404604 0.690492
vt 0.932620 0.910963
vt 0.932976 0.912130
vt 0.891538 0.914515
vt 0.893039 0.913031
vt 0.934067 0.911946
vt 0.940555 0.929184
vt 0.939586 0.929950
vt 0.816880 0.415240
vt 0.818033 0.415354
vt 0.818029 0.433467
vt 0.816836 0.433666
vt 0.653047 0.759416
vt 0.671169 0.758227
vt 0.671181 0.759411
vt 0.940176 0.930988
vt 0.932662 0.939127
vt 0.931570 0.938606
vt 0.869750 0.399011
vt 0.870945 0.398973
vt 0.870897 0.409517
vt 0.869757 0.410055
vt 0.937796 0.674000
vt 0.937322 0.675097
vt 0.929855 0.667808
vt 0.930197 0.666540
vt 0.905040 0.800860
vt 0.908690 0.756941
vt 0.942802 0.635956
vt 0.938333 0.675790
vt 0.672363 0.758242
vt 0.874710 0.535849
vt 0.873587 0.535412
vt 0.905787 0.801538
vt 0.941340 0.634827
vt 0.514946 0.689494
vt 0.513833 0.690764
vt 0.926717 0.778707
vt 0.531587 0.715514
vt 0.530493 0.716005
vt 0.971500 0.633963
vt 0.972520 0.634104
vt 0.531007 0.716878
vt 0.532069 0.716419
vt 0.927386 0.777911
vt 0.869991 0.444000
vt 0.869750 0.445134
vt 0.652031 0.674106
vt 0.553460 0.555560
vt 0.552281 0.555561
vt 0.748359 0.398436
vt 0.749373 0.397879
vt 0.749373 0.399038
vt 0.933633 0.910986
vt 0.418476 0.726988
vt 0.419565 0.726668
vt 0.972511 0.720063
vt 0.552365 0.641025
vt 0.553495 0.640712
vt 0.652010 0.759301
vt 0.818074 0.414321
vt 0.816895 0.414193
vt 0.751471 0.399010
vt 0.751471 0.397875
vt 0.752505 0.398429
vt 0.938576 0.674771
vt 0.870915 0.397887
vt 0.869770 0.397921
vt 0.940908 0.930171
vt 0.816876 0.434710
vt 0.818078 0.434503
vt 0.672221 0.759277
vt 0.873346 0.536417
vt 0.874471 0.536864
vt 0.712153 0.398918
vt 0.711008 0.398918
vt 0.711589 0.397847
vt 0.287424 0.294095
vt 0.284228 0.294094
vt 0.284228 0.293557
vt 0.287424 0.293557
vt 0.290664 0.294095
vt 0.290664 0.293558
vt 0.293948 0.294095
vt 0.293948 0.293558
vt 0.297260 0.294096
vt 0.297260 0.293559
vt 0.235777 0.294088
vt 0.232465 0.294088
vt 0.232465 0.293551
vt 0.235777 0.293551
vt 0.239061 0.294089
vt 0.239061 0.293551
vt 0.242301 0.294089
vt 0.242301 0.293552
vt 0.245496 0.294090
vt 0.245496 0.293552
vt 0.248664 0.294090
vt 0.248664 0.293553
vt 0.251831 0.294090
vt 0.251831 0.293553
vt 0.255026 0.294091
vt 0.255026 0.293553
vt 0.258267 0.294091
vt 0.258267 0.293554
vt 0.261551 0.294091
vt 0.261551 0.293554
vt 0.264862 0.294092
vt 0.264862 0.293555
vt 0.268174 0.294092
vt 0.268174 0.293555
vt 0.271458 0.294093
vt 0.271458 0.293555
vt 0.274698 0.294093
vt 0.274698 0.293556
vt 0.277894 0.294093
vt 0.277894 0.293556
vt 0.281061 0.294094
vt 0.281061 0.293557
vt 0.798751 0.524519
vt 0.802246 0.524519
vt 0.802245 0.527449
vt 0.798751 0.527449
vt 0.805790 0.524520
vt 0.805789 0.527449
vt 0.809382 0.524520
vt 0.809382 0.527449
vt 0.813004 0.524520
vt 0.813004 0.527449
vt 0.742134 0.524517
vt 0.745756 0.524518
vt 0.745756 0.527447
vt 0.742134 0.527447
vt 0.749348 0.524518
vt 0.749348 0.527447
vt 0.752892 0.524518
vt 0.752892 0.527447
vt 0.756387 0.524518
vt 0.756387 0.527448
vt 0.759851 0.524518
vt 0.759851 0.527448
vt 0.763316 0.524518
vt 0.763315 0.527448
vt 0.766810 0.524518
vt 0.766810 0.527448
vt 0.770355 0.524518
vt 0.770354 0.527448
vt 0.773947 0.524519
vt 0.773947 0.527448
vt 0.777569 0.524519
vt 0.777569 0.527448
vt 0.781191 0.524519
vt 0.781191 0.527448
vt 0.784783 0.524519
vt 0.784783 0.527449
vt 0.788327 0.524519
vt 0.788327 0.527449
vt 0.791822 0.524519
vt 0.791822 0.527449
vt 0.795286 0.524519
vt 0.795286 0.527449
vt 0.164651 0.189682
vt 0.164081 0.192971
vt 0.163704 0.192852
vt 0.164260 0.189642
vt 0.164498 0.186300
vt 0.164112 0.186343
vt 0.163636 0.182978
vt 0.163272 0.183103
vt 0.162088 0.179870
vt 0.161771 0.180086
vt 0.133833 0.182974
vt 0.135382 0.179867
vt 0.135699 0.180082
vt 0.134197 0.183099
vt 0.132970 0.186296
vt 0.133356 0.186339
vt 0.132817 0.189678
vt 0.133208 0.189638
vt 0.133385 0.192967
vt 0.133763 0.192847
vt 0.134655 0.196022
vt 0.135003 0.195829
vt 0.136574 0.198717
vt 0.136875 0.198460
vt 0.139063 0.200940
vt 0.139304 0.200630
vt 0.142013 0.202602
vt 0.142181 0.202252
vt 0.145288 0.203629
vt 0.145375 0.203254
vt 0.148732 0.203977
vt 0.148732 0.203594
vt 0.152175 0.203630
vt 0.152089 0.203255
vt 0.155451 0.202603
vt 0.155283 0.202253
vt 0.158401 0.200943
vt 0.158160 0.200633
vt 0.160891 0.198720
vt 0.160590 0.198463
vt 0.162811 0.196026
vt 0.162463 0.195833
vt 0.164319 0.193044
vt 0.164207 0.193011
vt 0.164781 0.189695
vt 0.164896 0.189704
vt 0.164627 0.186285
vt 0.164742 0.186269
vt 0.163757 0.182935
vt 0.163866 0.182896
vt 0.162196 0.179801
vt 0.162298 0.179746
vt 0.135172 0.179742
vt 0.135274 0.179797
vt 0.133712 0.182931
vt 0.133603 0.182891
vt 0.132841 0.186281
vt 0.132727 0.186265
vt 0.132687 0.189690
vt 0.132571 0.189699
vt 0.133259 0.193006
vt 0.133148 0.193039
vt 0.134539 0.196086
vt 0.134437 0.196143
vt 0.136474 0.198803
vt 0.136387 0.198879
vt 0.138983 0.201044
vt 0.138915 0.201138
vt 0.141958 0.202719
vt 0.141911 0.202824
vt 0.145260 0.203754
vt 0.145236 0.203867
vt 0.148732 0.204105
vt 0.148732 0.204220
vt 0.152204 0.203755
vt 0.152228 0.203868
vt 0.155506 0.202721
vt 0.155553 0.202826
vt 0.158481 0.201047
vt 0.158549 0.201141
vt 0.160991 0.198806
vt 0.161078 0.198883
vt 0.162927 0.196090
vt 0.163029 0.196147
vt 0.753063 0.502802
vt 0.752945 0.502817
vt 0.752127 0.499474
vt 0.752239 0.499431
vt 0.752810 0.502835
vt 0.752000 0.499523
vt 0.752906 0.506289
vt 0.752772 0.506275
vt 0.753024 0.506303
vt 0.752015 0.509695
vt 0.751889 0.509651
vt 0.752126 0.509738
vt 0.750327 0.512841
vt 0.750217 0.512768
vt 0.750426 0.512909
vt 0.747936 0.515541
vt 0.747847 0.515443
vt 0.748022 0.515623
vt 0.728672 0.515441
vt 0.728583 0.515539
vt 0.726193 0.512839
vt 0.726302 0.512766
vt 0.728498 0.515621
vt 0.726094 0.512906
vt 0.724505 0.509693
vt 0.724631 0.509648
vt 0.724394 0.509735
vt 0.723615 0.506286
vt 0.723749 0.506272
vt 0.723497 0.506300
vt 0.723577 0.502814
vt 0.723711 0.502832
vt 0.723458 0.502800
vt 0.724395 0.499472
vt 0.724523 0.499521
vt 0.724284 0.499429
vt 0.726027 0.496442
vt 0.726140 0.496519
vt 0.725930 0.496373
vt 0.728382 0.493891
vt 0.728473 0.493991
vt 0.728304 0.493801
vt 0.731326 0.491958
vt 0.731389 0.492075
vt 0.731271 0.491852
vt 0.734686 0.490753
vt 0.734718 0.490881
vt 0.734658 0.490637
vt 0.738262 0.490343
vt 0.738262 0.490475
vt 0.738262 0.490224
vt 0.741838 0.490753
vt 0.741805 0.490881
vt 0.741866 0.490638
vt 0.745198 0.491959
vt 0.745135 0.492076
vt 0.745253 0.491853
vt 0.748141 0.493892
vt 0.748051 0.493992
vt 0.748220 0.493802
vt 0.750496 0.496444
vt 0.750383 0.496521
vt 0.750593 0.496375
vt 0.163489 0.192784
vt 0.164037 0.189621
vt 0.163892 0.186369
vt 0.163064 0.183176
vt 0.161585 0.180205
vt 0.135885 0.180201
vt 0.134405 0.183172
vt 0.133577 0.186364
vt 0.133430 0.189616
vt 0.133978 0.192780
vt 0.135200 0.195719
vt 0.137046 0.198313
vt 0.139440 0.200453
vt 0.142276 0.202051
vt 0.145423 0.203039
vt 0.148732 0.203374
vt 0.152040 0.203039
vt 0.155188 0.202052
vt 0.158025 0.200455
vt 0.160419 0.198316
vt 0.162266 0.195723
vt 0.059589 0.182188
vt 0.056550 0.183037
vt 0.054948 0.172866
vt 0.053355 0.182890
vt 0.050316 0.181762
vt 0.047730 0.179764
vt 0.045851 0.177090
vt 0.044861 0.174003
vt 0.044859 0.170804
vt 0.045844 0.167807
vt 0.047721 0.165304
vt 0.050306 0.163543
vt 0.053345 0.162694
vt 0.056540 0.162841
vt 0.059579 0.163969
vt 0.062165 0.165968
vt 0.064044 0.168641
vt 0.065034 0.171728
vt 0.065036 0.174927
vt 0.064051 0.177924
vt 0.062174 0.180427
vt 0.752271 0.506227
vt 0.752309 0.502904
vt 0.751419 0.509486
vt 0.749805 0.512495
vt 0.747523 0.515071
vt 0.726715 0.512493
vt 0.728997 0.515069
vt 0.725101 0.509484
vt 0.724250 0.506224
vt 0.724213 0.502902
vt 0.724996 0.499703
vt 0.726558 0.496803
vt 0.728812 0.494362
vt 0.731628 0.492513
vt 0.734842 0.491360
vt 0.738262 0.490968
vt 0.741682 0.491360
vt 0.744896 0.492514
vt 0.747712 0.494363
vt 0.749965 0.496805
vt 0.751526 0.499705
vt 0.752053 0.502942
vt 0.752184 0.502922
vt 0.752147 0.506216
vt 0.752017 0.506206
vt 0.751303 0.509447
vt 0.751182 0.509407
vt 0.749705 0.512429
vt 0.749599 0.512362
vt 0.747445 0.514980
vt 0.747364 0.514884
vt 0.729156 0.514882
vt 0.729075 0.514978
vt 0.726816 0.512427
vt 0.726921 0.512359
vt 0.725217 0.509444
vt 0.725339 0.509405
vt 0.724373 0.506214
vt 0.724504 0.506204
vt 0.724337 0.502920
vt 0.724469 0.502940
vt 0.725115 0.499749
vt 0.725239 0.499796
vt 0.726663 0.496873
vt 0.726774 0.496947
vt 0.728896 0.494453
vt 0.728987 0.494547
vt 0.731687 0.492619
vt 0.731751 0.492730
vt 0.734873 0.491476
vt 0.734906 0.491597
vt 0.738262 0.491087
vt 0.738262 0.491212
vt 0.741651 0.491477
vt 0.741618 0.491598
vt 0.744836 0.492620
vt 0.744772 0.492732
vt 0.747627 0.494454
vt 0.747537 0.494548
vt 0.749860 0.496875
vt 0.749749 0.496948
vt 0.751407 0.499751
vt 0.751283 0.499798
vt 0.496482 0.277695
vt 0.496482 0.275794
vt 0.504542 0.275794
vt 0.504542 0.277695
vt 0.323275 0.287751
vt 0.323275 0.286108
vt 0.332794 0.286108
vt 0.332794 0.287751
vt 0.495945 0.277695
vt 0.495945 0.275794
vt 0.496482 0.167674
vt 0.504542 0.167674
vt 0.319462 0.291627
vt 0.319462 0.289698
vt 0.327646 0.289698
vt 0.327646 0.291627
vt 0.322641 0.287751
vt 0.322641 0.286108
vt 0.334733 0.286445
vt 0.334733 0.288055
vt 0.474002 0.277695
vt 0.474002 0.275794
vt 0.495945 0.167674
vt 0.496478 0.008615
vt 0.504535 0.008615
vt 0.506442 0.167674
vt 0.506442 0.275794
vt 0.957071 0.397888
vt 0.965381 0.397888
vt 0.965395 0.472790
vt 0.957075 0.472794
vt 0.318916 0.291627
vt 0.318916 0.289698
vt 0.296725 0.287751
vt 0.296725 0.286108
vt 0.473351 0.277695
vt 0.473351 0.275794
vt 0.495941 0.008615
vt 0.496477 0.006716
vt 0.504535 0.006716
vt 0.506436 0.008616
vt 0.507833 0.167674
vt 0.507833 0.275794
vt 0.507547 0.277436
vt 0.506184 0.277436
vt 0.956517 0.397888
vt 0.956521 0.472794
vt 0.967341 0.397888
vt 0.967348 0.472757
vt 0.965395 0.474348
vt 0.957076 0.474352
vt 0.296635 0.291627
vt 0.296635 0.289698
vt 0.295956 0.287751
vt 0.295956 0.286108
vt 0.329575 0.291627
vt 0.329313 0.289960
vt 0.330697 0.289960
vt 0.330988 0.291627
vt 0.474002 0.167674
vt 0.474004 0.008617
vt 0.473351 0.193305
vt 0.474002 0.193408
vt 0.473351 0.170897
vt 0.473351 0.167674
vt 0.474002 0.170794
vt 0.464577 0.277695
vt 0.464577 0.275794
vt 0.495940 0.006716
vt 0.272318 0.288055
vt 0.272321 0.289698
vt 0.262813 0.289698
vt 0.262810 0.288055
vt 0.507825 0.008621
vt 0.019973 0.431716
vt 0.018058 0.431715
vt 0.018058 0.322787
vt 0.019973 0.322787
vt 0.933890 0.397888
vt 0.933871 0.472805
vt 0.956521 0.474352
vt 0.968775 0.397888
vt 0.968777 0.472720
vt 0.967348 0.474313
vt 0.965399 0.496306
vt 0.957077 0.496311
vt 0.295974 0.291627
vt 0.295974 0.289698
vt 0.285594 0.287751
vt 0.285594 0.286108
vt 0.474003 0.006717
vt 0.473354 0.008617
vt 0.452074 0.277695
vt 0.452074 0.275794
vt 0.272952 0.288055
vt 0.272954 0.289698
vt 0.270779 0.291627
vt 0.270782 0.293554
vt 0.262606 0.293554
vt 0.262602 0.291627
vt 0.260872 0.288393
vt 0.260875 0.290002
vt 0.506177 0.006975
vt 0.507538 0.006980
vt 0.018059 0.162545
vt 0.019973 0.162554
vt 0.473655 0.672047
vt 0.399749 0.672010
vt 0.399749 0.561858
vt 0.473805 0.561646
vt 0.933871 0.474363
vt 0.933219 0.397888
vt 0.933200 0.472806
vt 0.956523 0.496312
vt 0.473685 0.673965
vt 0.399749 0.673946
vt 0.968777 0.474276
vt 0.967350 0.496262
vt 0.965399 0.497837
vt 0.957077 0.497842
vt 0.287065 0.291627
vt 0.287065 0.289698
vt 0.270828 0.287751
vt 0.270828 0.286108
vt 0.298840 0.288055
vt 0.298840 0.289698
vt 0.473353 0.006717
vt 0.464577 0.167674
vt 0.464582 0.008618
vt 0.446433 0.277695
vt 0.446432 0.275794
vt 0.271324 0.291627
vt 0.271327 0.293554
vt 0.834746 0.791921
vt 0.826454 0.791921
vt 0.826449 0.790315
vt 0.834742 0.790315
vt 0.475192 0.672048
vt 0.475344 0.561642
vt 0.933865 0.496326
vt 0.217846 0.348234
vt 0.217846 0.346738
vt 0.218393 0.346738
vt 0.218393 0.348234
vt 0.298249 0.250844
vt 0.298796 0.250844
vt 0.298796 0.251489
vt 0.298249 0.251489
vt 0.924172 0.397888
vt 0.924143 0.472810
vt 0.956523 0.497842
vt 0.475222 0.673965
vt 0.968778 0.496214
vt 0.967350 0.497792
vt 0.965403 0.517378
vt 0.957078 0.517384
vt 0.274369 0.291627
vt 0.274369 0.289698
vt 0.264164 0.287751
vt 0.264164 0.286108
vt 0.293586 0.291627
vt 0.293586 0.293554
vt 0.299607 0.288055
vt 0.299608 0.289698
vt 0.464581 0.006717
vt 0.452074 0.167674
vt 0.452083 0.008618
vt 0.446432 0.167674
vt 0.445291 0.277695
vt 0.445291 0.275794
vt 0.835298 0.791921
vt 0.835295 0.790315
vt 0.834747 0.792492
vt 0.826455 0.792492
vt 0.824498 0.791921
vt 0.824493 0.790315
vt 0.259551 0.291889
vt 0.260936 0.291889
vt 0.260678 0.293554
vt 0.259266 0.293554
vt 0.401336 0.399832
vt 0.399748 0.399824
vt 0.399748 0.397888
vt 0.401337 0.397897
vt 0.401900 0.399835
vt 0.401901 0.397900
vt 0.489828 0.400298
vt 0.489867 0.398382
vt 0.490770 0.400306
vt 0.490810 0.398391
vt 0.548271 0.400611
vt 0.548336 0.398709
vt 0.552324 0.400633
vt 0.552390 0.398732
vt 0.977793 0.769539
vt 0.975888 0.769298
vt 0.978420 0.760830
vt 0.980301 0.761065
vt 0.550231 0.672085
vt 0.549332 0.672085
vt 0.549635 0.561429
vt 0.550536 0.561426
vt 0.530661 0.672076
vt 0.530927 0.561483
vt 0.517650 0.672069
vt 0.517888 0.561520
vt 0.498368 0.672060
vt 0.498568 0.561575
vt 0.496858 0.672059
vt 0.497055 0.561580
vt 0.933865 0.497857
vt 0.217846 0.325647
vt 0.218393 0.325647
vt 0.068493 0.161191
vt 0.068493 0.162687
vt 0.067848 0.162687
vt 0.067848 0.161192
vt 0.298796 0.260186
vt 0.298249 0.260186
vt 0.911237 0.472816
vt 0.911280 0.397888
vt 0.956524 0.517385
vt 0.496898 0.673971
vt 0.968778 0.497743
vt 0.967352 0.517325
vt 0.965405 0.530565
vt 0.957079 0.530572
vt 0.268640 0.291627
vt 0.268641 0.289698
vt 0.262816 0.287751
vt 0.262816 0.286108
vt 0.294246 0.291627
vt 0.294246 0.293554
vt 0.309958 0.288055
vt 0.309959 0.289698
vt 0.452082 0.006718
vt 0.446443 0.008619
vt 0.445291 0.167674
vt 0.439563 0.007247
vt 0.439563 0.006716
vt 0.441724 0.006716
vt 0.441724 0.007247
vt 0.221106 0.411324
vt 0.223268 0.411324
vt 0.223271 0.411874
vt 0.221109 0.411874
vt 0.826705 0.881467
vt 0.834922 0.881462
vt 0.824500 0.792491
vt 0.823067 0.791920
vt 0.823061 0.790315
vt 0.823069 0.792490
vt 0.823377 0.881378
vt 0.824784 0.881424
vt 0.823382 0.882330
vt 0.824789 0.882378
vt 0.823585 0.940459
vt 0.824976 0.940537
vt 0.823599 0.944555
vt 0.824989 0.944636
vt 0.979566 0.769698
vt 0.982059 0.761220
vt 0.550292 0.673985
vt 0.549393 0.673984
vt 0.530715 0.673979
vt 0.517698 0.673976
vt 0.498409 0.673971
vt 0.933860 0.517402
vt 0.217846 0.324177
vt 0.218393 0.324177
vt 0.068487 0.183777
vt 0.067842 0.183777
vt 0.059151 0.161196
vt 0.059151 0.162691
vt 0.298796 0.272579
vt 0.298249 0.272579
vt 0.905462 0.397888
vt 0.905414 0.472819
vt 0.956524 0.530572
vt 0.968778 0.517266
vt 0.967353 0.530506
vt 0.965409 0.549487
vt 0.957081 0.549495
vt 0.267481 0.291627
vt 0.267481 0.289698
vt 0.260876 0.288055
vt 0.260876 0.286445
vt 0.887411 0.792491
vt 0.880242 0.792492
vt 0.880244 0.791921
vt 0.887413 0.791921
vt 0.441724 0.050476
vt 0.439563 0.050476
vt 0.303148 0.291627
vt 0.303147 0.293554
vt 0.315832 0.291627
vt 0.315830 0.293554
vt 0.321556 0.291627
vt 0.321553 0.293554
vt 0.322714 0.291627
vt 0.322711 0.293554
vt 0.889368 0.791920
vt 0.887418 0.790315
vt 0.889374 0.790315
vt 0.324708 0.288055
vt 0.324708 0.289698
vt 0.446441 0.006718
vt 0.445302 0.008619
vt 0.443390 0.275794
vt 0.443390 0.167674
vt 0.028337 0.161192
vt 0.027805 0.161192
vt 0.027804 0.160643
vt 0.028335 0.160643
vt 0.220615 0.325753
vt 0.222777 0.325753
vt 0.826709 0.882421
vt 0.834925 0.882416
vt 0.826873 0.940607
vt 0.826885 0.944707
vt 0.375012 0.169785
vt 0.373865 0.169722
vt 0.373867 0.161426
vt 0.375017 0.161488
vt 0.967355 0.550330
vt 0.967355 0.549419
vt 0.968780 0.549344
vt 0.968780 0.550255
vt 0.968779 0.530440
vt 0.933856 0.530592
vt 0.217846 0.305408
vt 0.218393 0.305408
vt 0.068487 0.185247
vt 0.067842 0.185247
vt 0.349414 0.203486
vt 0.349961 0.203486
vt 0.349961 0.224577
vt 0.349414 0.224577
vt 0.364033 0.278410
vt 0.364033 0.269713
vt 0.364580 0.269713
vt 0.364580 0.278410
vt 0.046758 0.162697
vt 0.046759 0.161202
vt 0.298796 0.278171
vt 0.298249 0.278171
vt 0.904285 0.397888
vt 0.904235 0.472819
vt 0.956525 0.549495
vt 0.965409 0.550398
vt 0.957081 0.550406
vt 0.889366 0.792491
vt 0.880012 0.881435
vt 0.887117 0.881430
vt 0.447105 0.006133
vt 0.447109 0.005513
vt 0.449548 0.005513
vt 0.449544 0.006133
vt 0.331364 0.288055
vt 0.331363 0.289698
vt 0.332711 0.288055
vt 0.332710 0.289698
vt 0.890800 0.791920
vt 0.890806 0.790315
vt 0.445300 0.006718
vt 0.443399 0.008619
vt 0.441999 0.275794
vt 0.441999 0.167674
vt 0.442285 0.277436
vt 0.443649 0.277436
vt 0.028500 0.246764
vt 0.027974 0.246764
vt 0.220606 0.324835
vt 0.222768 0.324835
vt 0.835041 0.940599
vt 0.734012 0.522218
vt 0.734216 0.519934
vt 0.736154 0.520008
vt 0.735350 0.522627
vt 0.835049 0.944699
vt 0.377216 0.169811
vt 0.377216 0.161514
vt 0.933852 0.549517
vt 0.217846 0.292743
vt 0.218393 0.292743
vt 0.068482 0.204015
vt 0.067837 0.204016
vt 0.059142 0.185253
vt 0.059142 0.183783
vt 0.088715 0.251491
vt 0.089262 0.251491
vt 0.089262 0.260191
vt 0.088715 0.260191
vt 0.044859 0.185262
vt 0.065949 0.185268
vt 0.065955 0.193967
vt 0.044863 0.193959
vt 0.364033 0.257321
vt 0.364580 0.257321
vt 0.041166 0.162700
vt 0.041167 0.161204
vt 0.298796 0.279302
vt 0.298249 0.279302
vt 0.902300 0.472776
vt 0.902326 0.397888
vt 0.956526 0.550407
vt 0.814732 0.515349
vt 0.815483 0.517954
vt 0.806715 0.517956
vt 0.806166 0.515357
vt 0.265551 0.291627
vt 0.264139 0.291627
vt 0.264429 0.289960
vt 0.265814 0.289960
vt 0.890798 0.792490
vt 0.889060 0.881399
vt 0.880008 0.882388
vt 0.887111 0.882384
vt 0.446552 0.102663
vt 0.448991 0.102663
vt 0.071342 0.246738
vt 0.070809 0.246738
vt 0.071025 0.161191
vt 0.071564 0.161191
vt 0.439563 0.093167
vt 0.441724 0.050476
vt 0.441724 0.093167
vt 0.334651 0.288393
vt 0.334648 0.290002
vt 0.707067 0.399832
vt 0.707067 0.397897
vt 0.708655 0.397888
vt 0.708655 0.399824
vt 0.325765 0.291889
vt 0.326051 0.293554
vt 0.324639 0.293554
vt 0.324381 0.291889
vt 0.442008 0.008623
vt 0.984916 0.676737
vt 0.984916 0.564684
vt 0.986885 0.564684
vt 0.986885 0.676737
vt 0.498037 0.363270
vt 0.498528 0.277695
vt 0.500689 0.277695
vt 0.500199 0.363270
vt 0.028503 0.247681
vt 0.027977 0.247682
vt 0.220283 0.268874
vt 0.222444 0.268874
vt 0.744497 0.519999
vt 0.743916 0.522623
vt 0.835593 0.944698
vt 0.835585 0.940598
vt 0.433391 0.169811
vt 0.433398 0.161513
vt 0.374715 0.280341
vt 0.377216 0.276394
vt 0.816734 0.515279
vt 0.816891 0.517549
vt 0.933852 0.550429
vt 0.217846 0.274569
vt 0.218393 0.274569
vt 0.068479 0.216681
vt 0.067834 0.216681
vt 0.030240 0.247680
vt 0.030787 0.247680
vt 0.030787 0.266451
vt 0.030240 0.266451
vt 0.295813 0.277921
vt 0.295813 0.269221
vt 0.296359 0.269221
vt 0.296359 0.277921
vt 0.046745 0.185261
vt 0.046746 0.183790
vt 0.089262 0.272587
vt 0.088715 0.272587
vt 0.065962 0.206364
vt 0.044869 0.206352
vt 0.364033 0.251729
vt 0.364580 0.251729
vt 0.040034 0.162701
vt 0.040035 0.161205
vt 0.337232 0.258645
vt 0.337779 0.258645
vt 0.337779 0.260141
vt 0.337232 0.260141
vt 0.904234 0.474377
vt 0.902300 0.474333
vt 0.900884 0.472726
vt 0.900891 0.397888
vt 0.806131 0.517956
vt 0.805595 0.515358
vt 0.816257 0.519835
vt 0.807281 0.519832
vt 0.706503 0.399835
vt 0.706503 0.397900
vt 0.890484 0.881365
vt 0.889055 0.882352
vt 0.879856 0.940554
vt 0.886918 0.940546
vt 0.446541 0.103698
vt 0.448980 0.103698
vt 0.071338 0.247655
vt 0.070805 0.247656
vt 0.078969 0.274904
vt 0.081131 0.274904
vt 0.081621 0.360452
vt 0.079460 0.360452
vt 0.984916 0.399854
vt 0.986884 0.399846
vt 0.442295 0.006981
vt 0.443657 0.006976
vt 0.634755 0.672040
vt 0.634599 0.561646
vt 0.708655 0.561858
vt 0.708655 0.672011
vt 0.015622 0.160644
vt 0.017783 0.160644
vt 0.017783 0.202952
vt 0.015622 0.202952
vt 0.028612 0.303643
vt 0.028088 0.303643
vt 0.200791 0.162784
vt 0.200791 0.160623
vt 0.201315 0.160623
vt 0.201315 0.162784
vt 0.734537 0.524518
vt 0.743329 0.524517
vt 0.745053 0.519998
vt 0.744487 0.522623
vt 0.435241 0.161511
vt 0.435238 0.169808
vt 0.782260 0.517962
vt 0.782274 0.515380
vt 0.217846 0.273694
vt 0.218393 0.273694
vt 0.068474 0.234854
vt 0.067829 0.234855
vt 0.030787 0.279118
vt 0.030240 0.279118
vt 0.295813 0.256824
vt 0.296359 0.256824
vt 0.041151 0.185264
vt 0.041152 0.183794
vt 0.089262 0.278180
vt 0.088715 0.278180
vt 0.065966 0.211957
vt 0.044872 0.211944
vt 0.178863 0.214953
vt 0.178863 0.193859
vt 0.179410 0.193859
vt 0.179410 0.214953
vt 0.040020 0.183795
vt 0.337779 0.281236
vt 0.337232 0.281236
vt 0.900884 0.474282
vt 0.904220 0.496345
vt 0.902292 0.496287
vt 0.634713 0.673962
vt 0.708655 0.673947
vt 0.806683 0.519832
vt 0.383842 0.281874
vt 0.375263 0.281872
vt 0.383442 0.280347
vt 0.618575 0.400298
vt 0.618549 0.398383
vt 0.890478 0.882317
vt 0.888853 0.940494
vt 0.879846 0.944653
vt 0.886904 0.944646
vt 0.446177 0.166826
vt 0.448615 0.166826
vt 0.071192 0.303600
vt 0.070662 0.303600
vt 0.127698 0.214436
vt 0.127698 0.211694
vt 0.128061 0.211694
vt 0.128063 0.214436
vt 0.127698 0.209220
vt 0.128054 0.209220
vt 0.127698 0.207257
vt 0.128042 0.207257
vt 0.337232 0.213491
vt 0.337232 0.211119
vt 0.337549 0.211119
vt 0.337562 0.213491
vt 0.337232 0.208489
vt 0.337534 0.208489
vt 0.337232 0.205860
vt 0.337519 0.205860
vt 0.337232 0.203487
vt 0.337505 0.203487
vt 0.057041 0.226347
vt 0.057041 0.224379
vt 0.057315 0.224379
vt 0.057326 0.226347
vt 0.057041 0.221899
vt 0.057308 0.221899
vt 0.057041 0.219150
vt 0.057305 0.219150
vt 0.057041 0.216401
vt 0.057308 0.216401
vt 0.057041 0.213921
vt 0.057315 0.213921
vt 0.057041 0.211953
vt 0.057326 0.211953
vt 0.339669 0.211117
vt 0.339955 0.211117
vt 0.339941 0.213489
vt 0.339669 0.213489
vt 0.339669 0.208488
vt 0.339970 0.208488
vt 0.339669 0.205859
vt 0.339985 0.205859
vt 0.339669 0.203487
vt 0.339999 0.203487
vt 0.127698 0.219651
vt 0.128054 0.219651
vt 0.128042 0.221614
vt 0.127698 0.221614
vt 0.127698 0.217178
vt 0.128061 0.217178
vt 0.556080 0.400633
vt 0.556034 0.398732
vt 0.560088 0.398710
vt 0.560132 0.400611
vt 0.617606 0.398392
vt 0.617633 0.400306
vt 0.633219 0.672041
vt 0.633059 0.561642
vt 0.611554 0.672049
vt 0.611349 0.561580
vt 0.610044 0.672050
vt 0.609836 0.561575
vt 0.590764 0.672058
vt 0.590515 0.561520
vt 0.577754 0.672063
vt 0.577477 0.561483
vt 0.559085 0.672070
vt 0.558769 0.561429
vt 0.558186 0.672070
vt 0.557868 0.561427
vt 0.024866 0.322025
vt 0.022428 0.313788
vt 0.024257 0.313560
vt 0.026718 0.321791
vt 0.015622 0.245252
vt 0.015622 0.202952
vt 0.017783 0.202952
vt 0.017783 0.245252
vt 0.230029 0.307304
vt 0.230352 0.251344
vt 0.232513 0.251344
vt 0.232190 0.307304
vt 0.383697 0.008098
vt 0.375070 0.008098
vt 0.375634 0.006724
vt 0.384104 0.006723
vt 0.743915 0.524517
vt 0.789715 0.519953
vt 0.790340 0.522602
vt 0.130134 0.273343
vt 0.130135 0.245819
vt 0.148317 0.245819
vt 0.148317 0.273343
vt 0.879295 0.944654
vt 0.879305 0.940554
vt 0.436964 0.161502
vt 0.436961 0.169800
vt 0.037550 0.167850
vt 0.037550 0.164350
vt 0.039097 0.164350
vt 0.039097 0.167850
vt 0.037550 0.161192
vt 0.039097 0.161192
vt 0.439563 0.112300
vt 0.439563 0.109684
vt 0.441178 0.109684
vt 0.441178 0.112300
vt 0.439563 0.106388
vt 0.441178 0.106388
vt 0.439563 0.102733
vt 0.441178 0.102733
vt 0.439563 0.099079
vt 0.441178 0.099079
vt 0.439563 0.095783
vt 0.441178 0.095783
vt 0.441178 0.093167
vt 0.073207 0.163796
vt 0.071660 0.163796
vt 0.071660 0.160638
vt 0.073207 0.160638
vt 0.073207 0.167296
vt 0.071660 0.167296
vt 0.073207 0.170797
vt 0.071660 0.170797
vt 0.073207 0.173955
vt 0.074096 0.177155
vt 0.075712 0.177155
vt 0.075712 0.179771
vt 0.074096 0.179771
vt 0.074096 0.173858
vt 0.075712 0.173858
vt 0.074096 0.170204
vt 0.075712 0.170204
vt 0.074096 0.166550
vt 0.075712 0.166550
vt 0.074096 0.163254
vt 0.075712 0.163254
vt 0.074096 0.160637
vt 0.075712 0.160637
vt 0.037550 0.174508
vt 0.037550 0.171351
vt 0.039097 0.171351
vt 0.039097 0.174508
vt 0.215943 0.177328
vt 0.216886 0.177328
vt 0.216886 0.188162
vt 0.215943 0.188162
vt 0.217576 0.177328
vt 0.217576 0.188162
vt 0.361597 0.055507
vt 0.361597 0.054603
vt 0.371978 0.054603
vt 0.371978 0.055507
vt 0.361597 0.007619
vt 0.371978 0.007619
vt 0.361597 0.006716
vt 0.371978 0.006716
vt 0.171554 0.189077
vt 0.172244 0.189077
vt 0.172244 0.199912
vt 0.171554 0.199912
vt 0.173187 0.189077
vt 0.173187 0.199912
vt 0.176959 0.189077
vt 0.176959 0.199912
vt 0.177902 0.189077
vt 0.177902 0.199912
vt 0.178593 0.189077
vt 0.178593 0.199912
vt 0.371978 0.056410
vt 0.361597 0.056410
vt 0.371978 0.055507
vt 0.371978 0.103394
vt 0.361597 0.103394
vt 0.371978 0.104298
vt 0.361597 0.104298
vt 0.211228 0.177328
vt 0.211228 0.188162
vt 0.210537 0.188162
vt 0.210537 0.177328
vt 0.212170 0.177328
vt 0.212170 0.188162
vt 0.438872 0.280385
vt 0.438439 0.279702
vt 0.438444 0.169786
vt 0.438546 0.169785
vt 0.438336 0.281891
vt 0.437121 0.281891
vt 0.437636 0.280384
vt 0.431115 0.281889
vt 0.431527 0.280380
vt 0.417806 0.281885
vt 0.417989 0.280371
vt 0.408466 0.281882
vt 0.408488 0.280364
vt 0.407773 0.281882
vt 0.407783 0.280364
vt 0.384414 0.281875
vt 0.384023 0.280347
vt 0.436972 0.277953
vt 0.435226 0.276788
vt 0.435238 0.172020
vt 0.436961 0.172012
vt 0.782245 0.519826
vt 0.781552 0.517962
vt 0.781583 0.515381
vt 0.361597 0.275398
vt 0.361597 0.274753
vt 0.362143 0.274753
vt 0.362143 0.275398
vt 0.068474 0.235729
vt 0.067829 0.235730
vt 0.030787 0.297294
vt 0.030240 0.297294
vt 0.209062 0.226296
vt 0.211177 0.228411
vt 0.210119 0.228412
vt 0.209061 0.227354
vt 0.295813 0.251230
vt 0.296359 0.251230
vt 0.040019 0.185265
vt 0.337779 0.282707
vt 0.337232 0.282707
vt 0.900881 0.496221
vt 0.633176 0.673962
vt 0.904219 0.497876
vt 0.902292 0.497817
vt 0.890272 0.940438
vt 0.888839 0.944592
vt 0.790918 0.522602
vt 0.790278 0.519952
vt 0.797491 0.519944
vt 0.798324 0.522599
vt 0.215410 0.162783
vt 0.215410 0.160621
vt 0.215940 0.160621
vt 0.215940 0.162783
vt 0.030240 0.187572
vt 0.032402 0.187572
vt 0.032725 0.243514
vt 0.030564 0.243514
vt 0.466364 0.180355
vt 0.466639 0.180355
vt 0.467030 0.182818
vt 0.466767 0.182903
vt 0.468162 0.185040
vt 0.467939 0.185202
vt 0.469925 0.186804
vt 0.469763 0.187027
vt 0.472148 0.187936
vt 0.472062 0.188198
vt 0.474611 0.188326
vt 0.474611 0.188602
vt 0.477074 0.187936
vt 0.477159 0.188198
vt 0.479296 0.186804
vt 0.479458 0.187027
vt 0.481060 0.185040
vt 0.481283 0.185202
vt 0.482192 0.182818
vt 0.482454 0.182903
vt 0.482582 0.180355
vt 0.482858 0.180355
vt 0.482192 0.177891
vt 0.482454 0.177806
vt 0.481060 0.175669
vt 0.481283 0.175507
vt 0.479296 0.173906
vt 0.479458 0.173683
vt 0.477074 0.172773
vt 0.477159 0.172511
vt 0.474611 0.172108
vt 0.474611 0.172383
vt 0.472062 0.172511
vt 0.472148 0.172773
vt 0.469763 0.173683
vt 0.469925 0.173906
vt 0.467939 0.175507
vt 0.468162 0.175669
vt 0.466767 0.177806
vt 0.467030 0.177891
vt 0.890257 0.944534
vt 0.611498 0.673967
vt 0.609987 0.673967
vt 0.590697 0.673971
vt 0.577679 0.673974
vt 0.558999 0.673978
vt 0.558100 0.673978
vt 0.023143 0.322179
vt 0.020719 0.313938
vt 0.384271 0.008098
vt 0.384669 0.006723
vt 0.790973 0.524514
vt 0.154499 0.274073
vt 0.154519 0.271437
vt 0.173726 0.271437
vt 0.173706 0.274073
vt 0.154518 0.247075
vt 0.173724 0.247075
vt 0.154499 0.244999
vt 0.173706 0.244999
vt 0.372038 0.250249
vt 0.368945 0.248283
vt 0.368906 0.225220
vt 0.372011 0.222725
vt 0.438450 0.161489
vt 0.148422 0.194386
vt 0.148422 0.194127
vt 0.151735 0.193602
vt 0.151815 0.193849
vt 0.154723 0.192079
vt 0.154876 0.192289
vt 0.157095 0.189708
vt 0.157304 0.189860
vt 0.158617 0.186720
vt 0.158864 0.186800
vt 0.159142 0.183407
vt 0.159401 0.183407
vt 0.158617 0.180095
vt 0.158864 0.180015
vt 0.157095 0.177107
vt 0.157304 0.176954
vt 0.154723 0.174735
vt 0.154876 0.174525
vt 0.151735 0.173213
vt 0.151815 0.172966
vt 0.148422 0.172688
vt 0.148422 0.172429
vt 0.145030 0.172966
vt 0.145110 0.173213
vt 0.141969 0.174525
vt 0.142122 0.174735
vt 0.139541 0.176954
vt 0.139750 0.177107
vt 0.137981 0.180015
vt 0.138228 0.180095
vt 0.137444 0.183407
vt 0.137703 0.183407
vt 0.138228 0.186720
vt 0.137981 0.186800
vt 0.139750 0.189708
vt 0.139541 0.189860
vt 0.142122 0.192079
vt 0.141969 0.192289
vt 0.145110 0.193602
vt 0.145030 0.193849
vt 0.430448 0.008098
vt 0.430010 0.006717
vt 0.431031 0.008098
vt 0.430582 0.006717
vt 0.438489 0.008098
vt 0.437905 0.006716
vt 0.438541 0.161488
vt 0.751026 0.517969
vt 0.752268 0.517969
vt 0.751540 0.519817
vt 0.750269 0.519817
vt 0.758405 0.517967
vt 0.757823 0.519819
vt 0.772007 0.517964
vt 0.771748 0.519822
vt 0.781520 0.519825
vt 0.772258 0.515390
vt 0.361597 0.266047
vt 0.362143 0.266047
vt 0.059123 0.234863
vt 0.059123 0.235739
vt 0.086279 0.250661
vt 0.086825 0.250661
vt 0.086825 0.259368
vt 0.086279 0.259368
vt 0.209057 0.238602
vt 0.211171 0.241077
vt 0.210113 0.241078
vt 0.208868 0.239550
vt 0.468800 0.183686
vt 0.468800 0.175962
vt 0.477378 0.175962
vt 0.477378 0.183686
vt 0.209060 0.230892
vt 0.208871 0.229944
vt 0.207530 0.228603
vt 0.206581 0.228414
vt 0.117952 0.195051
vt 0.126939 0.195051
vt 0.126939 0.202864
vt 0.117952 0.202864
vt 0.196662 0.226307
vt 0.199137 0.228420
vt 0.198189 0.228609
vt 0.196661 0.227365
vt 0.505347 0.308408
vt 0.505893 0.308408
vt 0.505893 0.327178
vt 0.505347 0.327178
vt 0.041139 0.204036
vt 0.040007 0.204037
vt 0.337779 0.301480
vt 0.337232 0.301480
vt 0.900881 0.497750
vt 0.904206 0.517424
vt 0.902285 0.517354
vt 0.799684 0.522194
vt 0.799468 0.519889
vt 0.791567 0.524514
vt 0.799167 0.524513
vt 0.342105 0.210451
vt 0.342676 0.210451
vt 0.342676 0.213111
vt 0.342105 0.213111
vt 0.342676 0.215511
vt 0.342105 0.215511
vt 0.342676 0.217416
vt 0.342105 0.217416
vt 0.176427 0.199912
vt 0.176973 0.199912
vt 0.176973 0.202211
vt 0.176427 0.202211
vt 0.176973 0.204759
vt 0.176427 0.204759
vt 0.176973 0.207308
vt 0.176427 0.207308
vt 0.176973 0.209607
vt 0.176427 0.209607
vt 0.227592 0.203504
vt 0.228163 0.203504
vt 0.228163 0.205408
vt 0.227592 0.205408
vt 0.228163 0.207808
vt 0.227592 0.207808
vt 0.228163 0.210469
vt 0.227592 0.210469
vt 0.227592 0.213129
vt 0.228163 0.213129
vt 0.227592 0.215529
vt 0.228163 0.215529
vt 0.227592 0.217434
vt 0.228163 0.217434
vt 0.169118 0.198234
vt 0.169118 0.195935
vt 0.169664 0.195935
vt 0.169664 0.198234
vt 0.169118 0.200782
vt 0.169664 0.200782
vt 0.169118 0.203331
vt 0.169664 0.203331
vt 0.169118 0.205630
vt 0.169664 0.205630
vt 0.342105 0.205391
vt 0.342105 0.203487
vt 0.342676 0.203487
vt 0.342676 0.205391
vt 0.342105 0.207791
vt 0.342676 0.207791
vt 0.900879 0.517275
vt 0.902280 0.530539
vt 0.900878 0.530450
vt 0.902274 0.549457
vt 0.900876 0.549356
vt 0.902274 0.550368
vt 0.900876 0.550266
vt 0.439691 0.161426
vt 0.439694 0.169722
vt 0.225741 0.210271
vt 0.225156 0.210271
vt 0.225156 0.206787
vt 0.225741 0.206709
vt 0.225156 0.203643
vt 0.225741 0.203495
vt 0.183736 0.178990
vt 0.188711 0.176616
vt 0.188380 0.176533
vt 0.188380 0.175095
vt 0.188711 0.178389
vt 0.188380 0.178345
vt 0.188711 0.180353
vt 0.188380 0.180353
vt 0.188711 0.182318
vt 0.188380 0.182362
vt 0.188711 0.184091
vt 0.188380 0.184174
vt 0.188380 0.185612
vt 0.169703 0.210061
vt 0.169118 0.209983
vt 0.169118 0.206769
vt 0.169703 0.206917
vt 0.169118 0.213546
vt 0.169703 0.213546
vt 0.169118 0.217109
vt 0.169703 0.217031
vt 0.169118 0.220323
vt 0.169703 0.220175
vt 0.150258 0.179445
vt 0.150258 0.178279
vt 0.142317 0.177262
vt 0.150526 0.179512
vt 0.150258 0.180914
vt 0.150526 0.180949
vt 0.150258 0.182542
vt 0.150526 0.182542
vt 0.150526 0.184135
vt 0.150258 0.184170
vt 0.150526 0.185571
vt 0.150258 0.185639
vt 0.142317 0.185602
vt 0.150258 0.186805
vt 0.225741 0.217047
vt 0.225156 0.216899
vt 0.225156 0.213756
vt 0.225741 0.213834
vt 0.752975 0.515409
vt 0.751761 0.515410
vt 0.758971 0.515403
vt 0.361597 0.253641
vt 0.362143 0.253641
vt 0.046717 0.235750
vt 0.046717 0.234875
vt 0.086825 0.271774
vt 0.086279 0.271774
vt 0.209055 0.243194
vt 0.209056 0.242136
vt 0.209056 0.241079
vt 0.208331 0.240354
vt 0.468800 0.175012
vt 0.477378 0.175012
vt 0.468800 0.184637
vt 0.477378 0.184637
vt 0.208334 0.229140
vt 0.209061 0.228412
vt 0.117952 0.194056
vt 0.126939 0.194056
vt 0.126939 0.203859
vt 0.117952 0.203859
vt 0.197386 0.229147
vt 0.196661 0.228422
vt 0.195603 0.228423
vt 0.194546 0.228423
vt 0.505347 0.295740
vt 0.505893 0.295740
vt 0.039999 0.216705
vt 0.041131 0.216704
vt 0.337779 0.314149
vt 0.337232 0.314149
vt 0.904197 0.530617
vt 0.342894 0.210451
vt 0.342894 0.213098
vt 0.342894 0.215485
vt 0.342894 0.217380
vt 0.177182 0.199936
vt 0.177182 0.202224
vt 0.177182 0.204759
vt 0.177182 0.207295
vt 0.177182 0.209582
vt 0.228381 0.203539
vt 0.228381 0.205434
vt 0.228381 0.207822
vt 0.228381 0.210469
vt 0.228381 0.213116
vt 0.228381 0.215504
vt 0.228381 0.217398
vt 0.169873 0.195960
vt 0.169873 0.198247
vt 0.169873 0.200782
vt 0.169873 0.203318
vt 0.169873 0.205605
vt 0.342894 0.203522
vt 0.342894 0.205417
vt 0.342894 0.207804
vt 0.904185 0.549546
vt 0.904184 0.550457
vt 0.362794 0.225183
vt 0.362794 0.224372
vt 0.365924 0.223876
vt 0.366175 0.224648
vt 0.368749 0.222437
vt 0.369226 0.223093
vt 0.370990 0.220196
vt 0.371647 0.220673
vt 0.372429 0.217371
vt 0.373201 0.217622
vt 0.372925 0.214241
vt 0.373736 0.214241
vt 0.372429 0.211110
vt 0.373201 0.210859
vt 0.370990 0.208285
vt 0.371647 0.207808
vt 0.368749 0.206044
vt 0.369226 0.205388
vt 0.365924 0.204605
vt 0.366175 0.203833
vt 0.362794 0.203298
vt 0.362794 0.204109
vt 0.359412 0.203833
vt 0.359663 0.204605
vt 0.356362 0.205388
vt 0.356839 0.206044
vt 0.353941 0.207808
vt 0.354597 0.208285
vt 0.352386 0.210859
vt 0.353158 0.211110
vt 0.351851 0.214241
vt 0.352662 0.214241
vt 0.353158 0.217371
vt 0.352386 0.217622
vt 0.354597 0.220195
vt 0.353941 0.220673
vt 0.356839 0.222437
vt 0.356362 0.223093
vt 0.359663 0.223876
vt 0.359412 0.224648
vt 0.749642 0.517558
vt 0.749797 0.515318
vt 0.361597 0.248043
vt 0.361597 0.246910
vt 0.362143 0.246910
vt 0.362143 0.248043
vt 0.041119 0.235756
vt 0.041119 0.234880
vt 0.086825 0.277372
vt 0.086279 0.277372
vt 0.198185 0.240899
vt 0.199134 0.241087
vt 0.196652 0.243206
vt 0.196653 0.242147
vt 0.364033 0.191804
vt 0.364033 0.183989
vt 0.373020 0.183989
vt 0.373020 0.191804
vt 0.207527 0.240892
vt 0.206579 0.241081
vt 0.364033 0.194207
vt 0.364033 0.193643
vt 0.373020 0.193643
vt 0.373020 0.194207
vt 0.103334 0.169309
vt 0.111912 0.169309
vt 0.111912 0.170260
vt 0.103334 0.170260
vt 0.103334 0.161584
vt 0.111912 0.161584
vt 0.103334 0.160634
vt 0.111912 0.160634
vt 0.117952 0.204703
vt 0.126939 0.204703
vt 0.126939 0.205267
vt 0.117952 0.205267
vt 0.117952 0.193211
vt 0.126939 0.193211
vt 0.117952 0.192647
vt 0.126939 0.192647
vt 0.364033 0.192799
vt 0.373020 0.192799
vt 0.364033 0.182994
vt 0.373020 0.182994
vt 0.364033 0.182149
vt 0.373020 0.182149
vt 0.364033 0.181586
vt 0.373020 0.181586
vt 0.196848 0.229951
vt 0.196659 0.230899
vt 0.196655 0.238609
vt 0.196843 0.239558
vt 0.195595 0.241090
vt 0.194537 0.241091
vt 0.505347 0.277565
vt 0.505893 0.277565
vt 0.039987 0.234881
vt 0.337779 0.332327
vt 0.337232 0.332327
vt 0.420822 0.172098
vt 0.420822 0.172216
vt 0.418368 0.172605
vt 0.418331 0.172493
vt 0.416154 0.173733
vt 0.416084 0.173637
vt 0.414397 0.175490
vt 0.414301 0.175421
vt 0.413269 0.177704
vt 0.413156 0.177667
vt 0.412880 0.180158
vt 0.412762 0.180158
vt 0.413269 0.182612
vt 0.413156 0.182649
vt 0.414397 0.184826
vt 0.414301 0.184895
vt 0.416154 0.186583
vt 0.416084 0.186678
vt 0.418368 0.187711
vt 0.418331 0.187823
vt 0.420822 0.188100
vt 0.420822 0.188218
vt 0.423312 0.187823
vt 0.423276 0.187711
vt 0.425559 0.186678
vt 0.425490 0.186583
vt 0.427342 0.184895
vt 0.427247 0.184826
vt 0.428487 0.182649
vt 0.428375 0.182612
vt 0.428882 0.180158
vt 0.428764 0.180158
vt 0.428487 0.177667
vt 0.428375 0.177704
vt 0.427342 0.175421
vt 0.427247 0.175490
vt 0.425559 0.173637
vt 0.425490 0.173733
vt 0.423312 0.172493
vt 0.423276 0.172605
vt 0.337779 0.333202
vt 0.337232 0.333202
vt 0.362794 0.223156
vt 0.365549 0.222720
vt 0.368034 0.221454
vt 0.370007 0.219481
vt 0.371273 0.216996
vt 0.371709 0.214241
vt 0.371273 0.211485
vt 0.370007 0.209000
vt 0.368034 0.207027
vt 0.365549 0.205761
vt 0.362794 0.205325
vt 0.360039 0.205761
vt 0.357553 0.207027
vt 0.355581 0.209000
vt 0.354314 0.211485
vt 0.353878 0.214241
vt 0.354314 0.216996
vt 0.355581 0.219481
vt 0.357553 0.221454
vt 0.360039 0.222720
vt 0.039986 0.235757
vt 0.197381 0.240362
vt 0.196653 0.241089
vt 0.420822 0.172392
vt 0.418422 0.172772
vt 0.416257 0.173875
vt 0.414539 0.175593
vt 0.413436 0.177758
vt 0.413056 0.180158
vt 0.413436 0.182557
vt 0.414539 0.184722
vt 0.416257 0.186440
vt 0.418422 0.187544
vt 0.420822 0.187924
vt 0.423222 0.187544
vt 0.425386 0.186440
vt 0.427104 0.184722
vt 0.428207 0.182557
vt 0.428588 0.180158
vt 0.428207 0.177758
vt 0.427104 0.175593
vt 0.425386 0.173875
vt 0.423222 0.172772
vt 0.420822 0.172600
vt 0.418486 0.172970
vt 0.416379 0.174044
vt 0.414707 0.175716
vt 0.413634 0.177822
vt 0.413264 0.180158
vt 0.413634 0.182493
vt 0.414707 0.184600
vt 0.416379 0.186272
vt 0.418486 0.187346
vt 0.420822 0.187716
vt 0.423157 0.187346
vt 0.425264 0.186272
vt 0.426936 0.184600
vt 0.428010 0.182493
vt 0.428380 0.180158
vt 0.428010 0.177822
vt 0.426936 0.175716
vt 0.425264 0.174044
vt 0.423157 0.172970
vt 0.303387 0.250716
vt 0.306791 0.250716
vt 0.306791 0.275482
vt 0.303387 0.275482
vt 0.300686 0.250716
vt 0.300686 0.275482
vt 0.314339 0.250716
vt 0.314339 0.275482
vt 0.310565 0.275482
vt 0.310565 0.250716
vt 0.100464 0.189262
vt 0.104078 0.189262
vt 0.104078 0.212986
vt 0.100464 0.212986
vt 0.317743 0.250716
vt 0.317743 0.275482
vt 0.096849 0.189262
vt 0.096849 0.212986
vt 0.320444 0.250716
vt 0.320444 0.275482
vt 0.240519 0.227228
vt 0.240519 0.203503
vt 0.243780 0.203503
vt 0.243780 0.227228
vt 0.064352 0.247670
vt 0.067054 0.247670
vt 0.067054 0.272436
vt 0.064352 0.272436
vt 0.236904 0.227228
vt 0.236904 0.203503
vt 0.060948 0.247670
vt 0.060948 0.272436
vt 0.233290 0.227228
vt 0.233290 0.203503
vt 0.230029 0.227228
vt 0.230029 0.203503
vt 0.057175 0.247670
vt 0.057175 0.272436
vt 0.053401 0.272436
vt 0.053401 0.247670
vt 0.049997 0.247670
vt 0.049997 0.272436
vt 0.047295 0.272436
vt 0.047295 0.247670
vt 0.018318 0.433370
vt 0.019973 0.433630
vt 0.018319 0.160891
vt 0.019973 0.160639
vt 0.977706 0.605797
vt 0.980353 0.605283
vt 0.977774 0.603864
vt 0.980053 0.603800
vt 0.975578 0.881821
vt 0.978182 0.882192
vt 0.980088 0.882532
vt 0.982290 0.604814
vt 0.732810 0.522166
vt 0.732796 0.519852
vt 0.373779 0.280129
vt 0.977884 0.883732
vt 0.975641 0.883752
vt 0.818199 0.515202
vt 0.818147 0.517499
vt 0.981950 0.603518
vt 0.374212 0.008384
vt 0.377216 0.011485
vt 0.979753 0.883940
vt 0.984916 0.678707
vt 0.986618 0.678439
vt 0.733533 0.524093
vt 0.374224 0.281507
vt 0.817344 0.519411
vt 0.984916 0.397884
vt 0.986616 0.398145
vt 0.374667 0.007117
vt 0.433313 0.011485
vt 0.435152 0.011130
vt 0.022377 0.162359
vt 0.024951 0.162859
vt 0.439798 0.280160
vt 0.439360 0.281523
vt 0.022681 0.160915
vt 0.024905 0.160980
vt 0.020495 0.161903
vt 0.800907 0.522155
vt 0.800918 0.519831
vt 0.024508 0.431539
vt 0.027032 0.431154
vt 0.022660 0.431891
vt 0.436855 0.010090
vt 0.438881 0.007112
vt 0.439347 0.008384
vt 0.438212 0.008535
vt 0.749198 0.519393
vt 0.024784 0.433031
vt 0.026947 0.433039
vt 0.800180 0.524089
vt 0.020830 0.160640
vt 0.748407 0.517492
vt 0.748359 0.515213
vt 0.022979 0.433245
vt 0.077088 0.175475
vt 0.087870 0.171971
vt 0.078698 0.178635
vt 0.081206 0.181144
vt 0.084367 0.182754
vt 0.336344 0.288055
vt 0.076533 0.171971
vt 0.087870 0.183309
vt 0.077088 0.168468
vt 0.091374 0.182754
vt 0.078698 0.165308
vt 0.081206 0.162799
vt 0.259266 0.290002
vt 0.084367 0.161189
vt 0.094534 0.181144
vt 0.097042 0.178635
vt 0.087870 0.160634
vt 0.099207 0.171971
vt 0.098653 0.175475
vt 0.091374 0.161189
vt 0.094534 0.162799
vt 0.097042 0.165308
vt 0.098653 0.168468
vt 0.420822 0.180158
vt 0.259266 0.288055
vt 0.362794 0.214241
vt 0.336258 0.290002
vt 0.474902 0.193551
vt 0.478441 0.192990
vt 0.481632 0.191364
vt 0.484166 0.188831
vt 0.485792 0.185639
vt 0.486352 0.182101
vt 0.485792 0.178563
vt 0.484166 0.175371
vt 0.481632 0.172838
vt 0.478441 0.171211
vt 0.474902 0.170651
vt 0.553026 0.553099
vt 0.555378 0.553099
vt 0.464577 0.186746
vt 0.465639 0.188831
vt 0.468172 0.191364
vt 0.471364 0.192990
vt 0.464577 0.177456
vt 0.471364 0.171211
vt 0.468172 0.172838
vt 0.465639 0.175371
vt 0.464013 0.178563
vt 0.463452 0.182101
vt 0.464013 0.185639
vt 0.857875 0.790315
vt 0.858544 0.790315
vt 0.867573 0.790315
vt 0.880438 0.790315
vt 0.886243 0.790315
vt 0.071565 0.160642
vt 0.217768 0.209638
vt 0.217763 0.228406
vt 0.209068 0.209643
vt 0.433399 0.276394
vt 0.217760 0.241072
vt 0.217755 0.259245
vt 0.209049 0.259253
vt 0.191065 0.228426
vt 0.191077 0.209654
vt 0.196671 0.209651
vt 0.196643 0.259265
vt 0.191046 0.259271
vt 0.191057 0.241094
vt 0.105209 0.189262
vt 0.107339 0.189262
vt 0.107339 0.212986
vt 0.093588 0.189262
vt 0.095718 0.189262
vt 0.093588 0.212986
vt 0.373779 0.281885
vt 0.385467 0.325308
vt 0.373943 0.367457
vt 0.385063 0.327857
vt 0.385467 0.330405
vt 0.386639 0.323009
vt 0.386639 0.332704
vt 0.388463 0.321185
vt 0.388463 0.334529
vt 0.416251 0.367432
vt 0.390762 0.335700
vt 0.393311 0.336104
vt 0.395859 0.335700
vt 0.416468 0.281885
vt 0.390762 0.320013
vt 0.393311 0.319609
vt 0.395859 0.320013
vt 0.398158 0.334529
vt 0.398158 0.321185
vt 0.399983 0.332704
vt 0.399983 0.323009
vt 0.401154 0.330405
vt 0.401154 0.325308
vt 0.401558 0.327857
vt 0.429406 0.187902
vt 0.426920 0.190388
vt 0.423786 0.191985
vt 0.420313 0.192535
vt 0.416840 0.191985
vt 0.413707 0.190388
vt 0.411220 0.187902
vt 0.409624 0.184768
vt 0.409074 0.181295
vt 0.409624 0.177822
vt 0.411220 0.174689
vt 0.413707 0.172202
vt 0.431003 0.184768
vt 0.431553 0.181295
vt 0.431003 0.177822
vt 0.429406 0.174689
vt 0.426920 0.172202
vt 0.423786 0.170606
vt 0.416840 0.170606
vt 0.420313 0.170056
vt 0.843655 0.940590
vt 0.872272 0.940561
vt 0.308911 0.250716
vt 0.309605 0.250716
vt 0.058135 0.247670
vt 0.058829 0.247670
vt 0.384088 0.149150
vt 0.384765 0.149826
vt 0.385689 0.150074
vt 0.389386 0.150074
vt 0.390311 0.149826
vt 0.390988 0.149150
vt 0.391235 0.148225
vt 0.391235 0.100157
vt 0.390988 0.099232
vt 0.390311 0.098556
vt 0.389386 0.098308
vt 0.385689 0.098308
vt 0.384765 0.098556
vt 0.384088 0.099232
vt 0.383840 0.148225
vt 0.383840 0.100157
vt 0.835473 0.882415
vt 0.879454 0.882389
vt 0.869678 0.937334
vt 0.845699 0.937374
vt 0.240319 0.292270
vt 0.236707 0.292270
vt 0.235805 0.292028
vt 0.235144 0.291368
vt 0.234902 0.290465
vt 0.234902 0.243511
vt 0.235144 0.242608
vt 0.235805 0.241948
vt 0.236707 0.241706
vt 0.240319 0.241706
vt 0.241222 0.241948
vt 0.241883 0.242608
vt 0.242125 0.243511
vt 0.242125 0.290465
vt 0.241883 0.291368
vt 0.241222 0.292028
vt 0.254573 0.203500
vt 0.255522 0.203688
vt 0.256326 0.204225
vt 0.256864 0.205029
vt 0.257052 0.205978
vt 0.257049 0.213687
vt 0.256860 0.214636
vt 0.256323 0.215440
vt 0.255520 0.215977
vt 0.254571 0.216166
vt 0.247126 0.216173
vt 0.246177 0.215985
vt 0.245373 0.215447
vt 0.244835 0.214643
vt 0.244647 0.213694
vt 0.244652 0.205984
vt 0.244841 0.205036
vt 0.245378 0.204232
vt 0.246182 0.203695
vt 0.247130 0.203505
vt 0.386076 0.144537
vt 0.386410 0.145193
vt 0.388311 0.143811
vt 0.386930 0.145712
vt 0.387585 0.146046
vt 0.388311 0.146161
vt 0.389038 0.146046
vt 0.389693 0.145712
vt 0.390213 0.145193
vt 0.390547 0.144537
vt 0.390662 0.143811
vt 0.390547 0.143085
vt 0.390213 0.142429
vt 0.389693 0.141910
vt 0.389038 0.141576
vt 0.388311 0.141461
vt 0.387585 0.141576
vt 0.386930 0.141910
vt 0.386410 0.142429
vt 0.386076 0.143085
vt 0.385961 0.143811
vt 0.172820 0.161103
vt 0.172820 0.160628
vt 0.173745 0.160626
vt 0.173745 0.161102
vt 0.172820 0.161518
vt 0.173745 0.161516
vt 0.172820 0.162255
vt 0.172820 0.161895
vt 0.173745 0.161894
vt 0.173745 0.162253
vt 0.171894 0.161105
vt 0.171894 0.160629
vt 0.171894 0.161519
vt 0.171894 0.161896
vt 0.171894 0.162256
vt 0.170969 0.161106
vt 0.170969 0.160631
vt 0.170969 0.161520
vt 0.170969 0.161898
vt 0.170969 0.162257
vt 0.170043 0.161107
vt 0.170043 0.160631
vt 0.170043 0.161521
vt 0.170043 0.161899
vt 0.170043 0.162258
vt 0.169118 0.161107
vt 0.169118 0.160632
vt 0.169118 0.161522
vt 0.169118 0.161899
vt 0.169118 0.162259
vt 0.187628 0.160632
vt 0.187628 0.161107
vt 0.186703 0.161107
vt 0.186703 0.160631
vt 0.187628 0.161522
vt 0.186703 0.161521
vt 0.187628 0.161899
vt 0.186703 0.161899
vt 0.187628 0.162259
vt 0.186703 0.162258
vt 0.185777 0.161106
vt 0.185777 0.160631
vt 0.185777 0.161520
vt 0.185777 0.161898
vt 0.185777 0.162257
vt 0.184851 0.161105
vt 0.184851 0.160629
vt 0.184851 0.161519
vt 0.184851 0.161896
vt 0.184851 0.162256
vt 0.183926 0.161103
vt 0.183926 0.160628
vt 0.183926 0.161518
vt 0.183926 0.161895
vt 0.183926 0.162255
vt 0.183000 0.161102
vt 0.183000 0.160626
vt 0.183000 0.161516
vt 0.183000 0.161894
vt 0.183000 0.162253
vt 0.182075 0.161102
vt 0.182075 0.160626
vt 0.182075 0.161516
vt 0.182075 0.161893
vt 0.182075 0.162253
vt 0.181149 0.161102
vt 0.181149 0.160627
vt 0.181149 0.161517
vt 0.181149 0.161894
vt 0.181149 0.162254
vt 0.180224 0.161103
vt 0.180224 0.160628
vt 0.180224 0.161518
vt 0.180224 0.161895
vt 0.180224 0.162255
vt 0.179298 0.161104
vt 0.179298 0.160628
vt 0.179298 0.161518
vt 0.179298 0.161895
vt 0.179298 0.162255
vt 0.178373 0.161104
vt 0.178373 0.160629
vt 0.178373 0.161518
vt 0.178373 0.161896
vt 0.178373 0.162255
vt 0.177447 0.161104
vt 0.177447 0.160628
vt 0.177447 0.161518
vt 0.177447 0.161895
vt 0.177447 0.162255
vt 0.176522 0.161103
vt 0.176522 0.160628
vt 0.176522 0.161518
vt 0.176522 0.161895
vt 0.176522 0.162255
vt 0.175596 0.161102
vt 0.175596 0.160627
vt 0.175596 0.161517
vt 0.175596 0.161894
vt 0.175596 0.162254
vt 0.174671 0.161102
vt 0.174671 0.160626
vt 0.174671 0.161516
vt 0.174671 0.161893
vt 0.174671 0.162253
vt 0.386037 0.148183
vt 0.386256 0.148614
vt 0.387507 0.147705
vt 0.386598 0.148956
vt 0.387030 0.149176
vt 0.387507 0.149252
vt 0.387985 0.149176
vt 0.388416 0.148956
vt 0.388758 0.148614
vt 0.388978 0.148183
vt 0.389054 0.147705
vt 0.388978 0.147228
vt 0.388758 0.146797
vt 0.388416 0.146455
vt 0.387985 0.146235
vt 0.387507 0.146159
vt 0.387030 0.146235
vt 0.386598 0.146455
vt 0.386256 0.146797
vt 0.386037 0.147228
vt 0.385961 0.147705
vt 0.415519 0.188571
vt 0.415519 0.188217
vt 0.416208 0.188216
vt 0.416208 0.188571
vt 0.415519 0.188880
vt 0.416208 0.188879
vt 0.415519 0.189429
vt 0.415519 0.189161
vt 0.416208 0.189160
vt 0.416208 0.189428
vt 0.414830 0.188573
vt 0.414830 0.188219
vt 0.414830 0.188881
vt 0.414830 0.189162
vt 0.414830 0.189430
vt 0.414140 0.188574
vt 0.414140 0.188220
vt 0.414140 0.188882
vt 0.414140 0.189163
vt 0.414140 0.189431
vt 0.413451 0.188574
vt 0.413451 0.188220
vt 0.413451 0.188883
vt 0.413451 0.189164
vt 0.413451 0.189432
vt 0.412762 0.188575
vt 0.412762 0.188221
vt 0.412762 0.188883
vt 0.412762 0.189164
vt 0.412762 0.189432
vt 0.426547 0.188221
vt 0.426547 0.188575
vt 0.425857 0.188574
vt 0.425857 0.188220
vt 0.426547 0.188883
vt 0.425857 0.188883
vt 0.426547 0.189164
vt 0.425857 0.189164
vt 0.426547 0.189432
vt 0.425857 0.189432
vt 0.425168 0.188574
vt 0.425168 0.188220
vt 0.425168 0.188882
vt 0.425168 0.189163
vt 0.425168 0.189431
vt 0.424479 0.188573
vt 0.424479 0.188219
vt 0.424479 0.188881
vt 0.424479 0.189162
vt 0.424479 0.189430
vt 0.423790 0.188571
vt 0.423790 0.188217
vt 0.423790 0.188880
vt 0.423790 0.189161
vt 0.423790 0.189429
vt 0.423101 0.188571
vt 0.423101 0.188216
vt 0.423101 0.188879
vt 0.423101 0.189160
vt 0.423101 0.189428
vt 0.422411 0.188570
vt 0.422411 0.188216
vt 0.422411 0.188879
vt 0.422411 0.189160
vt 0.422411 0.189428
vt 0.421722 0.188571
vt 0.421722 0.188217
vt 0.421722 0.188880
vt 0.421722 0.189161
vt 0.421722 0.189428
vt 0.421033 0.188571
vt 0.421033 0.188218
vt 0.421033 0.188880
vt 0.421033 0.189161
vt 0.421033 0.189429
vt 0.420344 0.188572
vt 0.420344 0.188218
vt 0.420344 0.188880
vt 0.420344 0.189161
vt 0.420344 0.189429
vt 0.419654 0.188572
vt 0.419654 0.188218
vt 0.419654 0.188881
vt 0.419654 0.189162
vt 0.419654 0.189429
vt 0.418965 0.188572
vt 0.418965 0.188218
vt 0.418965 0.188880
vt 0.418965 0.189161
vt 0.418965 0.189429
vt 0.418276 0.188571
vt 0.418276 0.188218
vt 0.418276 0.188880
vt 0.418276 0.189161
vt 0.418276 0.189429
vt 0.417587 0.188571
vt 0.417587 0.188217
vt 0.417587 0.188880
vt 0.417587 0.189161
vt 0.417587 0.189428
vt 0.416897 0.188570
vt 0.416897 0.188216
vt 0.416897 0.188879
vt 0.416897 0.189160
vt 0.416897 0.189428
vt 0.096100 0.162658
vt 0.096320 0.163089
vt 0.097571 0.162181
vt 0.096662 0.163432
vt 0.097093 0.163651
vt 0.097571 0.163727
vt 0.098048 0.163651
vt 0.098480 0.163432
vt 0.098822 0.163089
vt 0.099041 0.162658
vt 0.099117 0.162181
vt 0.099041 0.161703
vt 0.098822 0.161272
vt 0.098480 0.160930
vt 0.098048 0.160710
vt 0.097571 0.160634
vt 0.097093 0.160710
vt 0.096662 0.160930
vt 0.096320 0.161272
vt 0.096100 0.161703
vt 0.096024 0.162181
vt 0.188930 0.185939
vt 0.188930 0.185585
vt 0.189619 0.185584
vt 0.189619 0.185938
vt 0.188930 0.186248
vt 0.189619 0.186247
vt 0.188930 0.186797
vt 0.188930 0.186529
vt 0.189619 0.186528
vt 0.189619 0.186796
vt 0.188240 0.185940
vt 0.188240 0.185586
vt 0.188240 0.186249
vt 0.188240 0.186530
vt 0.188240 0.186798
vt 0.187551 0.185941
vt 0.187551 0.185587
vt 0.187551 0.186250
vt 0.187551 0.186531
vt 0.187551 0.186799
vt 0.186862 0.185942
vt 0.186862 0.185588
vt 0.186862 0.186251
vt 0.186862 0.186531
vt 0.186862 0.186799
vt 0.186173 0.185942
vt 0.186173 0.185588
vt 0.186173 0.186251
vt 0.186173 0.186532
vt 0.186173 0.186800
vt 0.199957 0.185588
vt 0.199957 0.185942
vt 0.199268 0.185942
vt 0.199268 0.185588
vt 0.199957 0.186251
vt 0.199268 0.186251
vt 0.199957 0.186532
vt 0.199268 0.186532
vt 0.199957 0.186800
vt 0.199268 0.186799
vt 0.198579 0.185941
vt 0.198579 0.185587
vt 0.198579 0.186250
vt 0.198579 0.186531
vt 0.198579 0.186799
vt 0.197889 0.185940
vt 0.197889 0.185586
vt 0.197889 0.186249
vt 0.197889 0.186530
vt 0.197889 0.186798
vt 0.197200 0.185939
vt 0.197200 0.185585
vt 0.197200 0.186248
vt 0.197200 0.186529
vt 0.197200 0.186797
vt 0.196511 0.185938
vt 0.196511 0.185584
vt 0.196511 0.186247
vt 0.196511 0.186528
vt 0.196511 0.186796
vt 0.195822 0.185938
vt 0.195822 0.185584
vt 0.195822 0.186247
vt 0.195822 0.186528
vt 0.195822 0.186796
vt 0.195132 0.185939
vt 0.195132 0.185585
vt 0.195132 0.186247
vt 0.195132 0.186528
vt 0.195132 0.186796
vt 0.194443 0.185939
vt 0.194443 0.185585
vt 0.194443 0.186248
vt 0.194443 0.186529
vt 0.194443 0.186797
vt 0.193754 0.185940
vt 0.193754 0.185586
vt 0.193754 0.186248
vt 0.193754 0.186529
vt 0.193754 0.186797
vt 0.193065 0.185940
vt 0.193065 0.185586
vt 0.193065 0.186248
vt 0.193065 0.186529
vt 0.193065 0.186797
vt 0.192376 0.185940
vt 0.192376 0.185586
vt 0.192376 0.186248
vt 0.192376 0.186529
vt 0.192376 0.186797
vt 0.191687 0.185939
vt 0.191687 0.185585
vt 0.191687 0.186248
vt 0.191687 0.186529
vt 0.191687 0.186797
vt 0.190997 0.185939
vt 0.190997 0.185585
vt 0.190997 0.186247
vt 0.190997 0.186528
vt 0.190997 0.186796
vt 0.190308 0.185938
vt 0.190308 0.185584
vt 0.190308 0.186247
vt 0.190308 0.186528
vt 0.190308 0.186796
vt 0.196027 0.174803
vt 0.196343 0.175422
vt 0.198139 0.174117
vt 0.196834 0.175913
vt 0.197453 0.176229
vt 0.198139 0.176337
vt 0.198825 0.176229
vt 0.199444 0.175913
vt 0.199935 0.175422
vt 0.200251 0.174803
vt 0.200359 0.174117
vt 0.200251 0.173431
vt 0.199935 0.172812
vt 0.199444 0.172321
vt 0.198825 0.172005
vt 0.198139 0.171896
vt 0.197453 0.172005
vt 0.196834 0.172321
vt 0.196343 0.172812
vt 0.196027 0.173431
vt 0.195919 0.174117
vt 0.143430 0.194841
vt 0.143430 0.194385
vt 0.144318 0.194384
vt 0.144318 0.194840
vt 0.143430 0.195238
vt 0.144318 0.195237
vt 0.143430 0.195945
vt 0.143430 0.195600
vt 0.144318 0.195599
vt 0.144318 0.195944
vt 0.142543 0.194843
vt 0.142543 0.194386
vt 0.142543 0.195240
vt 0.142543 0.195602
vt 0.142543 0.195947
vt 0.141655 0.194844
vt 0.141655 0.194388
vt 0.141655 0.195241
vt 0.141655 0.195603
vt 0.141655 0.195948
vt 0.140768 0.194844
vt 0.140768 0.194389
vt 0.140768 0.195242
vt 0.140768 0.195604
vt 0.140768 0.195949
vt 0.139880 0.194845
vt 0.139880 0.194389
vt 0.139880 0.195242
vt 0.139880 0.195604
vt 0.139880 0.195949
vt 0.157630 0.194389
vt 0.157630 0.194845
vt 0.156743 0.194844
vt 0.156743 0.194389
vt 0.157630 0.195242
vt 0.156743 0.195242
vt 0.157630 0.195604
vt 0.156743 0.195604
vt 0.157630 0.195949
vt 0.156743 0.195949
vt 0.155855 0.194844
vt 0.155855 0.194388
vt 0.155855 0.195241
vt 0.155855 0.195603
vt 0.155855 0.195948
vt 0.154968 0.194843
vt 0.154968 0.194386
vt 0.154968 0.195240
vt 0.154968 0.195602
vt 0.154968 0.195947
vt 0.154080 0.194841
vt 0.154080 0.194385
vt 0.154080 0.195238
vt 0.154080 0.195600
vt 0.154080 0.195945
vt 0.153193 0.194840
vt 0.153193 0.194384
vt 0.153193 0.195237
vt 0.153193 0.195599
vt 0.153193 0.195944
vt 0.152305 0.194840
vt 0.152305 0.194384
vt 0.152305 0.195237
vt 0.152305 0.195599
vt 0.152305 0.195944
vt 0.151418 0.194840
vt 0.151418 0.194384
vt 0.151418 0.195237
vt 0.151418 0.195599
vt 0.151418 0.195944
vt 0.150530 0.194841
vt 0.150530 0.194385
vt 0.150530 0.195238
vt 0.150530 0.195600
vt 0.150530 0.195945
vt 0.149643 0.194842
vt 0.149643 0.194386
vt 0.149643 0.195239
vt 0.149643 0.195601
vt 0.149643 0.195946
vt 0.148755 0.194842
vt 0.148755 0.194386
vt 0.148755 0.195239
vt 0.148755 0.195601
vt 0.148755 0.195946
vt 0.147868 0.194842
vt 0.147868 0.194386
vt 0.147868 0.195239
vt 0.147868 0.195601
vt 0.147868 0.195946
vt 0.146980 0.194841
vt 0.146980 0.194385
vt 0.146980 0.195238
vt 0.146980 0.195600
vt 0.146980 0.195945
vt 0.146093 0.194840
vt 0.146093 0.194384
vt 0.146093 0.195237
vt 0.146093 0.195599
vt 0.146093 0.195944
vt 0.145205 0.194840
vt 0.145205 0.194384
vt 0.145205 0.195237
vt 0.145205 0.195599
vt 0.145205 0.195944
vt 0.369015 0.170768
vt 0.369330 0.171387
vt 0.371126 0.170082
vt 0.369821 0.171878
vt 0.370440 0.172194
vt 0.371126 0.172302
vt 0.371812 0.172194
vt 0.372431 0.171878
vt 0.372923 0.171387
vt 0.373238 0.170768
vt 0.373346 0.170082
vt 0.373238 0.169396
vt 0.372923 0.168777
vt 0.372431 0.168286
vt 0.371812 0.167970
vt 0.371126 0.167862
vt 0.370440 0.167970
vt 0.369821 0.168286
vt 0.369330 0.168777
vt 0.369015 0.169396
vt 0.368906 0.170082
vt 0.121502 0.161089
vt 0.121502 0.160633
vt 0.122390 0.160632
vt 0.122390 0.161088
vt 0.121502 0.161487
vt 0.122390 0.161486
vt 0.121502 0.162194
vt 0.121502 0.161849
vt 0.122390 0.161847
vt 0.122390 0.162193
vt 0.120615 0.161091
vt 0.120615 0.160635
vt 0.120615 0.161488
vt 0.120615 0.161850
vt 0.120615 0.162195
vt 0.119727 0.161092
vt 0.119727 0.160636
vt 0.119727 0.161489
vt 0.119727 0.161851
vt 0.119727 0.162196
vt 0.118840 0.161093
vt 0.118840 0.160637
vt 0.118840 0.161490
vt 0.118840 0.161852
vt 0.118840 0.162197
vt 0.117952 0.161093
vt 0.117952 0.160637
vt 0.117952 0.161491
vt 0.117952 0.161853
vt 0.117952 0.162198
vt 0.135702 0.160638
vt 0.135702 0.161094
vt 0.134815 0.161093
vt 0.134815 0.160637
vt 0.135702 0.161491
vt 0.134815 0.161490
vt 0.135702 0.161853
vt 0.134815 0.161852
vt 0.135702 0.162198
vt 0.134815 0.162197
vt 0.133927 0.161092
vt 0.133927 0.160636
vt 0.133927 0.161489
vt 0.133927 0.161851
vt 0.133927 0.162196
vt 0.133040 0.161091
vt 0.133040 0.160635
vt 0.133040 0.161488
vt 0.133040 0.161850
vt 0.133040 0.162195
vt 0.132152 0.161089
vt 0.132152 0.160633
vt 0.132152 0.161487
vt 0.132152 0.161849
vt 0.132152 0.162194
vt 0.131265 0.161088
vt 0.131265 0.160632
vt 0.131265 0.161486
vt 0.131265 0.161847
vt 0.131265 0.162193
vt 0.130377 0.161088
vt 0.130377 0.160632
vt 0.130377 0.161485
vt 0.130377 0.161847
vt 0.130377 0.162192
vt 0.129490 0.161089
vt 0.129490 0.160633
vt 0.129490 0.161486
vt 0.129490 0.161848
vt 0.129490 0.162193
vt 0.128602 0.161089
vt 0.128602 0.160634
vt 0.128602 0.161487
vt 0.128602 0.161849
vt 0.128602 0.162194
vt 0.127715 0.161090
vt 0.127715 0.160634
vt 0.127715 0.161487
vt 0.127715 0.161849
vt 0.127715 0.162194
vt 0.126827 0.161090
vt 0.126827 0.160634
vt 0.126827 0.161488
vt 0.126827 0.161849
vt 0.126827 0.162194
vt 0.125940 0.161090
vt 0.125940 0.160634
vt 0.125940 0.161487
vt 0.125940 0.161849
vt 0.125940 0.162194
vt 0.125052 0.161089
vt 0.125052 0.160634
vt 0.125052 0.161487
vt 0.125052 0.161849
vt 0.125052 0.162194
vt 0.124165 0.161089
vt 0.124165 0.160633
vt 0.124165 0.161486
vt 0.124165 0.161848
vt 0.124165 0.162193
vt 0.123277 0.161088
vt 0.123277 0.160632
vt 0.123277 0.161485
vt 0.123277 0.161847
vt 0.123277 0.162192
vt 0.181409 0.165160
vt 0.181724 0.165779
vt 0.183520 0.164474
vt 0.182215 0.166270
vt 0.182834 0.166586
vt 0.183520 0.166694
vt 0.184206 0.166586
vt 0.184825 0.166270
vt 0.185317 0.165779
vt 0.185632 0.165160
vt 0.185741 0.164474
vt 0.185632 0.163788
vt 0.185317 0.163169
vt 0.184825 0.162678
vt 0.184206 0.162362
vt 0.183520 0.162253
vt 0.182834 0.162362
vt 0.182215 0.162678
vt 0.181724 0.163169
vt 0.181409 0.163788
vt 0.181300 0.164474
vt 0.143430 0.197968
vt 0.143430 0.197512
vt 0.144318 0.197510
vt 0.144318 0.197966
vt 0.143430 0.198365
vt 0.144318 0.198364
vt 0.143430 0.199072
vt 0.143430 0.198727
vt 0.144318 0.198726
vt 0.144318 0.199071
vt 0.142543 0.197969
vt 0.142543 0.197513
vt 0.142543 0.198367
vt 0.142543 0.198728
vt 0.142543 0.199073
vt 0.141655 0.197970
vt 0.141655 0.197514
vt 0.141655 0.198368
vt 0.141655 0.198729
vt 0.141655 0.199075
vt 0.140768 0.197971
vt 0.140768 0.197515
vt 0.140768 0.198369
vt 0.140768 0.198730
vt 0.140768 0.199075
vt 0.139880 0.197972
vt 0.139880 0.197516
vt 0.139880 0.198369
vt 0.139880 0.198731
vt 0.139880 0.199076
vt 0.157630 0.197516
vt 0.157630 0.197972
vt 0.156743 0.197971
vt 0.156743 0.197515
vt 0.157630 0.198369
vt 0.156743 0.198369
vt 0.157630 0.198731
vt 0.156743 0.198730
vt 0.157630 0.199076
vt 0.156743 0.199075
vt 0.155855 0.197970
vt 0.155855 0.197514
vt 0.155855 0.198368
vt 0.155855 0.198729
vt 0.155855 0.199075
vt 0.154968 0.197969
vt 0.154968 0.197513
vt 0.154968 0.198367
vt 0.154968 0.198728
vt 0.154968 0.199073
vt 0.154080 0.197968
vt 0.154080 0.197512
vt 0.154080 0.198365
vt 0.154080 0.198727
vt 0.154080 0.199072
vt 0.153193 0.197966
vt 0.153193 0.197510
vt 0.153193 0.198364
vt 0.153193 0.198726
vt 0.153193 0.199071
vt 0.152305 0.197966
vt 0.152305 0.197510
vt 0.152305 0.198364
vt 0.152305 0.198725
vt 0.152305 0.199070
vt 0.151418 0.197967
vt 0.151418 0.197511
vt 0.151418 0.198364
vt 0.151418 0.198726
vt 0.151418 0.199071
vt 0.150530 0.197968
vt 0.150530 0.197512
vt 0.150530 0.198365
vt 0.150530 0.198727
vt 0.150530 0.199072
vt 0.149643 0.197968
vt 0.149643 0.197512
vt 0.149643 0.198365
vt 0.149643 0.198727
vt 0.149643 0.199072
vt 0.148755 0.197968
vt 0.148755 0.197512
vt 0.148755 0.198366
vt 0.148755 0.198727
vt 0.148755 0.199073
vt 0.147868 0.197968
vt 0.147868 0.197512
vt 0.147868 0.198365
vt 0.147868 0.198727
vt 0.147868 0.199072
vt 0.146980 0.197968
vt 0.146980 0.197512
vt 0.146980 0.198365
vt 0.146980 0.198727
vt 0.146980 0.199072
vt 0.146093 0.197967
vt 0.146093 0.197511
vt 0.146093 0.198364
vt 0.146093 0.198726
vt 0.146093 0.199071
vt 0.145205 0.197966
vt 0.145205 0.197510
vt 0.145205 0.198364
vt 0.145205 0.198725
vt 0.145205 0.199070
vt 0.113188 0.163539
vt 0.113503 0.164157
vt 0.115300 0.162852
vt 0.113995 0.164649
vt 0.114614 0.164964
vt 0.115300 0.165073
vt 0.115986 0.164964
vt 0.116605 0.164649
vt 0.117096 0.164157
vt 0.117411 0.163539
vt 0.117520 0.162852
vt 0.117411 0.162166
vt 0.117096 0.161547
vt 0.116605 0.161056
vt 0.115986 0.160741
vt 0.115300 0.160632
vt 0.114614 0.160741
vt 0.113995 0.161056
vt 0.113503 0.161547
vt 0.113188 0.162166
vt 0.113079 0.162852
vt 0.143430 0.196405
vt 0.143430 0.195948
vt 0.144318 0.195947
vt 0.144318 0.196403
vt 0.143430 0.196802
vt 0.144318 0.196801
vt 0.143430 0.197509
vt 0.143430 0.197163
vt 0.144318 0.197162
vt 0.144318 0.197507
vt 0.142543 0.196406
vt 0.142543 0.195950
vt 0.142543 0.196803
vt 0.142543 0.197165
vt 0.142543 0.197510
vt 0.141655 0.196407
vt 0.141655 0.195951
vt 0.141655 0.196804
vt 0.141655 0.197166
vt 0.141655 0.197511
vt 0.140768 0.196408
vt 0.140768 0.195952
vt 0.140768 0.196805
vt 0.140768 0.197167
vt 0.140768 0.197512
vt 0.139880 0.196408
vt 0.139880 0.195952
vt 0.139880 0.196806
vt 0.139880 0.197167
vt 0.139880 0.197513
vt 0.157630 0.195952
vt 0.157630 0.196408
vt 0.156743 0.196408
vt 0.156743 0.195952
vt 0.157630 0.196806
vt 0.156743 0.196805
vt 0.157630 0.197168
vt 0.156743 0.197167
vt 0.157630 0.197513
vt 0.156743 0.197512
vt 0.155855 0.196407
vt 0.155855 0.195951
vt 0.155855 0.196804
vt 0.155855 0.197166
vt 0.155855 0.197511
vt 0.154968 0.196406
vt 0.154968 0.195950
vt 0.154968 0.196803
vt 0.154968 0.197165
vt 0.154968 0.197510
vt 0.154080 0.196405
vt 0.154080 0.195948
vt 0.154080 0.196802
vt 0.154080 0.197163
vt 0.154080 0.197509
vt 0.153193 0.196403
vt 0.153193 0.195947
vt 0.153193 0.196801
vt 0.153193 0.197162
vt 0.153193 0.197507
vt 0.152305 0.196403
vt 0.152305 0.195947
vt 0.152305 0.196800
vt 0.152305 0.197162
vt 0.152305 0.197507
vt 0.151418 0.196404
vt 0.151418 0.195948
vt 0.151418 0.196801
vt 0.151418 0.197163
vt 0.151418 0.197508
vt 0.150530 0.196405
vt 0.150530 0.195949
vt 0.150530 0.196802
vt 0.150530 0.197163
vt 0.150530 0.197509
vt 0.149643 0.196405
vt 0.149643 0.195949
vt 0.149643 0.196802
vt 0.149643 0.197164
vt 0.149643 0.197509
vt 0.148755 0.196405
vt 0.148755 0.195949
vt 0.148755 0.196802
vt 0.148755 0.197164
vt 0.148755 0.197509
vt 0.147868 0.196405
vt 0.147868 0.195949
vt 0.147868 0.196802
vt 0.147868 0.197164
vt 0.147868 0.197509
vt 0.146980 0.196405
vt 0.146980 0.195949
vt 0.146980 0.196802
vt 0.146980 0.197163
vt 0.146980 0.197509
vt 0.146093 0.196404
vt 0.146093 0.195948
vt 0.146093 0.196801
vt 0.146093 0.197163
vt 0.146093 0.197508
vt 0.145205 0.196403
vt 0.145205 0.195947
vt 0.145205 0.196800
vt 0.145205 0.197162
vt 0.145205 0.197507

# vertex normals
vn 0.000000 0.985599 -0.169101
vn 0.000000 1.000000 0.000000
vn 0.000000 0.923866 -0.382716
vn -0.994795 -0.005377 -0.101759
vn -0.924948 -0.375263 -0.060401
vn -0.923881 -0.382681 -0.000000
vn -0.999988 -0.004976 -0.000000
vn -0.375352 -0.924912 -0.060402
vn -0.012296 -0.995726 -0.091539
vn -0.013371 -0.999911 -0.000000
vn -0.382684 -0.923879 -0.000002
vn 0.012296 -0.995726 -0.091539
vn 0.013371 -0.999911 -0.000000
vn 0.375351 -0.924912 -0.060402
vn 0.382684 -0.923879 -0.000003
vn 0.923881 -0.382679 0.000000
vn 0.924949 -0.375262 -0.060401
vn 0.994795 -0.005377 -0.101759
vn 0.999988 -0.004975 0.000000
vn -0.008363 -0.924236 -0.381730
vn 0.008363 -0.924236 -0.381730
vn 0.309017 0.951056 0.000000
vn 0.309017 0.951057 0.000001
vn 0.000000 1.000000 0.000000
vn -0.000000 1.000000 0.000000
vn -0.309017 0.951056 0.000001
vn -0.309017 0.951056 0.000000
vn -0.587785 0.809017 0.000001
vn -0.587785 0.809017 0.000000
vn -0.809016 0.587787 0.000001
vn -0.809017 0.587786 0.000000
vn -0.951056 0.309019 0.000000
vn -0.951056 0.309018 0.000000
vn -1.000000 0.000000 0.000000
vn -1.000000 0.000000 0.000000
vn -0.951057 -0.309016 0.000000
vn -0.951057 -0.309017 0.000000
vn -0.809017 -0.587785 0.000000
vn -0.809017 -0.587786 0.000000
vn -0.587785 -0.809017 0.000000
vn -0.587785 -0.809017 0.000000
vn -0.309017 -0.951057 0.000000
vn -0.309017 -0.951057 0.000000
vn 0.000000 -1.000000 0.000000
vn -0.000000 -1.000000 0.000000
vn 0.309017 -0.951057 0.000000
vn 0.309016 -0.951057 0.000000
vn 0.587786 -0.809016 0.000000
vn 0.587786 -0.809017 0.000000
vn 0.809017 -0.587785 0.000000
vn 0.809017 -0.587786 0.000000
vn 0.951056 -0.309018 0.000000
vn 0.951056 -0.309019 0.000000
vn 1.000000 0.000000 0.000000
vn -1.000000 -0.000000 0.000000
vn -0.951056 -0.309017 0.000000
vn -0.809017 -0.587786 0.000000
vn -0.587785 -0.809017 0.000000
vn -0.309016 -0.951057 0.000000
vn 0.000000 -1.000000 0.000000
vn 0.309017 -0.951056 0.000000
vn 0.587785 -0.809017 0.000000
vn 0.587785 -0.809017 0.000000
vn 0.809017 -0.587785 0.000000
vn 0.809016 -0.587787 0.000000
vn 0.951057 -0.309016 0.000000
vn 0.951056 -0.309018 0.000000
vn 1.000000 0.000000 0.000000
vn -0.309018 0.951056 0.000000
vn -0.309017 0.951056 0.000000
vn -0.587786 0.809016 0.000000
vn -0.587785 0.809017 0.000000
vn -0.809017 0.587785 0.000000
vn -0.809017 0.587785 0.000000
vn -0.951057 0.309016 0.000000
vn -0.951057 0.309017 0.000000
vn -1.000000 0.000000 0.000000
vn -1.000000 0.000001 0.000000
vn -0.951057 -0.309015 0.000000
vn -0.809017 -0.587785 0.000000
vn -0.809017 -0.587785 0.000000
vn -0.587785 -0.809017 0.000000
vn -0.587785 -0.809017 0.000000
vn -0.309017 -0.951057 0.000000
vn -0.309016 -0.951057 0.000000
vn 0.000000 -1.000000 0.000000
vn 0.309017 -0.951056 0.000000
vn 0.309018 -0.951056 0.000000
vn 0.587785 -0.809017 0.000000
vn 0.587786 -0.809016 0.000000
vn 0.809017 -0.587785 0.000000
vn 0.951056 -0.309017 0.000000
vn 0.951056 -0.309018 0.000000
vn 0.951056 0.309018 0.000000
vn 0.951056 0.309017 0.000000
vn 0.809017 0.587785 0.000000
vn 0.809017 0.587785 0.000000
vn 0.587786 0.809016 0.000000
vn 0.587785 0.809017 0.000000
vn 0.309018 0.951056 0.000000
vn 0.309017 0.951056 0.000000
vn -0.008364 -0.381742 -0.924231
vn -0.148098 -0.081877 -0.985578
vn 0.131595 -0.072753 -0.988630
vn 0.008364 -0.381742 -0.924231
vn 0.951056 0.309018 0.000000
vn 0.809016 0.587787 0.000000
vn 0.809017 0.587786 0.000000
vn 0.587784 0.809018 0.000000
vn 0.587785 0.809017 0.000000
vn 0.309016 0.951057 0.000000
vn 0.309016 0.951057 0.000000
vn -0.309016 0.951057 0.000000
vn -0.309016 0.951057 0.000000
vn -0.587784 0.809018 0.000000
vn -0.587785 0.809017 0.000000
vn -0.809016 0.587787 0.000000
vn -0.809017 0.587786 0.000000
vn -0.951056 0.309018 0.000000
vn -0.951057 -0.309016 0.000000
vn -0.587786 -0.809017 0.000000
vn -0.309017 -0.951056 0.000000
vn 0.000001 -1.000000 0.000000
vn 0.000001 -1.000000 0.000000
vn 0.309018 -0.951056 0.000000
vn 0.309018 -0.951056 0.000000
vn 0.587785 -0.809017 0.000000
vn 0.575466 -0.817796 -0.006962
vn 0.809017 -0.587785 0.000000
vn 0.835928 -0.547266 0.041510
vn 0.951057 -0.309016 0.000000
vn 0.947605 -0.317750 0.032872
vn 0.951056 0.309017 -0.000000
vn 0.951056 0.309018 0.000000
vn 0.809017 0.587785 -0.000000
vn 0.587785 0.809017 0.000000
vn 0.587785 0.809017 0.000000
vn 0.309016 0.951057 -0.000001
vn 0.309017 0.951056 0.000000
vn -0.000000 1.000000 -0.000002
vn -0.000000 1.000000 0.000000
vn -0.309017 0.951057 -0.000001
vn -0.309017 0.951056 0.000000
vn -0.587786 0.809016 0.000000
vn -0.587785 0.809017 0.000000
vn -0.809017 0.587785 -0.000000
vn -0.809017 0.587786 0.000000
vn -0.951056 0.309017 -0.000000
vn 0.951056 0.309019 0.000000
vn 0.809016 0.587787 0.000001
vn 0.809017 0.587786 0.000000
vn 0.587785 0.809017 0.000001
vn 0.587785 0.809017 0.000000
vn -0.587786 -0.809017 0.000000
vn 0.000001 -1.000000 0.000000
vn 0.309017 -0.951056 0.000000
vn 0.309017 -0.951056 0.000000
vn -0.587785 0.809017 -0.000002
vn 0.587786 -0.809016 0.000000
vn -0.000000 1.000000 0.000000
vn -0.309016 0.951057 -0.000002
vn 0.951056 -0.309018 0.000000
vn 0.809017 -0.587785 0.000000
vn 0.309016 0.951057 0.000000
vn -0.999445 -0.000158 -0.033316
vn -0.843760 -0.002540 -0.536715
vn -0.845127 -0.006658 -0.534524
vn -0.888021 -0.325574 -0.324684
vn 0.843761 -0.002540 -0.536713
vn 0.999445 -0.000158 -0.033316
vn 0.845128 -0.006658 -0.534523
vn 0.888020 -0.325578 -0.324684
vn 0.115014 0.223511 -0.967892
vn 0.260334 -0.003461 -0.965513
vn 0.061065 0.087082 -0.994328
vn -0.260334 -0.003461 -0.965513
vn -0.115014 0.223512 -0.967892
vn -0.071812 0.102405 -0.992147
vn -0.326073 -0.887879 -0.324572
vn 0.326071 -0.887880 -0.324571
vn -0.325913 -0.325318 -0.887665
vn 0.325915 -0.325315 -0.887665
vn -1.000000 0.000000 0.000000
vn -0.392310 0.919833 0.000000
vn 0.802928 -0.596075 0.000000
vn 0.000000 0.382683 -0.923880
vn 0.000000 0.382683 -0.923880
vn 0.149281 -0.148964 -0.977509
vn 0.143341 -0.153339 -0.977722
vn 0.133705 -0.157013 -0.978504
vn 0.125832 -0.166531 -0.977974
vn 0.121227 -0.159586 -0.979712
vn 0.107142 -0.160839 -0.981148
vn 0.092905 -0.160733 -0.982616
vn 0.079994 -0.159376 -0.983972
vn 0.069755 -0.156996 -0.985133
vn 0.063271 -0.153889 -0.986060
vn 0.061250 -0.150391 -0.986727
vn -0.164225 -0.178722 -0.970097
vn -0.158540 -0.182635 -0.970314
vn -0.148577 -0.185406 -0.971365
vn -0.135247 -0.186744 -0.973054
vn -0.119861 -0.186513 -0.975113
vn -0.165172 -0.174075 -0.970781
vn 0.151091 -0.144401 -0.977916
vn 0.148737 -0.140206 -0.978887
vn 0.071980 -0.154913 -0.985302
vn 0.070939 -0.143496 -0.987105
vn 0.081492 -0.140463 -0.986726
vn 0.142543 -0.136914 -0.980274
vn 0.133130 -0.134965 -0.981866
vn 0.146695 -0.010506 -0.989126
vn 0.143582 -0.005329 -0.989624
vn 0.145708 -0.015857 -0.989201
vn 0.140626 -0.020854 -0.989843
vn 0.136764 -0.000834 -0.990603
vn 0.145111 -0.094088 -0.984932
vn 0.141231 -0.108272 -0.984038
vn 0.124702 -0.121450 -0.984733
vn 0.131874 -0.025005 -0.990951
vn 0.136683 -0.080310 -0.987354
vn 0.117326 -0.068279 -0.990743
vn 0.126966 0.002536 -0.991904
vn 0.120287 -0.027898 -0.992347
vn 0.089293 -0.059162 -0.994247
vn 0.121314 -0.134587 -0.983448
vn 0.096407 -0.132248 -0.986517
vn 0.107039 -0.029245 -0.993825
vn 0.108024 -0.135665 -0.984848
vn 0.115154 0.004450 -0.993338
vn 0.055231 -0.053803 -0.997023
vn 0.093519 -0.028912 -0.995198
vn 0.058758 -0.139480 -0.988480
vn 0.094324 -0.137778 -0.985962
vn 0.081162 -0.026933 -0.996337
vn 0.102430 0.004727 -0.994729
vn 0.017692 -0.052591 -0.998459
vn 0.071266 -0.023507 -0.997180
vn 0.015841 -0.142347 -0.989690
vn 0.089929 0.003351 -0.995942
vn 0.064833 -0.018984 -0.997715
vn 0.063913 -0.146840 -0.987093
vn 0.078750 0.000472 -0.996894
vn 0.069900 -0.003621 -0.997547
vn 0.064249 -0.008537 -0.997897
vn -0.161354 -0.169164 -0.972290
vn -0.153144 -0.164490 -0.974418
vn -0.141285 -0.160539 -0.976865
vn -0.126851 -0.157737 -0.979300
vn -0.136027 -0.009728 -0.990657
vn -0.132827 -0.004443 -0.991129
vn -0.125685 0.000325 -0.992070
vn -0.115343 0.004113 -0.993317
vn -0.102814 0.006553 -0.994679
vn -0.111190 -0.156365 -0.981421
vn -0.134900 -0.015023 -0.990745
vn -0.129477 -0.019816 -0.991384
vn -0.089278 0.007401 -0.995979
vn -0.075976 0.006569 -0.997088
vn -0.064118 0.004132 -0.997934
vn -0.054804 0.000327 -0.998497
vn -0.048946 -0.004477 -0.998791
vn 0.062453 -0.013824 -0.997952
vn -0.047180 -0.009808 -0.998838
vn -0.049778 -0.015142 -0.998645
vn -0.020203 -0.055578 -0.998250
vn -0.056584 -0.019952 -0.998198
vn -0.066983 -0.023760 -0.997471
vn -0.054601 -0.062811 -0.996531
vn -0.079943 -0.026190 -0.996455
vn -0.094122 -0.027001 -0.995194
vn -0.082774 -0.073483 -0.993856
vn -0.108032 -0.026120 -0.993804
vn -0.120226 -0.023641 -0.992465
vn -0.027071 -0.140598 -0.989697
vn -0.102636 -0.086161 -0.990980
vn -0.103984 -0.184754 -0.977268
vn -0.089235 -0.181676 -0.979301
vn -0.077100 -0.177630 -0.981073
vn -0.068769 -0.173057 -0.982508
vn -0.065025 -0.168428 -0.983567
vn -0.066195 -0.164167 -0.984209
vn -0.072161 -0.160602 -0.984378
vn -0.082373 -0.157971 -0.984002
vn -0.064650 -0.134569 -0.988793
vn -0.095841 -0.156487 -0.983019
vn -0.092687 -0.125041 -0.987813
vn -0.108692 -0.113046 -0.987627
vn -0.111832 -0.099710 -0.988712
vn -0.000039 -0.000276 -1.000000
vn -0.000039 -0.000276 -1.000000
vn -0.000039 -0.000276 -1.000000
vn 0.000041 -0.000276 -1.000000
vn 0.000041 -0.000276 -1.000000
vn 0.000041 -0.000276 -1.000000
vn 0.000124 -0.000249 -1.000000
vn 0.000124 -0.000249 -1.000000
vn 0.000124 -0.000249 -1.000000
vn 0.000124 -0.000249 -1.000000
vn 0.000200 -0.000197 -1.000000
vn 0.000200 -0.000197 -1.000000
vn 0.000200 -0.000197 -1.000000
vn 0.000235 -0.000127 -1.000000
vn 0.000235 -0.000127 -1.000000
vn 0.000235 -0.000127 -1.000000
vn 0.000281 -0.000044 -1.000000
vn 0.000281 -0.000044 -1.000000
vn 0.000281 -0.000044 -1.000000
vn 0.000277 0.000044 -1.000000
vn 0.000277 0.000044 -1.000000
vn 0.000277 0.000044 -1.000000
vn 0.000237 0.000127 -1.000000
vn 0.000202 0.000197 -1.000000
vn 0.000202 0.000197 -1.000000
vn 0.000128 0.000249 -1.000000
vn 0.000128 0.000249 -1.000000
vn 0.000039 0.000276 -1.000000
vn 0.000039 0.000276 -1.000000
vn 0.000039 0.000276 -1.000000
vn -0.000041 0.000276 -1.000000
vn -0.000041 0.000276 -1.000000
vn -0.000041 0.000276 -1.000000
vn -0.000131 0.000249 -1.000000
vn -0.000207 0.000197 -1.000000
vn -0.000207 0.000197 -1.000000
vn -0.000207 0.000197 -1.000000
vn -0.000207 0.000197 -1.000000
vn -0.000243 0.000127 -1.000000
vn -0.000243 0.000127 -1.000000
vn -0.000243 0.000127 -1.000000
vn -0.000281 0.000044 -1.000000
vn -0.000281 0.000044 -1.000000
vn -0.000281 0.000044 -1.000000
vn -0.000284 -0.000044 -1.000000
vn -0.000284 -0.000044 -1.000000
vn -0.000284 -0.000044 -1.000000
vn -0.000244 -0.000127 -1.000000
vn -0.000244 -0.000127 -1.000000
vn -0.000244 -0.000127 -1.000000
vn -0.000209 -0.000197 -1.000000
vn -0.000209 -0.000197 -1.000000
vn -0.000128 -0.000249 -1.000000
vn -0.000128 -0.000249 -1.000000
vn -0.302938 -0.932341 -0.197405
vn -0.286176 -0.880759 -0.377316
vn -0.000000 -0.926085 -0.377315
vn 0.000000 -0.980322 -0.197403
vn -0.221219 -0.680846 -0.698219
vn -0.000001 -0.715884 -0.698219
vn -0.123938 -0.381445 -0.916045
vn 0.000000 -0.401075 -0.916045
vn -0.009723 -0.029925 -0.999505
vn 0.000000 -0.031465 -0.999505
vn 0.000000 0.000000 -1.000000
vn 0.009724 -0.029925 -0.999505
vn 0.018495 -0.025456 -0.999505
vn 0.025457 -0.018495 -0.999505
vn 0.029926 -0.009723 -0.999505
vn 0.031464 -0.000000 -0.999505
vn 0.029924 0.009723 -0.999505
vn 0.025456 0.018495 -0.999505
vn 0.018493 0.025456 -0.999505
vn 0.009721 0.029925 -0.999505
vn 0.000002 0.031465 -0.999505
vn -0.009721 0.029925 -0.999505
vn -0.018495 0.025456 -0.999505
vn -0.025456 0.018495 -0.999505
vn -0.029925 0.009723 -0.999505
vn -0.031464 0.000000 -0.999505
vn -0.029925 -0.009723 -0.999505
vn -0.025456 -0.018495 -0.999505
vn -0.018494 -0.025456 -0.999505
vn 0.123938 -0.381445 -0.916045
vn 0.221217 -0.680847 -0.698220
vn 0.286175 -0.880759 -0.377316
vn 0.302938 -0.932341 -0.197403
vn 0.235747 -0.324476 -0.916045
vn 0.420787 -0.579162 -0.698219
vn 0.544337 -0.749219 -0.377316
vn 0.576220 -0.793096 -0.197406
vn 0.324480 -0.235745 -0.916044
vn 0.579164 -0.420786 -0.698218
vn 0.749217 -0.544340 -0.377317
vn 0.793097 -0.576219 -0.197407
vn 0.381446 -0.123940 -0.916045
vn 0.680846 -0.221221 -0.698220
vn 0.880758 -0.286177 -0.377318
vn 0.932342 -0.302938 -0.197403
vn 0.401075 -0.000000 -0.916045
vn 0.715882 0.000000 -0.698221
vn 0.926083 -0.000000 -0.377319
vn 0.980323 -0.000000 -0.197400
vn 0.381444 0.123939 -0.916045
vn 0.680845 0.221220 -0.698220
vn 0.880758 0.286176 -0.377317
vn 0.932342 0.302937 -0.197403
vn 0.324479 0.235745 -0.916045
vn 0.579163 0.420786 -0.698219
vn 0.749218 0.544339 -0.377315
vn 0.793098 0.576218 -0.197406
vn 0.235749 0.324476 -0.916045
vn 0.420788 0.579163 -0.698218
vn 0.544337 0.749220 -0.377315
vn 0.576219 0.793097 -0.197406
vn 0.123940 0.381445 -0.916045
vn 0.221221 0.680846 -0.698219
vn 0.286175 0.880759 -0.377317
vn 0.302936 0.932342 -0.197404
vn -0.000001 0.401076 -0.916045
vn -0.000000 0.715883 -0.698220
vn 0.000000 0.926084 -0.377317
vn 0.000000 0.980322 -0.197404
vn -0.123939 0.381445 -0.916045
vn -0.221219 0.680847 -0.698219
vn -0.286174 0.880760 -0.377315
vn -0.302934 0.932343 -0.197404
vn -0.235743 0.324476 -0.916046
vn -0.420786 0.579163 -0.698219
vn -0.544338 0.749220 -0.377314
vn -0.576218 0.793097 -0.197406
vn -0.324476 0.235746 -0.916046
vn -0.579163 0.420786 -0.698218
vn -0.749218 0.544339 -0.377316
vn -0.793098 0.576217 -0.197407
vn -0.381447 0.123940 -0.916044
vn -0.680847 0.221221 -0.698219
vn -0.880758 0.286176 -0.377318
vn -0.932342 0.302937 -0.197404
vn -0.401076 -0.000000 -0.916045
vn -0.715884 0.000000 -0.698219
vn -0.926084 -0.000000 -0.377318
vn -0.980323 0.000000 -0.197400
vn -0.381443 -0.123940 -0.916046
vn -0.680846 -0.221221 -0.698219
vn -0.880758 -0.286176 -0.377317
vn -0.932342 -0.302937 -0.197402
vn -0.324474 -0.235747 -0.916046
vn -0.579163 -0.420787 -0.698219
vn -0.749217 -0.544340 -0.377317
vn -0.793095 -0.576221 -0.197407
vn -0.235743 -0.324477 -0.916046
vn -0.420786 -0.579163 -0.698219
vn -0.544338 -0.749219 -0.377316
vn -0.576217 -0.793097 -0.197408
vn 0.000223 0.000037 -1.000000
vn 0.000223 0.000037 -1.000000
vn 0.000223 0.000037 -1.000000
vn 0.000202 0.000106 -1.000000
vn 0.000202 0.000106 -1.000000
vn 0.000161 0.000165 -1.000000
vn 0.000161 0.000165 -1.000000
vn 0.000161 0.000165 -1.000000
vn 0.000103 0.000209 -1.000000
vn 0.000103 0.000209 -1.000000
vn 0.000103 0.000209 -1.000000
vn 0.000035 0.000231 -1.000000
vn 0.000035 0.000231 -1.000000
vn 0.000035 0.000231 -1.000000
vn -0.000035 0.000231 -1.000000
vn -0.000035 0.000231 -1.000000
vn -0.000035 0.000231 -1.000000
vn -0.000109 0.000209 -1.000000
vn -0.000109 0.000209 -1.000000
vn -0.000109 0.000209 -1.000000
vn -0.000109 0.000209 -1.000000
vn -0.000172 0.000165 -1.000000
vn -0.000172 0.000165 -1.000000
vn -0.000172 0.000165 -1.000000
vn -0.000199 0.000106 -1.000000
vn -0.000199 0.000106 -1.000000
vn -0.000199 0.000106 -1.000000
vn -0.000222 0.000037 -1.000000
vn -0.000222 0.000037 -1.000000
vn -0.000222 0.000037 -1.000000
vn -0.000222 0.000037 -1.000000
vn -0.000229 -0.000037 -1.000000
vn -0.000229 -0.000037 -1.000000
vn -0.000229 -0.000037 -1.000000
vn -0.000197 -0.000106 -1.000000
vn -0.000197 -0.000106 -1.000000
vn -0.000167 -0.000165 -1.000000
vn -0.000167 -0.000165 -1.000000
vn -0.000167 -0.000165 -1.000000
vn -0.000167 -0.000165 -1.000000
vn -0.000100 -0.000209 -1.000000
vn -0.000100 -0.000209 -1.000000
vn -0.000100 -0.000209 -1.000000
vn -0.000035 -0.000231 -1.000000
vn -0.000035 -0.000231 -1.000000
vn -0.000035 -0.000231 -1.000000
vn 0.000035 -0.000231 -1.000000
vn 0.000035 -0.000231 -1.000000
vn 0.000035 -0.000231 -1.000000
vn 0.000109 -0.000209 -1.000000
vn 0.000109 -0.000209 -1.000000
vn 0.000109 -0.000209 -1.000000
vn 0.000155 -0.000165 -1.000000
vn 0.000155 -0.000165 -1.000000
vn 0.000205 -0.000106 -1.000000
vn 0.000205 -0.000106 -1.000000
vn 0.000223 -0.000037 -1.000000
vn 0.000223 -0.000037 -1.000000
vn 0.000223 -0.000037 -1.000000
vn 0.032462 0.010547 -0.999417
vn 0.381944 0.124100 -0.915816
vn 0.401600 0.000000 -0.915815
vn 0.034132 -0.000000 -0.999417
vn 0.681108 0.221305 -0.697937
vn 0.716160 -0.000000 -0.697936
vn 0.880833 0.286198 -0.377127
vn 0.926162 0.000000 -0.377126
vn 0.932343 0.302933 -0.197403
vn 0.980322 0.000000 -0.197403
vn -0.000000 0.000000 -1.000000
vn 0.027613 0.020063 -0.999417
vn 0.020062 0.027614 -0.999417
vn 0.010548 0.032462 -0.999417
vn 0.000000 0.034132 -0.999417
vn -0.010548 0.032462 -0.999417
vn -0.020062 0.027613 -0.999417
vn -0.027612 0.020063 -0.999417
vn -0.032461 0.010547 -0.999417
vn -0.034133 -0.000000 -0.999417
vn -0.032461 -0.010547 -0.999417
vn -0.027615 -0.020063 -0.999417
vn -0.020064 -0.027614 -0.999417
vn -0.010547 -0.032462 -0.999417
vn -0.000000 -0.034132 -0.999417
vn 0.010547 -0.032462 -0.999417
vn 0.020062 -0.027614 -0.999417
vn 0.027614 -0.020063 -0.999417
vn 0.032462 -0.010547 -0.999417
vn 0.324900 0.236055 -0.915815
vn 0.579383 0.420949 -0.697938
vn 0.749281 0.544383 -0.377127
vn 0.793099 0.576217 -0.197402
vn 0.236054 0.324902 -0.915815
vn 0.420945 0.579387 -0.697937
vn 0.544384 0.749281 -0.377127
vn 0.576220 0.793097 -0.197403
vn 0.124102 0.381945 -0.915815
vn 0.221304 0.681109 -0.697936
vn 0.286198 0.880832 -0.377128
vn 0.302937 0.932342 -0.197404
vn 0.000001 0.401601 -0.915815
vn 0.000000 0.716160 -0.697936
vn -0.000000 0.926161 -0.377129
vn -0.000000 0.980322 -0.197404
vn -0.124103 0.381945 -0.915815
vn -0.221306 0.681109 -0.697935
vn -0.286199 0.880832 -0.377127
vn -0.302938 0.932341 -0.197403
vn -0.236054 0.324902 -0.915815
vn -0.420948 0.579386 -0.697935
vn -0.544384 0.749281 -0.377126
vn -0.576218 0.793099 -0.197401
vn -0.324898 0.236055 -0.915816
vn -0.579384 0.420950 -0.697937
vn -0.749280 0.544386 -0.377126
vn -0.793097 0.576220 -0.197401
vn -0.381943 0.124100 -0.915816
vn -0.681108 0.221305 -0.697937
vn -0.880833 0.286199 -0.377126
vn -0.932343 0.302935 -0.197402
vn -0.401602 0.000000 -0.915814
vn -0.716161 -0.000000 -0.697935
vn -0.926162 0.000000 -0.377126
vn -0.980322 0.000000 -0.197403
vn -0.381945 -0.124102 -0.915815
vn -0.681109 -0.221307 -0.697935
vn -0.880832 -0.286201 -0.377126
vn -0.932342 -0.302937 -0.197402
vn -0.324900 -0.236055 -0.915816
vn -0.579384 -0.420950 -0.697936
vn -0.749279 -0.544386 -0.377126
vn -0.793097 -0.576220 -0.197402
vn -0.236055 -0.324902 -0.915815
vn -0.420947 -0.579387 -0.697936
vn -0.544382 -0.749281 -0.377128
vn -0.576217 -0.793098 -0.197405
vn -0.124102 -0.381945 -0.915815
vn -0.221306 -0.681109 -0.697935
vn -0.286199 -0.880832 -0.377128
vn -0.302936 -0.932341 -0.197406
vn -0.000000 -0.401601 -0.915815
vn -0.000000 -0.716161 -0.697935
vn 0.000000 -0.926162 -0.377127
vn 0.000001 -0.980322 -0.197404
vn 0.124103 -0.381945 -0.915815
vn 0.221308 -0.681109 -0.697935
vn 0.286200 -0.880832 -0.377127
vn 0.302937 -0.932342 -0.197403
vn 0.236055 -0.324901 -0.915815
vn 0.420948 -0.579386 -0.697936
vn 0.544384 -0.749281 -0.377127
vn 0.576220 -0.793097 -0.197402
vn 0.324900 -0.236056 -0.915815
vn 0.579384 -0.420950 -0.697936
vn 0.749280 -0.544385 -0.377126
vn 0.793098 -0.576219 -0.197401
vn 0.381944 -0.124101 -0.915815
vn 0.681108 -0.221307 -0.697936
vn 0.880833 -0.286199 -0.377126
vn 0.932343 -0.302935 -0.197402
vn -0.000220 -0.000035 -1.000000
vn -0.000220 -0.000035 -1.000000
vn -0.000220 -0.000035 -1.000000
vn -0.000220 -0.000035 -1.000000
vn -0.000197 -0.000102 -1.000000
vn -0.000197 -0.000102 -1.000000
vn -0.000197 -0.000102 -1.000000
vn -0.000159 -0.000159 -1.000000
vn -0.000159 -0.000159 -1.000000
vn -0.000104 -0.000201 -1.000000
vn -0.000104 -0.000201 -1.000000
vn -0.000104 -0.000201 -1.000000
vn -0.000033 -0.000223 -1.000000
vn -0.000033 -0.000223 -1.000000
vn -0.000033 -0.000223 -1.000000
vn 0.000035 -0.000223 -1.000000
vn 0.000035 -0.000223 -1.000000
vn 0.000035 -0.000223 -1.000000
vn 0.000099 -0.000201 -1.000000
vn 0.000099 -0.000201 -1.000000
vn 0.000099 -0.000201 -1.000000
vn 0.000152 -0.000159 -1.000000
vn 0.000188 -0.000102 -1.000000
vn 0.000188 -0.000102 -1.000000
vn 0.000188 -0.000102 -1.000000
vn 0.000216 -0.000035 -1.000000
vn 0.000216 -0.000035 -1.000000
vn 0.000220 0.000035 -1.000000
vn 0.000220 0.000035 -1.000000
vn 0.000220 0.000035 -1.000000
vn 0.000197 0.000102 -1.000000
vn 0.000197 0.000102 -1.000000
vn 0.000197 0.000102 -1.000000
vn 0.000158 0.000159 -1.000000
vn 0.000158 0.000159 -1.000000
vn 0.000098 0.000201 -1.000000
vn 0.000098 0.000201 -1.000000
vn 0.000098 0.000201 -1.000000
vn 0.000033 0.000223 -1.000000
vn 0.000033 0.000223 -1.000000
vn 0.000033 0.000223 -1.000000
vn -0.000038 0.000223 -1.000000
vn -0.000038 0.000223 -1.000000
vn -0.000038 0.000223 -1.000000
vn -0.000101 0.000201 -1.000000
vn -0.000101 0.000201 -1.000000
vn -0.000152 0.000159 -1.000000
vn -0.000152 0.000159 -1.000000
vn -0.000188 0.000102 -1.000000
vn -0.000188 0.000102 -1.000000
vn -0.000188 0.000102 -1.000000
vn -0.000216 0.000035 -1.000000
vn -0.000216 0.000035 -1.000000
vn -0.000216 0.000035 -1.000000
vn -0.980322 0.000000 -0.197406
vn -0.926108 0.000000 -0.377257
vn -0.880782 -0.286185 -0.377256
vn -0.932341 -0.302938 -0.197407
vn -0.715970 -0.000000 -0.698131
vn -0.680928 -0.221248 -0.698130
vn -0.401237 -0.000000 -0.915974
vn -0.381596 -0.123989 -0.915975
vn -0.032289 0.000000 -0.999479
vn -0.030709 -0.009978 -0.999479
vn -0.000000 0.000000 -1.000000
vn -0.026122 -0.018979 -0.999479
vn -0.018978 -0.026123 -0.999479
vn -0.009978 -0.030709 -0.999479
vn 0.000000 -0.032290 -0.999479
vn 0.009978 -0.030709 -0.999479
vn 0.018980 -0.026123 -0.999479
vn 0.026125 -0.018979 -0.999479
vn 0.030710 -0.009978 -0.999479
vn 0.032289 0.000000 -0.999479
vn 0.030710 0.009978 -0.999479
vn 0.026123 0.018979 -0.999479
vn 0.018980 0.026123 -0.999479
vn 0.009976 0.030709 -0.999479
vn -0.000002 0.032289 -0.999479
vn -0.009978 0.030709 -0.999479
vn -0.018980 0.026122 -0.999479
vn -0.026123 0.018979 -0.999479
vn -0.030709 0.009978 -0.999479
vn -0.324605 -0.235841 -0.915975
vn -0.579233 -0.420837 -0.698130
vn -0.749239 -0.544355 -0.377252
vn -0.793097 -0.576221 -0.197400
vn -0.235840 -0.324605 -0.915975
vn -0.420837 -0.579233 -0.698129
vn -0.544357 -0.749240 -0.377246
vn -0.576220 -0.793099 -0.197393
vn -0.123989 -0.381596 -0.915976
vn -0.221245 -0.680927 -0.698133
vn -0.286186 -0.880783 -0.377251
vn -0.302938 -0.932342 -0.197400
vn 0.000000 -0.401234 -0.915976
vn -0.000000 -0.715963 -0.698138
vn -0.000000 -0.926108 -0.377258
vn -0.000000 -0.980322 -0.197407
vn 0.123989 -0.381596 -0.915976
vn 0.221246 -0.680927 -0.698133
vn 0.286186 -0.880783 -0.377251
vn 0.302938 -0.932342 -0.197400
vn 0.235840 -0.324605 -0.915976
vn 0.420837 -0.579233 -0.698130
vn 0.544358 -0.749240 -0.377246
vn 0.576221 -0.793099 -0.197393
vn 0.324606 -0.235840 -0.915975
vn 0.579232 -0.420837 -0.698131
vn 0.749239 -0.544355 -0.377251
vn 0.793097 -0.576221 -0.197400
vn 0.381597 -0.123989 -0.915975
vn 0.680928 -0.221247 -0.698130
vn 0.880782 -0.286185 -0.377255
vn 0.932341 -0.302938 -0.197406
vn 0.401237 -0.000000 -0.915974
vn 0.715970 0.000000 -0.698131
vn 0.926109 -0.000000 -0.377257
vn 0.980322 -0.000000 -0.197405
vn 0.381599 0.123988 -0.915974
vn 0.680929 0.221244 -0.698131
vn 0.880782 0.286182 -0.377256
vn 0.932341 0.302936 -0.197406
vn 0.324607 0.235840 -0.915975
vn 0.579233 0.420836 -0.698130
vn 0.749239 0.544352 -0.377256
vn 0.793098 0.576216 -0.197410
vn 0.235843 0.324607 -0.915974
vn 0.420837 0.579231 -0.698131
vn 0.544354 0.749235 -0.377261
vn 0.576220 0.793095 -0.197410
vn 0.123990 0.381600 -0.915974
vn 0.221248 0.680927 -0.698131
vn 0.286184 0.880780 -0.377261
vn 0.302936 0.932342 -0.197406
vn -0.000000 0.401237 -0.915974
vn -0.000001 0.715972 -0.698129
vn -0.000000 0.926109 -0.377255
vn 0.000000 0.980322 -0.197403
vn -0.123990 0.381599 -0.915974
vn -0.221248 0.680926 -0.698132
vn -0.286185 0.880781 -0.377257
vn -0.302937 0.932343 -0.197397
vn -0.235842 0.324607 -0.915974
vn -0.420835 0.579232 -0.698132
vn -0.544353 0.749237 -0.377258
vn -0.576219 0.793098 -0.197403
vn -0.324604 0.235841 -0.915976
vn -0.579233 0.420838 -0.698129
vn -0.749237 0.544354 -0.377255
vn -0.793095 0.576220 -0.197410
vn -0.381598 0.123988 -0.915975
vn -0.680930 0.221245 -0.698130
vn -0.880783 0.286183 -0.377255
vn -0.932341 0.302936 -0.197406
vn -0.000214 -0.000206 -1.000000
vn -0.000214 -0.000206 -1.000000
vn -0.000278 0.000045 -1.000000
vn -0.000278 0.000045 -1.000000
vn -0.000278 0.000045 -1.000000
vn 0.000133 -0.000259 -1.000000
vn 0.000133 -0.000259 -1.000000
vn 0.000133 -0.000259 -1.000000
vn -0.000133 0.000259 -1.000000
vn -0.000133 0.000259 -1.000000
vn -0.000133 0.000259 -1.000000
vn -0.000133 0.000259 -1.000000
vn -0.000267 -0.000132 -1.000000
vn -0.000267 -0.000132 -1.000000
vn -0.000267 -0.000132 -1.000000
vn -0.000282 -0.000045 -1.000000
vn -0.000282 -0.000045 -1.000000
vn 0.000257 -0.000132 -1.000000
vn 0.000257 -0.000132 -1.000000
vn 0.000042 0.000287 -1.000000
vn 0.000042 0.000287 -1.000000
vn 0.000042 0.000287 -1.000000
vn 0.000044 -0.000287 -1.000000
vn 0.000044 -0.000287 -1.000000
vn 0.000044 -0.000287 -1.000000
vn -0.000042 -0.000287 -1.000000
vn -0.000042 -0.000287 -1.000000
vn -0.000042 -0.000287 -1.000000
vn -0.000042 -0.000287 -1.000000
vn -0.000213 0.000206 -1.000000
vn -0.000213 0.000206 -1.000000
vn -0.000213 0.000206 -1.000000
vn -0.000213 0.000206 -1.000000
vn 0.000211 -0.000206 -1.000000
vn 0.000211 -0.000206 -1.000000
vn -0.000133 -0.000259 -1.000000
vn -0.000133 -0.000259 -1.000000
vn -0.000133 -0.000259 -1.000000
vn -0.000044 0.000287 -1.000000
vn -0.000044 0.000287 -1.000000
vn -0.000044 0.000287 -1.000000
vn -0.000044 0.000287 -1.000000
vn 0.000278 -0.000045 -1.000000
vn 0.000278 -0.000045 -1.000000
vn 0.000278 -0.000045 -1.000000
vn 0.000278 -0.000045 -1.000000
vn -0.000259 0.000132 -1.000000
vn -0.000259 0.000132 -1.000000
vn 0.000265 0.000132 -1.000000
vn 0.000281 0.000045 -1.000000
vn 0.000281 0.000045 -1.000000
vn 0.000214 0.000206 -1.000000
vn 0.000214 0.000206 -1.000000
vn 0.000214 0.000206 -1.000000
vn 0.000133 0.000259 -1.000000
vn -0.793095 -0.576219 -0.197412
vn -0.749249 -0.544365 -0.377217
vn -0.544363 -0.749251 -0.377217
vn -0.576218 -0.793097 -0.197408
vn -0.579282 -0.420876 -0.698066
vn -0.420876 -0.579283 -0.698065
vn -0.324703 -0.235913 -0.915922
vn -0.235913 -0.324706 -0.915921
vn -0.026624 -0.019344 -0.999458
vn -0.019343 -0.026625 -0.999458
vn -0.932342 0.302937 -0.197404
vn -0.880799 0.286190 -0.377212
vn -0.926128 0.000000 -0.377210
vn -0.980323 0.000000 -0.197402
vn -0.680988 0.221268 -0.698066
vn -0.716036 0.000000 -0.698063
vn -0.381711 0.124027 -0.915922
vn -0.401359 0.000000 -0.915921
vn -0.031300 0.010170 -0.999458
vn -0.032910 0.000000 -0.999458
vn 0.019344 -0.026625 -0.999458
vn 0.235914 -0.324706 -0.915921
vn 0.124027 -0.381715 -0.915921
vn 0.010170 -0.031300 -0.999458
vn 0.420875 -0.579286 -0.698063
vn 0.221269 -0.680994 -0.698060
vn 0.544362 -0.749252 -0.377215
vn 0.286189 -0.880799 -0.377212
vn 0.576218 -0.793097 -0.197408
vn 0.302935 -0.932340 -0.197415
vn -0.302937 0.932342 -0.197405
vn -0.286190 0.880800 -0.377209
vn -0.544365 0.749252 -0.377212
vn -0.576221 0.793096 -0.197405
vn -0.221267 0.680990 -0.698064
vn -0.420876 0.579284 -0.698064
vn -0.124026 0.381712 -0.915922
vn -0.235916 0.324704 -0.915921
vn -0.010170 0.031300 -0.999458
vn -0.019345 0.026625 -0.999458
vn 0.031300 -0.010170 -0.999458
vn 0.381713 -0.124027 -0.915922
vn 0.324703 -0.235913 -0.915922
vn 0.026625 -0.019344 -0.999458
vn 0.680990 -0.221269 -0.698064
vn 0.579282 -0.420876 -0.698066
vn 0.880798 -0.286191 -0.377212
vn 0.749249 -0.544365 -0.377217
vn 0.932340 -0.302938 -0.197408
vn 0.793095 -0.576219 -0.197412
vn -0.000000 0.032910 -0.999458
vn -0.000001 0.401356 -0.915922
vn 0.124026 0.381712 -0.915922
vn 0.010170 0.031300 -0.999458
vn -0.000000 0.716035 -0.698064
vn 0.221267 0.680989 -0.698065
vn -0.000001 0.926127 -0.377212
vn 0.286190 0.880799 -0.377212
vn -0.000001 0.980321 -0.197408
vn 0.302938 0.932341 -0.197408
vn 0.026625 0.019344 -0.999458
vn 0.324706 0.235913 -0.915921
vn 0.381713 0.124026 -0.915922
vn 0.031300 0.010170 -0.999458
vn 0.579286 0.420876 -0.698062
vn 0.680989 0.221267 -0.698065
vn 0.749251 0.544364 -0.377214
vn 0.880799 0.286189 -0.377212
vn 0.793097 0.576218 -0.197409
vn 0.932342 0.302936 -0.197405
vn -0.000000 0.000000 -1.000000
vn -0.031300 -0.010170 -0.999458
vn -0.000000 -0.032911 -0.999458
vn -0.010170 -0.031300 -0.999458
vn -0.026626 0.019344 -0.999458
vn 0.032911 -0.000000 -0.999458
vn 0.019345 0.026625 -0.999458
vn -0.932340 -0.302938 -0.197408
vn -0.880798 -0.286191 -0.377212
vn -0.680990 -0.221269 -0.698063
vn -0.381713 -0.124027 -0.915922
vn -0.000000 -0.980319 -0.197421
vn -0.000000 -0.926126 -0.377215
vn 0.000000 -0.716036 -0.698063
vn 0.000001 -0.401354 -0.915923
vn -0.324706 0.235913 -0.915921
vn -0.579283 0.420876 -0.698065
vn -0.749251 0.544365 -0.377213
vn -0.793097 0.576219 -0.197407
vn 0.401358 -0.000000 -0.915921
vn 0.716035 -0.000000 -0.698064
vn 0.926127 -0.000000 -0.377211
vn 0.980323 -0.000000 -0.197402
vn -0.302934 -0.932340 -0.197415
vn -0.286189 -0.880798 -0.377214
vn -0.221269 -0.680992 -0.698062
vn -0.124026 -0.381714 -0.915921
vn 0.235915 0.324705 -0.915921
vn 0.420877 0.579285 -0.698063
vn 0.544364 0.749252 -0.377213
vn 0.576220 0.793095 -0.197408
vn -0.000001 0.000000 -1.000000
vn -0.000001 0.000000 -1.000000
vn 0.000002 0.000000 -1.000000
vn 0.000004 0.000000 -1.000000
vn 0.000004 0.000000 -1.000000
vn -0.000003 0.000000 -1.000000
vn 0.000000 0.000000 -1.000000
vn 0.000001 0.000000 -1.000000
vn 0.000001 0.000000 -1.000000
vn 0.000003 0.000000 -1.000000
vn 0.000003 0.000000 -1.000000
vn -0.000002 0.000000 -1.000000
vn -0.000002 0.000000 -1.000000
vn 0.000001 0.000000 -1.000000
vn 0.000001 0.000000 -1.000000
vn 0.000001 0.000000 -1.000000
vn 0.000001 0.000000 -1.000000
vn -0.000001 0.000000 -1.000000
vn -0.000001 0.000000 -1.000000
vn -0.000002 0.000000 -1.000000
vn -0.000002 0.000000 -1.000000
vn -0.000002 0.000000 -1.000000
vn -0.000005 0.000000 -1.000000
vn -0.000005 0.000000 -1.000000
vn 0.000008 0.000000 -1.000000
vn 0.000008 0.000000 -1.000000
vn 0.000005 0.000000 -1.000000
vn 0.000005 0.000000 -1.000000
vn -0.000003 0.000000 -1.000000
vn -0.000003 0.000000 -1.000000
vn -0.000002 0.000000 -1.000000
vn -0.000002 0.000000 -1.000000
vn -0.000003 0.000000 -1.000000
vn -0.000003 0.000000 -1.000000
vn 0.000001 0.000000 -1.000000
vn 0.000000 -0.997391 -0.072193
vn 0.000000 -0.925551 -0.378624
vn 0.286011 -0.880250 -0.378625
vn 0.308211 -0.948575 -0.072193
vn 0.000000 -0.714022 -0.700123
vn 0.220645 -0.679074 -0.700125
vn -0.000001 -0.397669 -0.917529
vn 0.122886 -0.378206 -0.917529
vn -0.000001 -0.192778 -0.981242
vn 0.059571 -0.183344 -0.981242
vn 0.587785 -0.809017 0.000000
vn 0.586252 -0.806906 -0.072193
vn 0.809017 -0.587785 0.000000
vn 0.806906 -0.586252 -0.072192
vn 0.951057 -0.309016 0.000000
vn 0.948575 -0.308211 -0.072192
vn 1.000000 -0.000001 0.000000
vn 0.997391 -0.000001 -0.072192
vn 0.951057 0.309016 0.000000
vn 0.948575 0.308209 -0.072192
vn 0.809017 0.587785 0.000000
vn 0.806906 0.586251 -0.072192
vn 0.587785 0.809017 0.000000
vn 0.586251 0.806906 -0.072193
vn 0.309016 0.951057 0.000000
vn 0.308210 0.948575 -0.072192
vn -0.000000 1.000000 0.000000
vn -0.000000 0.997391 -0.072192
vn -0.309018 0.951056 0.000000
vn -0.308211 0.948575 -0.072192
vn -0.587785 0.809017 0.000000
vn -0.586252 0.806906 -0.072192
vn -0.809017 0.587785 0.000000
vn -0.806906 0.586252 -0.072192
vn -0.951057 0.309017 0.000000
vn -0.948575 0.308211 -0.072192
vn -0.997391 0.000000 -0.072192
vn -0.951057 -0.309017 0.000000
vn -0.948575 -0.308211 -0.072192
vn -0.809017 -0.587785 0.000000
vn -0.806906 -0.586252 -0.072192
vn -0.587785 -0.809017 0.000000
vn -0.586252 -0.806906 -0.072192
vn -0.309017 -0.951056 0.000000
vn -0.308211 -0.948575 -0.072192
vn 0.113311 -0.155962 -0.981242
vn 0.233746 -0.321721 -0.917528
vn 0.419691 -0.577654 -0.700125
vn 0.544024 -0.748786 -0.378626
vn 0.155963 -0.113313 -0.981242
vn 0.321724 -0.233745 -0.917527
vn 0.577655 -0.419689 -0.700125
vn 0.748785 -0.544025 -0.378627
vn 0.183347 -0.059572 -0.981242
vn 0.378207 -0.122887 -0.917528
vn 0.679073 -0.220643 -0.700126
vn 0.880250 -0.286010 -0.378627
vn 0.192775 -0.000000 -0.981243
vn 0.397667 -0.000000 -0.917530
vn 0.714019 -0.000000 -0.700126
vn 0.925549 -0.000001 -0.378627
vn 0.183347 0.059572 -0.981242
vn 0.378207 0.122886 -0.917528
vn 0.679072 0.220643 -0.700127
vn 0.880250 0.286009 -0.378628
vn 0.155970 0.113312 -0.981241
vn 0.321725 0.233744 -0.917527
vn 0.577652 0.419691 -0.700127
vn 0.748785 0.544024 -0.378627
vn 0.113313 0.155961 -0.981242
vn 0.233746 0.321722 -0.917528
vn 0.419691 0.577654 -0.700125
vn 0.544025 0.748786 -0.378626
vn 0.059572 0.183344 -0.981242
vn 0.122888 0.378206 -0.917528
vn 0.220647 0.679073 -0.700125
vn 0.286012 0.880250 -0.378625
vn 0.000000 0.192779 -0.981242
vn -0.000000 0.397670 -0.917529
vn -0.000000 0.714020 -0.700125
vn 0.000000 0.925550 -0.378625
vn -0.059572 0.183343 -0.981242
vn -0.122887 0.378207 -0.917529
vn -0.220644 0.679073 -0.700125
vn -0.286011 0.880250 -0.378625
vn -0.113311 0.155961 -0.981242
vn -0.233745 0.321722 -0.917528
vn -0.419689 0.577654 -0.700126
vn -0.544024 0.748786 -0.378626
vn -0.155967 0.113313 -0.981241
vn -0.321725 0.233744 -0.917527
vn -0.577653 0.419690 -0.700126
vn -0.748785 0.544024 -0.378627
vn -0.183347 0.059572 -0.981242
vn -0.378207 0.122887 -0.917528
vn -0.679071 0.220644 -0.700127
vn -0.880250 0.286010 -0.378627
vn -0.192771 0.000000 -0.981244
vn -0.397665 -0.000000 -0.917530
vn -0.714017 -0.000000 -0.700129
vn -0.925550 -0.000000 -0.378627
vn -0.183342 -0.059572 -0.981243
vn -0.378205 -0.122887 -0.917529
vn -0.679071 -0.220644 -0.700127
vn -0.880250 -0.286011 -0.378627
vn -0.155963 -0.113313 -0.981242
vn -0.321724 -0.233745 -0.917527
vn -0.577655 -0.419689 -0.700125
vn -0.748785 -0.544025 -0.378627
vn -0.113314 -0.155962 -0.981242
vn -0.233748 -0.321722 -0.917528
vn -0.419689 -0.577654 -0.700126
vn -0.544023 -0.748786 -0.378627
vn -0.059575 -0.183344 -0.981242
vn -0.122888 -0.378207 -0.917528
vn -0.220643 -0.679073 -0.700126
vn -0.286010 -0.880251 -0.378625
vn 0.000001 0.000000 -1.000000
vn 0.000001 0.000000 -1.000000
vn 0.000001 0.000000 -1.000000
vn -0.000001 0.000000 -1.000000
vn -0.000001 0.000000 -1.000000
vn 0.000001 0.000000 -1.000000
vn 0.000001 0.000000 -1.000000
vn -0.000000 0.000000 -1.000000
vn -0.000000 0.000000 -1.000000
vn -0.000000 0.000000 -1.000000
vn -0.000000 0.000000 -1.000000
vn -0.000001 0.000000 -1.000000
vn -0.000001 0.000000 -1.000000
vn 0.000001 0.000000 -1.000000
vn -0.000001 0.000000 -1.000000
vn -0.000001 0.000000 -1.000000
vn -0.000001 0.000000 -1.000000
vn -0.000001 0.000000 -1.000000
vn -0.000001 0.000000 -1.000000
vn -0.000001 0.000000 -1.000000
vn 0.000001 0.000000 -1.000000
vn 0.000001 0.000000 -1.000000
vn 0.000001 0.000000 -1.000000
vn -0.000000 0.000000 -1.000000
vn -0.000000 0.000000 -1.000000
vn -0.000000 0.000000 -1.000000
vn -0.000000 0.000000 -1.000000
vn 0.000001 0.000000 -1.000000
vn 0.000001 0.000000 -1.000000
vn 0.000001 0.000000 -1.000000
vn -0.156431 0.987689 0.000000
vn -0.453996 0.891004 0.000000
vn -0.707105 0.707108 0.000000
vn -0.891008 0.453988 0.000000
vn -0.987688 0.156434 0.000000
vn -0.987689 -0.156431 0.000000
vn -0.891005 -0.453993 0.000000
vn -0.707107 -0.707107 0.000000
vn -0.453992 -0.891006 0.000000
vn -0.156433 -0.987689 0.000000
vn 0.156433 -0.987689 0.000000
vn 0.453992 -0.891006 0.000000
vn 0.707107 -0.707107 0.000000
vn 0.891006 -0.453991 0.000000
vn 0.987688 -0.156434 0.000000
vn 0.987688 0.156434 0.000000
vn 0.891006 0.453991 0.000000
vn 0.707107 0.707107 0.000000
vn 0.453995 0.891004 0.000000
vn 0.156432 0.987689 0.000000
vn 0.000002 0.000000 -1.000000
vn 0.000002 0.000000 -1.000000
vn 0.000002 0.000000 -1.000000
vn -0.000002 0.000000 -1.000000
vn 0.000003 0.000000 -1.000000
vn 0.000003 0.000000 -1.000000
vn 0.000009 0.000000 -1.000000
vn 0.000009 0.000000 -1.000000
vn 0.000005 0.000000 -1.000000
vn 0.000005 0.000000 -1.000000
vn -0.000007 0.000000 -1.000000
vn -0.000007 0.000000 -1.000000
vn -0.000007 0.000000 -1.000000
vn 0.000002 0.000000 -1.000000
vn 0.000002 0.000000 -1.000000
vn 0.000002 0.000000 -1.000000
vn 0.000002 0.000000 -1.000000
vn 0.000002 0.000000 -1.000000
vn 0.000002 0.000000 -1.000000
vn -0.000003 0.000000 -1.000000
vn -0.000003 0.000000 -1.000000
vn -0.000005 0.000000 -1.000000
vn -0.000005 0.000000 -1.000000
vn -0.000002 0.000000 -1.000000
vn -0.000002 0.000000 -1.000000
vn -0.000002 0.000000 -1.000000
vn -0.000002 0.000000 -1.000000
vn 0.000002 0.000000 -1.000000
vn 0.000002 0.000000 -1.000000
vn -0.000002 0.000000 -1.000000
vn -0.000000 -0.998507 -0.054626
vn -0.000000 -0.925990 -0.377549
vn 0.286147 -0.880669 -0.377547
vn 0.308557 -0.949636 -0.054624
vn -0.000000 -0.715577 -0.698534
vn 0.221124 -0.680554 -0.698535
vn 0.000000 -0.400498 -0.916298
vn 0.123764 -0.380896 -0.916297
vn 0.000000 -0.028515 -0.999593
vn 0.008812 -0.027119 -0.999593
vn -0.000000 0.000000 -1.000000
vn 0.016761 -0.023069 -0.999593
vn 0.023068 -0.016761 -0.999593
vn 0.027118 -0.008812 -0.999593
vn 0.028515 -0.000000 -0.999593
vn 0.027118 0.008812 -0.999593
vn 0.023068 0.016761 -0.999593
vn 0.016763 0.023069 -0.999593
vn 0.008813 0.027119 -0.999593
vn -0.000000 0.028515 -0.999593
vn -0.008814 0.027119 -0.999593
vn -0.016763 0.023069 -0.999593
vn -0.023068 0.016761 -0.999593
vn -0.027118 0.008812 -0.999593
vn -0.028515 0.000000 -0.999593
vn -0.027118 -0.008812 -0.999593
vn -0.023068 -0.016761 -0.999593
vn -0.016762 -0.023069 -0.999593
vn -0.008813 -0.027119 -0.999593
vn 0.309018 -0.951056 0.000000
vn 0.587788 -0.809015 0.000000
vn 0.586911 -0.807807 -0.054623
vn 0.809016 -0.587786 0.000000
vn 0.807809 -0.586909 -0.054623
vn 0.951057 -0.309016 0.000000
vn 0.949637 -0.308556 -0.054622
vn 1.000000 -0.000002 0.000000
vn 0.998507 -0.000002 -0.054622
vn 0.951057 0.309016 0.000000
vn 0.949637 0.308555 -0.054623
vn 0.809015 0.587788 0.000000
vn 0.807808 0.586909 -0.054624
vn 0.587788 0.809015 0.000000
vn 0.586911 0.807807 -0.054624
vn 0.309018 0.951056 0.000000
vn 0.308557 0.949636 -0.054624
vn 0.000000 0.998507 -0.054625
vn -0.309018 0.951056 0.000000
vn -0.308557 0.949636 -0.054624
vn -0.587788 0.809015 0.000000
vn -0.586911 0.807807 -0.054624
vn -0.809016 0.587786 0.000000
vn -0.807809 0.586908 -0.054624
vn -0.951056 0.309018 0.000000
vn -0.949636 0.308557 -0.054623
vn -0.998507 0.000000 -0.054622
vn -0.951056 -0.309018 0.000000
vn -0.949636 -0.308558 -0.054623
vn -0.809016 -0.587786 0.000000
vn -0.807809 -0.586908 -0.054623
vn -0.587788 -0.809015 0.000000
vn -0.586911 -0.807807 -0.054623
vn -0.309017 -0.951056 0.000000
vn -0.308556 -0.949636 -0.054625
vn 0.235414 -0.324010 -0.916296
vn 0.420605 -0.578912 -0.698536
vn 0.544285 -0.749141 -0.377548
vn 0.324009 -0.235409 -0.916297
vn 0.578911 -0.420605 -0.698536
vn 0.749140 -0.544284 -0.377550
vn 0.380893 -0.123761 -0.916299
vn 0.680551 -0.221124 -0.698538
vn 0.880669 -0.286146 -0.377549
vn 0.400498 -0.000001 -0.916297
vn 0.715572 -0.000001 -0.698539
vn 0.925990 -0.000002 -0.377549
vn 0.380895 0.123761 -0.916298
vn 0.680551 0.221124 -0.698538
vn 0.880669 0.286146 -0.377549
vn 0.324010 0.235409 -0.916297
vn 0.578910 0.420608 -0.698536
vn 0.749140 0.544285 -0.377550
vn 0.235412 0.324010 -0.916296
vn 0.420606 0.578913 -0.698535
vn 0.544284 0.749141 -0.377548
vn 0.123762 0.380896 -0.916297
vn 0.221124 0.680554 -0.698535
vn 0.286147 0.880669 -0.377547
vn 0.000000 0.400498 -0.916298
vn 0.000000 0.715576 -0.698535
vn 0.000000 0.925990 -0.377549
vn -0.123764 0.380897 -0.916297
vn -0.221124 0.680553 -0.698535
vn -0.286147 0.880669 -0.377547
vn -0.235414 0.324010 -0.916296
vn -0.420605 0.578913 -0.698535
vn -0.544285 0.749140 -0.377549
vn -0.324010 0.235408 -0.916297
vn -0.578914 0.420605 -0.698534
vn -0.749141 0.544283 -0.377550
vn -0.380894 0.123761 -0.916299
vn -0.680552 0.221124 -0.698537
vn -0.880668 0.286147 -0.377550
vn -0.400499 -0.000000 -0.916297
vn -0.715570 -0.000000 -0.698541
vn -0.925989 0.000000 -0.377551
vn -0.380895 -0.123761 -0.916298
vn -0.680552 -0.221124 -0.698536
vn -0.880668 -0.286147 -0.377550
vn -0.324011 -0.235409 -0.916297
vn -0.578915 -0.420606 -0.698533
vn -0.749142 -0.544283 -0.377548
vn -0.235413 -0.324011 -0.916296
vn -0.420606 -0.578913 -0.698534
vn -0.544285 -0.749141 -0.377547
vn -0.123761 -0.380897 -0.916297
vn -0.221124 -0.680554 -0.698534
vn -0.286146 -0.880669 -0.377547
vn 0.951057 0.309016 -0.000000
vn 0.809017 0.587785 -0.000000
vn 0.809017 0.587785 -0.000000
vn 0.951057 0.309016 -0.000000
vn 0.587785 0.809017 -0.000000
vn 0.309017 0.951057 0.000000
vn -0.000000 1.000000 0.000000
vn -0.000000 1.000000 0.000000
vn -0.309017 0.951056 0.000000
vn -0.309017 0.951056 0.000000
vn -0.587786 0.809017 0.000000
vn -0.809017 0.587785 0.000000
vn -0.809017 0.587785 0.000000
vn -0.951057 0.309017 0.000000
vn -0.951057 0.309017 0.000000
vn -1.000000 0.000000 -0.000000
vn -1.000000 -0.000000 -0.000000
vn -0.951056 -0.309017 -0.000000
vn -0.809017 -0.587785 -0.000000
vn -0.809017 -0.587786 -0.000000
vn -0.587785 -0.809017 -0.000000
vn -0.587785 -0.809017 -0.000000
vn -0.309017 -0.951057 0.000000
vn -0.000000 -1.000000 0.000000
vn -0.000000 -1.000000 0.000000
vn 0.309017 -0.951057 0.000000
vn 0.309017 -0.951057 0.000000
vn 0.587785 -0.809017 -0.000000
vn 0.587785 -0.809017 -0.000000
vn 0.809017 -0.587785 -0.000000
vn 0.809017 -0.587785 -0.000000
vn 0.951057 -0.309017 -0.000000
vn 0.951056 -0.309017 -0.000000
vn 1.000000 -0.000001 -0.000000
vn 1.000000 -0.000001 -0.000000
vn 0.178123 -0.000000 0.984008
vn 0.169405 0.055043 0.984008
vn 0.144105 0.104698 0.984008
vn 0.104698 0.144104 0.984008
vn 0.055043 0.169405 0.984008
vn -0.000000 0.178123 0.984008
vn -0.055043 0.169405 0.984008
vn -0.104698 0.144104 0.984008
vn -0.144105 0.104698 0.984008
vn -0.169405 0.055043 0.984008
vn -0.178123 -0.000000 0.984008
vn -0.169405 -0.055043 0.984008
vn -0.144105 -0.104698 0.984008
vn -0.104698 -0.144104 0.984008
vn -0.055043 -0.169405 0.984008
vn -0.000000 -0.178122 0.984008
vn 0.055043 -0.169405 0.984008
vn 0.104698 -0.144104 0.984008
vn 0.144104 -0.104698 0.984008
vn 0.169405 -0.055043 0.984008
vn 0.000000 -0.000000 1.000000
vn 0.000000 -0.000000 1.000000
vn 0.000000 -0.000000 1.000000
vn 0.000000 -0.000000 1.000000
vn 0.000000 0.000001 1.000000
vn 0.000000 0.000001 1.000000
vn 0.000000 0.000001 1.000000
vn 0.000000 0.000000 1.000000
vn 0.000000 0.000000 1.000000
vn 0.000000 0.000000 1.000000
vn 0.000000 0.000000 1.000000
vn 0.000000 0.000000 1.000000
vn 0.000000 0.000000 1.000000
vn 0.000000 0.000000 1.000000
vn -0.000000 0.000000 1.000000
vn -0.000000 0.000000 1.000000
vn 0.000000 -0.000000 1.000000
vn 0.000000 -0.000000 1.000000
vn 0.000001 -0.000000 1.000000
vn 0.000001 -0.000000 1.000000
vn 0.000001 0.000000 1.000000
vn 0.000001 0.000000 1.000000
vn 0.000000 0.000000 1.000000
vn 0.000000 0.000000 1.000000
vn 0.000000 -0.000000 1.000000
vn 0.000000 -0.000000 1.000000
vn 0.000000 -0.000000 1.000000
vn -0.000000 0.000000 1.000000
vn 0.000000 0.000000 1.000000
vn 0.000000 -0.000000 1.000000
vn 0.000000 -0.000000 1.000000
vn 0.000000 -0.000000 1.000000
vn 0.000000 -0.000000 1.000000
vn -0.000000 0.000000 1.000000
vn -0.000001 0.000000 1.000000
vn -0.000001 0.000000 1.000000
vn -0.891007 -0.453990 0.000000
vn -0.891007 -0.453990 0.000000
vn -0.891007 -0.453989 0.000000
vn -0.707106 -0.707107 0.000000
vn -0.707106 -0.707107 0.000000
vn -0.453990 -0.891007 0.000000
vn -0.156434 -0.987688 0.000000
vn -0.156434 -0.987688 0.000000
vn 0.156434 -0.987688 0.000000
vn 0.156434 -0.987688 0.000000
vn 0.453990 -0.891007 0.000000
vn 0.707107 -0.707106 0.000000
vn 0.891007 -0.453990 0.000000
vn 0.891007 -0.453990 0.000000
vn 0.891007 -0.453990 0.000000
vn 0.987688 -0.156435 -0.000000
vn 0.987688 -0.156435 -0.000000
vn 0.987688 0.156435 0.000000
vn 0.987688 0.156435 0.000000
vn 0.891007 0.453990 0.000000
vn 0.891007 0.453990 0.000000
vn 0.891007 0.453990 0.000000
vn 0.707107 0.707107 -0.000000
vn 0.707107 0.707107 -0.000000
vn 0.707107 0.707107 -0.000000
vn 0.453990 0.891007 0.000000
vn 0.453990 0.891007 0.000000
vn 0.453990 0.891007 0.000000
vn 0.156434 0.987688 -0.000001
vn 0.156434 0.987688 -0.000001
vn -0.156434 0.987688 -0.000001
vn -0.156434 0.987688 -0.000001
vn -0.453990 0.891007 0.000000
vn -0.453990 0.891007 0.000000
vn -0.453990 0.891007 0.000000
vn -0.707107 0.707107 0.000000
vn -0.891006 0.453991 -0.000000
vn -0.891006 0.453991 -0.000000
vn -0.987689 0.156433 0.000000
vn -0.987689 0.156433 0.000000
vn -0.987688 -0.156434 -0.000000
vn -0.987688 -0.156434 -0.000000
vn -0.987688 -0.156434 -0.000000
vn 0.354953 -0.000000 0.934884
vn 0.337580 0.109686 0.934884
vn 0.287163 0.208636 0.934884
vn 0.208636 0.287163 0.934884
vn 0.109687 0.337580 0.934884
vn 0.000000 0.354953 0.934884
vn -0.109687 0.337580 0.934884
vn -0.208636 0.287163 0.934884
vn -0.287163 0.208636 0.934884
vn -0.337581 0.109687 0.934884
vn -0.354953 0.000000 0.934884
vn -0.337581 -0.109687 0.934884
vn -0.287163 -0.208636 0.934884
vn -0.208636 -0.287163 0.934884
vn -0.109686 -0.337580 0.934884
vn -0.000000 -0.354953 0.934884
vn 0.109686 -0.337580 0.934884
vn 0.208636 -0.287163 0.934884
vn 0.287163 -0.208636 0.934884
vn 0.337581 -0.109687 0.934884
vn -0.004023 0.000000 0.999992
vn 0.004023 0.000000 0.999992
vn -0.004023 0.000000 -0.999992
vn 0.004023 0.000000 -0.999992
vn 0.999976 0.000000 0.006917
vn 0.999976 0.000000 -0.006917
vn -0.999976 0.000000 -0.006917
vn -0.999976 0.000000 0.006917
vn -0.965926 0.000000 0.258818
vn -0.866027 0.000000 0.499998
vn -0.707105 0.000000 0.707108
vn -0.499999 0.000000 0.866026
vn -0.258820 0.000000 0.965926
vn 0.258820 0.000000 0.965926
vn 0.499998 0.000000 0.866027
vn 0.707109 0.000000 0.707105
vn 0.866025 0.000000 0.500001
vn 0.965925 0.000000 0.258822
vn -0.965926 0.000000 -0.258818
vn -0.866027 0.000000 -0.499998
vn -0.707105 0.000000 -0.707108
vn -0.499999 0.000000 -0.866026
vn -0.258819 0.000000 -0.965926
vn 0.258819 0.000000 -0.965926
vn 0.499997 0.000000 -0.866027
vn 0.707108 0.000000 -0.707105
vn 0.866025 0.000000 -0.500000
vn 0.965925 0.000000 -0.258822
vn 0.000000 1.000000 0.000000
vn 0.000000 1.000000 0.000000
vn 0.000000 1.000000 0.000000
vn 0.000000 1.000000 0.000000
vn 0.000000 1.000000 0.000000
vn 0.000000 -1.000000 -0.000000
vn 0.000000 -1.000000 -0.000000
vn 0.000000 -1.000000 -0.000000
vn 0.000000 -1.000000 -0.000000
vn 0.946863 0.000000 -0.321637
vn 0.796328 0.000000 -0.604865
vn 0.570678 0.000000 -0.821174
vn 0.296789 0.000000 -0.954943
vn -0.000000 0.000000 -1.000000
vn -0.296790 0.000000 -0.954943
vn -0.570678 0.000000 -0.821174
vn -0.796328 0.000000 -0.604864
vn -0.946863 0.000000 -0.321638
vn -0.946863 0.000000 0.321638
vn -0.796328 0.000000 0.604865
vn -0.570678 0.000000 0.821174
vn -0.296790 0.000000 0.954943
vn 0.296789 0.000000 0.954943
vn 0.570678 0.000000 0.821174
vn 0.796328 0.000000 0.604865
vn 0.946862 0.000000 0.321639
vn 1.000000 0.000000 0.000002
vn 0.000000 1.000000 0.000000
vn 0.000000 1.000000 -0.000002
vn 0.000000 1.000000 -0.000000
vn 0.000000 1.000000 0.000001
vn 0.000000 1.000000 -0.000001
vn 0.000000 1.000000 -0.000001
vn 0.000000 1.000000 0.000001
vn 0.000000 1.000000 0.000002
vn 0.000000 1.000000 -0.000002
vn 0.000000 1.000000 0.000000
vn 0.806826 0.590789 0.000000
vn 0.950343 0.311205 0.000000
vn 1.000000 -0.000001 0.000000
vn 0.476331 0.244605 -0.844558
vn 0.476331 0.244605 -0.844558
vn 0.476330 0.244605 -0.844558
vn 0.584781 0.811191 0.000000
vn 0.429846 0.220735 0.875505
vn 0.429846 0.220735 0.875505
vn 0.429846 0.220735 0.875505
vn 0.950343 -0.311205 0.000000
vn 0.528230 0.084318 -0.844904
vn 0.528230 0.084318 -0.844904
vn 0.528230 0.084318 -0.844904
vn 0.528230 0.084318 -0.844904
vn 0.476645 0.076084 0.875797
vn 0.476645 0.076084 0.875797
vn 0.476645 0.076084 0.875797
vn 0.377769 0.380731 -0.843999
vn 0.377769 0.380731 -0.843999
vn 0.377769 0.380731 -0.843999
vn 0.377769 0.380731 -0.843999
vn 0.889565 0.456809 0.000000
vn 0.306841 0.951761 0.000000
vn 0.340943 0.343616 0.875035
vn 0.340943 0.343616 0.875035
vn 0.340943 0.343616 0.875035
vn 0.340943 0.343616 0.875035
vn 0.000001 0.000000 -1.000000
vn 0.000001 0.000000 -1.000000
vn 0.000001 0.000000 -1.000000
vn 0.806826 -0.590789 0.000000
vn 0.528231 -0.084320 -0.844904
vn 0.528231 -0.084320 -0.844904
vn 0.528231 -0.084320 -0.844904
vn 0.476646 -0.076085 0.875797
vn 0.476646 -0.076085 0.875797
vn 0.476646 -0.076085 0.875797
vn 0.476646 -0.076085 0.875797
vn 0.987498 0.157629 0.000000
vn 0.000002 0.000000 -1.000000
vn 0.242382 0.479431 -0.843444
vn 0.242382 0.479431 -0.843444
vn 0.242382 0.479431 -0.843444
vn 0.242382 0.479431 -0.843444
vn 0.704340 0.709863 0.000000
vn -0.000001 0.000000 -1.000000
vn -0.000001 0.000000 -1.000000
vn 0.000000 1.000000 0.000000
vn 0.218781 0.432747 0.874566
vn 0.218781 0.432747 0.874566
vn 0.218781 0.432747 0.874566
vn 0.218781 0.432747 0.874566
vn 0.455830 0.334040 0.825007
vn 0.536504 0.175826 0.825378
vn 0.609210 0.199231 0.767574
vn 0.517980 0.378778 0.766958
vn 0.584781 -0.811191 0.000000
vn 0.476330 -0.244604 -0.844558
vn 0.476330 -0.244604 -0.844558
vn 0.476330 -0.244604 -0.844558
vn 0.429845 -0.220734 0.875506
vn 0.429845 -0.220734 0.875506
vn 0.429845 -0.220734 0.875506
vn 0.987498 -0.157631 0.000000
vn -0.000000 0.000000 -1.000000
vn 0.564380 -0.000001 0.825515
vn 0.640680 -0.000001 0.767808
vn 0.083485 0.531235 -0.843101
vn 0.083485 0.531235 -0.843101
vn 0.083485 0.531235 -0.843101
vn 0.451181 0.892433 0.000000
vn 0.889565 0.456808 0.000000
vn -0.306841 0.951761 0.000000
vn 0.075362 0.479544 0.874276
vn 0.075362 0.479544 0.874276
vn 0.075362 0.479544 0.874276
vn 0.075362 0.479544 0.874276
vn 0.330703 0.459102 0.824537
vn 0.376112 0.521043 0.766195
vn 0.274539 0.201221 0.940286
vn 0.323065 0.105891 0.940434
vn 0.306841 -0.951761 0.000000
vn 0.377767 -0.380729 -0.844001
vn 0.377767 -0.380729 -0.844001
vn 0.377767 -0.380729 -0.844001
vn 0.340942 -0.343615 0.875035
vn 0.340942 -0.343615 0.875036
vn 0.340942 -0.343615 0.875035
vn 0.340942 -0.343615 0.875036
vn 0.889565 -0.456809 0.000000
vn -0.000000 0.000000 -1.000000
vn -0.000000 0.000000 -1.000000
vn -0.000002 0.000000 -1.000000
vn -0.000002 0.000000 -1.000000
vn 0.536522 -0.175832 0.825365
vn 0.609212 -0.199238 0.767571
vn 0.987498 0.157629 0.000000
vn 0.339834 -0.000000 0.940486
vn -0.083485 0.531234 -0.843102
vn -0.083485 0.531234 -0.843102
vn 0.155247 0.987876 0.000000
vn 0.704339 0.709864 0.000000
vn 0.078927 0.040531 0.996056
vn 0.078927 0.040531 0.996056
vn 0.078927 0.040531 0.996056
vn 0.078927 0.040531 0.996056
vn -0.584781 0.811191 0.000000
vn -0.075362 0.479543 0.874276
vn -0.075362 0.479543 0.874276
vn -0.075362 0.479543 0.874276
vn -0.075362 0.479543 0.874276
vn 0.173668 0.539105 0.824139
vn 0.197640 0.612233 0.765578
vn 0.199254 0.276639 0.940090
vn 0.000000 -1.000000 0.000000
vn 0.242382 -0.479430 -0.843444
vn 0.242382 -0.479430 -0.843444
vn 0.242382 -0.479430 -0.843444
vn 0.242382 -0.479430 -0.843444
vn 0.218781 -0.432747 0.874566
vn 0.218781 -0.432747 0.874566
vn 0.218781 -0.432746 0.874566
vn 0.218781 -0.432746 0.874566
vn 0.704340 -0.709862 0.000000
vn 0.000000 0.000000 -1.000000
vn 0.000000 0.000000 -1.000000
vn 0.000000 0.000000 -1.000000
vn 0.000000 0.000000 -1.000000
vn 0.000000 0.000000 -1.000000
vn 0.455869 -0.334067 0.824974
vn 0.517980 -0.378784 0.766955
vn 0.987498 -0.157631 0.000000
vn 0.323070 -0.105874 0.940434
vn 0.087493 0.013966 0.996067
vn 0.087493 0.013966 0.996067
vn 0.087493 0.013966 0.996067
vn 0.087493 0.013966 0.996067
vn 0.000000 0.000000 1.000000
vn 0.000000 0.000000 1.000000
vn -0.242382 0.479430 -0.843444
vn -0.242382 0.479430 -0.843444
vn -0.242382 0.479430 -0.843444
vn -0.155247 0.987876 0.000000
vn -0.000000 0.000000 -1.000000
vn -0.000000 0.000000 -1.000000
vn 0.451180 0.892433 0.000000
vn 0.062636 0.063127 0.996038
vn 0.062636 0.063127 0.996038
vn 0.889565 0.456809 0.000000
vn -0.806826 0.590788 0.000000
vn -0.218781 0.432747 0.874565
vn -0.218781 0.432747 0.874565
vn -0.218781 0.432747 0.874565
vn 0.000000 0.000000 -1.000000
vn 0.000000 0.566623 0.823977
vn -0.000003 0.643623 0.765343
vn 0.104677 0.324959 0.939917
vn -0.471173 -0.241982 0.848199
vn -0.471173 -0.241982 0.848199
vn -0.471173 -0.241982 0.848199
vn -0.471173 -0.241982 0.848199
vn -0.306841 -0.951761 0.000000
vn 0.083485 -0.531236 -0.843101
vn 0.083485 -0.531236 -0.843101
vn 0.083485 -0.531236 -0.843101
vn 0.075362 -0.479545 0.874275
vn 0.075362 -0.479545 0.874275
vn 0.075362 -0.479545 0.874275
vn 0.451180 -0.892433 0.000000
vn 0.000000 0.000000 -1.000000
vn 0.330737 -0.459149 0.824497
vn 0.376115 -0.521042 0.766193
vn 0.889565 -0.456809 0.000000
vn 0.274547 -0.201204 0.940288
vn 0.087492 -0.013966 0.996067
vn 0.087492 -0.013966 0.996067
vn 0.087492 -0.013966 0.996067
vn 0.087492 -0.013966 0.996067
vn 0.000001 0.000000 1.000000
vn 0.000001 0.000000 1.000000
vn 0.987499 0.157628 0.000000
vn -0.522511 -0.083405 0.848544
vn -0.522511 -0.083405 0.848544
vn -0.522511 -0.083405 0.848544
vn -0.522511 -0.083405 0.848544
vn -0.377769 0.380730 -0.843999
vn -0.377769 0.380730 -0.843999
vn -0.377769 0.380730 -0.843999
vn -0.377769 0.380730 -0.844000
vn -0.451181 0.892432 0.000000
vn 0.000000 0.000000 -1.000000
vn 0.155247 0.987876 0.000000
vn 0.040214 0.079543 0.996020
vn 0.704340 0.709863 0.000000
vn -0.950343 0.311205 0.000000
vn -0.340942 0.343615 0.875036
vn -0.340942 0.343615 0.875036
vn 0.000000 0.000000 -1.000000
vn -0.197645 0.612231 0.765577
vn -0.173678 0.539138 0.824115
vn 0.000011 0.341597 0.939847
vn -0.373698 -0.376634 0.847642
vn -0.373698 -0.376634 0.847642
vn -0.373698 -0.376634 0.847642
vn 0.750510 0.385441 0.536815
vn 0.750510 0.385442 0.536815
vn 0.750510 0.385442 0.536815
vn 0.750510 0.385442 0.536814
vn -0.584781 -0.811191 0.000000
vn -0.083485 -0.531237 -0.843100
vn -0.083485 -0.531237 -0.843100
vn -0.083485 -0.531237 -0.843100
vn -0.083485 -0.531237 -0.843100
vn -0.075362 -0.479545 0.874275
vn -0.075362 -0.479545 0.874275
vn -0.075362 -0.479545 0.874275
vn -0.075362 -0.479545 0.874275
vn 0.155247 -0.987876 0.000000
vn 0.000000 0.000000 -1.000000
vn 0.173678 -0.539138 0.824116
vn 0.197645 -0.612231 0.765578
vn 0.704340 -0.709863 0.000000
vn 0.199247 -0.276641 0.940091
vn 0.078928 -0.040531 0.996056
vn 0.078928 -0.040531 0.996056
vn 0.078928 -0.040531 0.996056
vn 0.078928 -0.040531 0.996056
vn 0.987498 -0.157630 0.000000
vn -0.522510 0.083406 0.848544
vn -0.522510 0.083406 0.848544
vn -0.522510 0.083406 0.848544
vn -0.522510 0.083406 0.848544
vn 0.832804 0.132934 0.537369
vn 0.832805 0.132934 0.537369
vn 0.832805 0.132934 0.537369
vn 0.832804 0.132934 0.537369
vn -0.476331 0.244605 -0.844557
vn -0.476331 0.244605 -0.844557
vn -0.476331 0.244605 -0.844557
vn -0.476331 0.244605 -0.844557
vn -0.704341 0.709862 0.000000
vn 0.000001 0.000000 -1.000000
vn 0.000001 0.000000 -1.000000
vn -0.155247 0.987876 0.000000
vn 0.013857 0.088174 0.996009
vn 0.013857 0.088174 0.996009
vn 0.013857 0.088174 0.996009
vn 0.013857 0.088174 0.996009
vn 0.451180 0.892433 0.000000
vn -0.429844 0.220733 0.875506
vn -0.429844 0.220733 0.875506
vn -0.429844 0.220733 0.875506
vn -0.000000 0.000000 -1.000000
vn -0.000000 0.000000 -1.000000
vn -0.376115 0.521042 0.766193
vn -0.330737 0.459149 0.824497
vn -0.104659 0.324964 0.939918
vn -0.239784 -0.474285 0.847088
vn -0.239784 -0.474285 0.847088
vn -0.239784 -0.474285 0.847088
vn 0.594647 0.599320 0.535920
vn 0.594647 0.599320 0.535920
vn 0.594647 0.599320 0.535920
vn -0.000000 0.000000 1.000000
vn -0.000000 0.000000 1.000000
vn -0.000000 0.000000 1.000000
vn -0.806826 -0.590789 0.000000
vn -0.242381 -0.479430 -0.843444
vn -0.218781 -0.432747 0.874566
vn -0.218781 -0.432747 0.874566
vn -0.218781 -0.432747 0.874566
vn -0.218781 -0.432747 0.874566
vn -0.155247 -0.987876 0.000000
vn 0.000003 -0.643622 0.765343
vn -0.000000 -0.566623 0.823977
vn 0.451180 -0.892433 0.000000
vn 0.104660 -0.324964 0.939917
vn 0.062636 -0.063127 0.996038
vn 0.062636 -0.063127 0.996038
vn 0.889565 -0.456809 0.000000
vn -0.471180 0.241963 0.848200
vn -0.471180 0.241963 0.848200
vn -0.471180 0.241963 0.848200
vn -0.471180 0.241963 0.848200
vn 0.832804 -0.132938 0.537368
vn 0.832804 -0.132938 0.537368
vn -0.528232 0.084319 -0.844903
vn -0.528232 0.084319 -0.844903
vn -0.528232 0.084319 -0.844903
vn -0.889565 0.456809 0.000000
vn -0.000001 0.000000 -1.000000
vn -0.000001 0.000000 -1.000000
vn -0.451181 0.892432 0.000000
vn -0.013857 0.088173 0.996009
vn -0.013857 0.088173 0.996009
vn -0.013857 0.088173 0.996009
vn -0.013857 0.088173 0.996009
vn 0.155247 0.987876 0.000000
vn -0.950343 -0.311206 0.000000
vn -0.476644 0.076085 0.875798
vn -0.476644 0.076085 0.875798
vn -0.476644 0.076085 0.875798
vn -0.000000 0.000000 -1.000000
vn -0.000000 0.000000 -1.000000
vn -0.000000 0.000000 -1.000000
vn -0.517978 0.378783 0.766956
vn -0.455868 0.334067 0.824975
vn -0.199245 0.276641 0.940091
vn -0.082599 -0.525545 0.846746
vn -0.082599 -0.525545 0.846746
vn -0.082599 -0.525545 0.846746
vn 0.381174 0.753953 0.535034
vn 0.381174 0.753953 0.535034
vn 0.381174 0.753953 0.535034
vn -0.889545 -0.456847 0.000000
vn -0.377768 -0.380729 -0.844001
vn -0.377768 -0.380729 -0.844001
vn -0.377768 -0.380729 -0.844001
vn -0.377768 -0.380729 -0.844001
vn -0.340942 -0.343615 0.875036
vn -0.340942 -0.343615 0.875036
vn -0.340942 -0.343615 0.875036
vn -0.451181 -0.892432 0.000000
vn -0.197640 -0.612232 0.765578
vn -0.173668 -0.539104 0.824140
vn 0.155247 -0.987876 0.000000
vn -0.000011 -0.341597 0.939847
vn 0.040214 -0.079543 0.996020
vn 0.040214 -0.079543 0.996020
vn 0.040214 -0.079543 0.996020
vn 0.040214 -0.079543 0.996020
vn -0.000000 0.000000 1.000000
vn 0.704340 -0.709862 0.000000
vn -0.373695 0.376631 0.847644
vn -0.373695 0.376631 0.847644
vn -0.373695 0.376631 0.847644
vn 0.750523 -0.385413 0.536817
vn 0.750523 -0.385413 0.536817
vn 0.750523 -0.385413 0.536817
vn -0.987499 -0.157627 0.000000
vn -0.528232 -0.084319 -0.844903
vn -0.528232 -0.084319 -0.844903
vn -0.987498 0.157630 0.000000
vn 0.000001 0.000000 -1.000000
vn 0.000001 0.000000 -1.000000
vn -0.704341 0.709862 0.000000
vn -0.040214 0.079543 0.996020
vn -0.040214 0.079543 0.996020
vn -0.040214 0.079543 0.996020
vn -0.155247 0.987876 0.000000
vn -0.476646 -0.076085 0.875797
vn -0.476646 -0.076085 0.875797
vn -0.476646 -0.076085 0.875797
vn -0.476646 -0.076085 0.875797
vn 0.000000 0.000000 -1.000000
vn 0.000000 0.000000 -1.000000
vn -0.609209 0.199236 0.767573
vn -0.536523 0.175832 0.825365
vn -0.274548 0.201204 0.940287
vn 0.082588 -0.525546 0.846747
vn 0.082588 -0.525546 0.846747
vn 0.082588 -0.525546 0.846747
vn 0.131224 0.834926 0.534489
vn 0.131224 0.834926 0.534489
vn 0.131224 0.834926 0.534489
vn 0.131224 0.834926 0.534489
vn -0.704334 -0.709868 0.000000
vn -0.476330 -0.244605 -0.844558
vn -0.476330 -0.244605 -0.844558
vn -0.476330 -0.244605 -0.844558
vn -0.476330 -0.244605 -0.844558
vn -0.429843 -0.220733 0.875507
vn -0.429843 -0.220733 0.875507
vn -0.429843 -0.220733 0.875507
vn -0.704341 -0.709862 0.000000
vn 0.000001 0.000000 -1.000000
vn 0.000001 0.000000 -1.000000
vn -0.376113 -0.521043 0.766194
vn -0.330704 -0.459102 0.824536
vn -0.155247 -0.987876 0.000000
vn -0.104678 -0.324959 0.939917
vn 0.013857 -0.088173 0.996009
vn 0.013857 -0.088173 0.996009
vn 0.013857 -0.088173 0.996009
vn 0.013857 -0.088173 0.996009
vn 0.000000 0.000000 1.000000
vn 0.451180 -0.892433 0.000000
vn -0.239776 0.474285 0.847090
vn -0.239776 0.474285 0.847090
vn -0.239776 0.474285 0.847090
vn -0.239776 0.474285 0.847090
vn 0.594644 -0.599318 0.535926
vn 0.594644 -0.599318 0.535926
vn -0.987498 0.157630 0.000000
vn 0.000000 0.000000 1.000000
vn 0.000001 0.000000 1.000000
vn -0.987498 -0.157630 0.000000
vn -0.889565 0.456809 0.000000
vn -0.062636 0.063127 0.996038
vn -0.062636 0.063127 0.996038
vn -0.451181 0.892433 0.000000
vn -0.640678 0.000003 0.767809
vn -0.564371 -0.000000 0.825521
vn -0.323075 0.105875 0.940432
vn 0.239776 -0.474285 0.847090
vn 0.239776 -0.474285 0.847090
vn 0.239776 -0.474285 0.847090
vn -0.131206 0.834927 0.534493
vn -0.131206 0.834927 0.534493
vn -0.451184 -0.892431 0.000000
vn -0.889564 -0.456810 0.000000
vn -0.517980 -0.378781 0.766956
vn -0.455823 -0.334033 0.825013
vn -0.451181 -0.892432 0.000000
vn -0.199255 -0.276640 0.940089
vn -0.013856 -0.088173 0.996009
vn -0.013856 -0.088173 0.996009
vn -0.013856 -0.088173 0.996009
vn -0.082589 0.525546 0.846747
vn -0.082589 0.525546 0.846747
vn -0.082589 0.525546 0.846747
vn -0.082589 0.525546 0.846747
vn 0.381164 -0.753955 0.535038
vn 0.381164 -0.753955 0.535038
vn 0.381164 -0.753955 0.535038
vn -0.000000 0.000000 1.000000
vn -0.000000 0.000000 1.000000
vn -0.889563 0.456813 0.000000
vn -0.000001 0.000000 1.000000
vn 0.000003 0.000000 -1.000000
vn 0.000003 0.000000 -1.000000
vn -0.987498 0.157629 0.000000
vn -0.078927 0.040531 0.996056
vn -0.078927 0.040531 0.996056
vn -0.078927 0.040531 0.996056
vn -0.704341 0.709862 0.000000
vn -0.609211 -0.199231 0.767574
vn -0.536488 -0.175821 0.825389
vn -0.339839 -0.000011 0.940484
vn 0.373695 -0.376631 0.847644
vn 0.373695 -0.376631 0.847644
vn 0.373695 -0.376631 0.847644
vn 0.373695 -0.376631 0.847644
vn -0.381164 0.753955 0.535038
vn -0.381164 0.753955 0.535038
vn -0.381164 0.753955 0.535038
vn -0.381164 0.753955 0.535038
vn -0.000000 0.000000 1.000000
vn -0.000000 0.000000 1.000000
vn -0.155262 -0.987873 0.000000
vn -0.000000 0.000000 1.000000
vn -0.704340 -0.709862 0.000000
vn -0.274545 -0.201212 0.940287
vn -0.040214 -0.079543 0.996020
vn -0.040214 -0.079543 0.996020
vn -0.155247 -0.987876 0.000000
vn 0.082600 0.525545 0.846747
vn 0.082600 0.525545 0.846747
vn 0.082600 0.525545 0.846747
vn 0.131207 -0.834928 0.534491
vn 0.131207 -0.834927 0.534491
vn 0.131207 -0.834928 0.534491
vn 0.131207 -0.834928 0.534491
vn -0.704334 0.709869 0.000000
vn -0.987498 -0.157629 0.000000
vn -0.087493 0.013966 0.996067
vn -0.087493 0.013966 0.996067
vn -0.087493 0.013966 0.996067
vn -0.087493 0.013966 0.996067
vn -0.889565 0.456809 0.000000
vn -0.323068 -0.105893 0.940433
vn 0.471180 -0.241963 0.848200
vn 0.471180 -0.241963 0.848200
vn 0.471180 -0.241963 0.848200
vn -0.594645 0.599318 0.535925
vn -0.594645 0.599318 0.535925
vn 0.155241 -0.987877 0.000000
vn -0.000000 0.000000 1.000000
vn -0.889564 -0.456810 0.000000
vn -0.062636 -0.063127 0.996038
vn 0.000000 0.000000 1.000000
vn 0.000000 0.000000 1.000000
vn -0.451181 -0.892433 0.000000
vn 0.239784 0.474285 0.847087
vn 0.239784 0.474285 0.847087
vn 0.239784 0.474285 0.847087
vn 0.239784 0.474285 0.847087
vn -0.131225 -0.834925 0.534490
vn -0.131225 -0.834925 0.534490
vn -0.131225 -0.834925 0.534490
vn -0.131225 -0.834925 0.534490
vn -0.451173 0.892437 0.000000
vn -0.087493 -0.013966 0.996067
vn -0.087493 -0.013966 0.996067
vn -0.087493 -0.013966 0.996067
vn -0.987498 0.157630 0.000000
vn 0.522510 -0.083406 0.848544
vn 0.522510 -0.083406 0.848544
vn 0.522510 -0.083406 0.848544
vn -0.750524 0.385413 0.536816
vn -0.750524 0.385413 0.536816
vn -0.750524 0.385413 0.536816
vn -0.750524 0.385413 0.536816
vn 0.451174 -0.892436 0.000000
vn -0.000000 0.000000 1.000000
vn -0.078928 -0.040531 0.996056
vn -0.078928 -0.040531 0.996056
vn -0.000000 0.000000 1.000000
vn -0.000000 0.000000 1.000000
vn -0.000000 0.000000 1.000000
vn -0.704341 -0.709862 0.000000
vn 0.373698 0.376634 0.847642
vn 0.373698 0.376634 0.847642
vn 0.373698 0.376634 0.847642
vn 0.373698 0.376634 0.847642
vn -0.381174 -0.753952 0.535035
vn -0.381174 -0.753952 0.535035
vn -0.381174 -0.753952 0.535035
vn -0.381175 -0.753952 0.535035
vn 0.000000 0.000000 1.000000
vn 0.000000 0.000000 1.000000
vn -0.155243 0.987876 0.000000
vn 0.000000 0.000000 1.000000
vn -0.987498 -0.157630 0.000000
vn 0.522510 0.083418 0.848543
vn 0.522510 0.083418 0.848543
vn 0.522510 0.083418 0.848543
vn -0.832804 0.132937 0.537368
vn -0.832804 0.132937 0.537368
vn -0.832804 0.132937 0.537368
vn -0.832804 0.132937 0.537368
vn 0.704334 -0.709868 0.000000
vn 0.000000 0.000000 1.000000
vn -0.889565 -0.456809 0.000000
vn 0.471180 0.241971 0.848198
vn 0.471180 0.241971 0.848198
vn 0.471180 0.241971 0.848198
vn -0.594648 -0.599319 0.535920
vn -0.594648 -0.599319 0.535920
vn 0.155263 0.987873 0.000000
vn -0.832802 -0.132956 0.537367
vn -0.832802 -0.132956 0.537367
vn -0.832802 -0.132956 0.537367
vn -0.000000 0.000000 1.000000
vn -0.000000 0.000000 1.000000
vn 0.889563 -0.456813 0.000000
vn -0.750521 -0.385424 0.536812
vn -0.750521 -0.385424 0.536812
vn -0.750521 -0.385424 0.536812
vn 0.451186 0.892430 0.000000
vn -0.000000 0.000000 1.000000
vn 0.987498 -0.157630 0.000000
vn 0.704335 0.709868 0.000000
vn -0.000000 0.000000 1.000000
vn 0.987495 0.157652 0.000000
vn -0.000001 0.000000 1.000000
vn 0.889556 0.456826 0.000000
vn 0.000000 0.000000 1.000000
vn -0.924199 0.381911 -0.000000
vn -0.923879 0.382684 0.000000
vn -0.995185 0.098018 0.000000
vn -0.999959 0.009079 0.000000
vn -0.384867 0.922972 -0.000208
vn -0.382684 0.923879 0.000000
vn -0.707108 0.707106 0.000000
vn -0.706924 0.707289 -0.000209
vn -0.006258 0.999980 -0.000000
vn -0.098017 0.995185 0.000000
vn 0.382683 0.923880 0.000000
vn 0.382684 0.923879 0.000000
vn 0.098017 0.995185 0.000000
vn 0.006258 0.999980 -0.000000
vn 0.923880 0.382683 0.000000
vn 0.923880 0.382683 0.000000
vn 0.707107 0.707106 0.000000
vn 0.707107 0.707106 0.000000
vn 0.999959 0.009079 0.000000
vn 0.995185 0.098017 0.000000
vn 0.999959 -0.009079 0.000000
vn 0.923880 -0.382683 0.000000
vn 0.923880 -0.382683 0.000000
vn 0.995185 -0.098017 0.000000
vn 0.707107 -0.707106 -0.000000
vn 0.707107 -0.707106 0.000000
vn 0.382683 -0.923880 -0.000000
vn 0.006258 -0.999980 0.000000
vn 0.098016 -0.995185 0.000000
vn 0.382683 -0.923880 0.000000
vn -0.006258 -0.999980 0.000000
vn -0.382683 -0.923880 0.000000
vn -0.382684 -0.923879 0.000000
vn -0.098016 -0.995185 0.000000
vn -0.707107 -0.707106 0.000000
vn -0.923880 -0.382682 0.000000
vn -0.923879 -0.382684 0.000000
vn -0.707108 -0.707106 0.000000
vn -0.999959 -0.009079 0.000000
vn -0.995185 -0.098018 0.000000
vn -0.998562 0.053615 0.000000
vn -1.000000 -0.000681 0.000000
vn -0.998488 -0.054970 0.000000
vn -0.000000 0.000000 1.000000
vn 0.000000 0.000000 1.000000
vn 0.998454 -0.055584 0.000000
vn 1.000000 -0.000681 0.000000
vn 0.998529 0.054228 0.000000
vn -0.000000 0.000000 1.000000
vn -0.677945 -0.735112 0.000000
vn 0.677493 0.735529 0.000000
vn 0.641433 -0.767179 0.000000
vn 0.060811 0.998149 0.000000
vn 0.026877 0.999639 0.000000
vn -0.000650 1.000000 0.000000
vn -0.028175 0.999603 0.000000
vn -0.062103 0.998070 0.000000
vn -0.061429 -0.998111 0.000000
vn -0.027872 -0.999611 0.000000
vn -0.000650 -1.000000 0.000000
vn 0.026574 -0.999647 0.000000
vn 0.060137 -0.998190 0.000000
vn 1.000000 0.000000 0.000000
vn 1.000000 0.000000 0.000000
vn -1.000000 0.000000 0.000000
vn -1.000000 0.000000 0.000000
vn 0.000000 0.574637 -0.818409
vn 0.000000 0.707109 -0.707105
vn 0.000000 0.382683 -0.923880
vn -0.000004 0.000000 -1.000000
vn -0.000004 0.000000 -1.000000
vn 0.000004 0.000000 -1.000000
vn 0.000004 0.000000 -1.000000
vn 0.887814 0.000000 -0.460202
vn 0.701008 0.000000 -0.713153
vn 0.447818 0.000000 -0.894125
vn 0.153834 0.000000 -0.988097
vn -0.153834 0.000000 -0.988097
vn -0.447820 0.000000 -0.894124
vn -0.701006 0.000000 -0.713156
vn -0.887814 0.000000 -0.460202
vn -0.987266 0.000000 -0.159079
vn -0.987266 0.000000 0.159079
vn -0.887814 0.000000 0.460202
vn -0.701006 0.000000 0.713155
vn -0.447820 0.000000 0.894124
vn -0.153833 0.000000 0.988097
vn 0.153834 0.000000 0.988097
vn 0.447818 0.000000 0.894125
vn 0.701008 0.000000 0.713153
vn 0.887813 0.000000 0.460204
vn 0.987267 0.000000 0.159072
vn 0.987267 0.000000 -0.159072
vn 0.949435 -0.009661 -0.313816
vn 0.804153 -0.009602 -0.594345
vn 0.804153 0.009604 -0.594345
vn 0.949435 0.009665 -0.313815
vn 0.581165 -0.009531 -0.813730
vn 0.581165 0.009533 -0.813730
vn 0.304239 -0.009477 -0.952549
vn 0.304239 0.009480 -0.952549
vn 0.000000 -0.009459 -0.999955
vn -0.000000 0.009459 -0.999955
vn -0.304239 -0.009480 -0.952549
vn -0.304239 0.009477 -0.952549
vn -0.581165 -0.009533 -0.813730
vn -0.581165 0.009532 -0.813730
vn -0.804153 -0.009603 -0.594345
vn -0.804153 0.009601 -0.594345
vn -0.949434 -0.009663 -0.313817
vn -0.949435 0.009660 -0.313816
vn -0.999953 -0.009687 0.000000
vn -0.999953 0.009686 -0.000000
vn -0.949434 -0.009661 0.313817
vn -0.949435 0.009664 0.313816
vn -0.804153 -0.009601 0.594345
vn -0.804153 0.009603 0.594345
vn -0.581165 -0.009530 0.813730
vn -0.581165 0.009532 0.813730
vn -0.304239 -0.009477 0.952549
vn -0.304239 0.009479 0.952549
vn -0.000000 -0.009459 0.999955
vn 0.000000 0.009459 0.999955
vn 0.304239 -0.009480 0.952549
vn 0.304239 0.009477 0.952549
vn 0.581164 -0.009533 0.813730
vn 0.581164 0.009531 0.813731
vn 0.804153 -0.009604 0.594345
vn 0.804153 0.009602 0.594345
vn 0.949435 -0.009665 0.313816
vn 0.949435 0.009662 0.313816
vn 0.999953 -0.009687 0.000000
vn 0.999953 0.009688 0.000001
vn 0.437814 -0.838944 -0.323252
vn 0.515251 -0.839983 -0.170131
vn 0.522832 -0.834711 -0.172930
vn 0.444184 -0.833542 -0.328494
vn 0.317672 -0.837647 -0.444332
vn 0.322201 -0.832115 -0.451410
vn 0.166834 -0.836610 -0.521776
vn 0.169174 -0.830970 -0.529971
vn -0.000002 -0.836223 -0.548390
vn 0.000004 -0.830535 -0.556966
vn -0.166831 -0.836612 -0.521774
vn -0.169174 -0.830972 -0.529967
vn -0.317675 -0.837645 -0.444336
vn -0.322202 -0.832117 -0.451405
vn -0.437822 -0.838938 -0.323255
vn -0.444176 -0.833545 -0.328498
vn -0.515259 -0.839978 -0.170134
vn -0.522828 -0.834713 -0.172932
vn -0.542009 -0.840373 -0.000003
vn -0.550002 -0.835164 0.000004
vn -0.515257 -0.839979 0.170133
vn -0.522828 -0.834713 0.172931
vn -0.437818 -0.838941 0.323254
vn -0.444180 -0.833545 0.328493
vn -0.317673 -0.837646 0.444334
vn -0.322200 -0.832115 0.451410
vn -0.166832 -0.836609 0.521778
vn -0.169177 -0.830969 0.529971
vn 0.000001 -0.836223 0.548389
vn -0.000004 -0.830534 0.556968
vn 0.166832 -0.836611 0.521775
vn 0.169176 -0.830971 0.529968
vn 0.317672 -0.837646 0.444335
vn 0.322202 -0.832118 0.451404
vn 0.437818 -0.838942 0.323251
vn 0.444180 -0.833543 0.328497
vn 0.515253 -0.839981 0.170134
vn 0.522833 -0.834710 0.172931
vn 0.542003 -0.840377 0.000002
vn 0.550004 -0.835162 -0.000004
vn 0.834021 -0.478019 -0.275511
vn 0.707501 -0.475711 -0.522629
vn 0.512273 -0.473056 -0.716794
vn 0.268541 -0.471108 -0.840204
vn -0.000035 -0.470414 -0.882446
vn -0.268552 -0.471085 -0.840213
vn -0.512252 -0.473039 -0.716821
vn -0.707538 -0.475679 -0.522607
vn -0.834048 -0.477971 -0.275514
vn -0.877859 -0.478919 -0.000035
vn -0.834028 -0.478004 0.275515
vn -0.707508 -0.475698 0.522632
vn -0.512276 -0.473053 0.716795
vn -0.268542 -0.471108 0.840204
vn 0.000034 -0.470413 0.882447
vn 0.268546 -0.471076 0.840220
vn 0.512254 -0.473040 0.716819
vn 0.707526 -0.475708 0.522597
vn 0.834026 -0.478011 0.275510
vn 0.877849 -0.478938 0.000036
vn 0.834032 0.477999 -0.275515
vn 0.877853 0.478931 -0.000033
vn 0.577168 0.794085 -0.190540
vn 0.607170 0.794572 -0.000001
vn 0.707527 0.475704 -0.522600
vn 0.490308 0.792851 -0.361918
vn 0.512250 0.473075 -0.716798
vn 0.355627 0.791349 -0.497290
vn 0.268543 0.471146 -0.840182
vn 0.186716 0.790126 -0.583814
vn 0.000030 0.470475 -0.882413
vn 0.000002 0.789659 -0.613546
vn -0.268540 0.471142 -0.840185
vn -0.186714 0.790131 -0.583808
vn -0.512273 0.473069 -0.716786
vn -0.355627 0.791347 -0.497292
vn -0.707508 0.475694 -0.522635
vn -0.490307 0.792849 -0.361925
vn -0.834031 0.477999 -0.275517
vn -0.577161 0.794091 -0.190540
vn -0.877856 0.478925 0.000037
vn -0.607163 0.794577 0.000001
vn -0.834038 0.477985 0.275519
vn -0.577167 0.794085 0.190542
vn -0.707534 0.475691 0.522603
vn -0.490310 0.792847 0.361926
vn -0.512249 0.473070 0.716802
vn -0.355624 0.791347 0.497295
vn -0.268543 0.471146 0.840182
vn -0.186714 0.790127 0.583812
vn -0.000031 0.470480 0.882411
vn -0.000002 0.789659 0.613547
vn 0.268537 0.471140 0.840187
vn 0.186715 0.790130 0.583808
vn 0.512278 0.473070 0.716782
vn 0.355626 0.791352 0.497285
vn 0.707503 0.475717 0.522621
vn 0.490303 0.792856 0.361916
vn 0.834018 0.478024 0.275512
vn 0.577160 0.794091 0.190539
vn 0.688878 -0.688015 -0.228217
vn 0.584269 -0.686525 -0.432797
vn 0.422945 -0.684721 -0.593527
vn 0.221710 -0.683267 -0.695695
vn -0.000002 -0.682694 -0.730704
vn -0.221717 -0.683236 -0.695723
vn -0.422944 -0.684714 -0.593536
vn -0.584261 -0.686527 -0.432804
vn -0.688885 -0.688004 -0.228229
vn -0.725146 -0.688595 -0.000002
vn -0.688862 -0.688030 0.228219
vn -0.584244 -0.686548 0.432794
vn -0.422930 -0.684741 0.593515
vn -0.221702 -0.683277 0.695687
vn 0.000002 -0.682690 0.730708
vn 0.221716 -0.683234 0.695725
vn 0.422951 -0.684709 0.593536
vn 0.584273 -0.686517 0.432804
vn 0.688896 -0.687994 0.228225
vn 0.725154 -0.688587 0.000001
vn 0.004071 0.999991 -0.001352
vn 0.003440 0.999991 -0.002556
vn 0.000000 1.000000 -0.000000
vn 0.002481 0.999991 -0.003493
vn 0.001297 0.999991 -0.004085
vn -0.000000 0.999991 -0.004288
vn -0.001297 0.999991 -0.004084
vn -0.002481 0.999991 -0.003492
vn -0.003440 0.999991 -0.002557
vn -0.004070 0.999991 -0.001353
vn -0.004293 0.999991 -0.000000
vn -0.004071 0.999991 0.001352
vn -0.003440 0.999991 0.002556
vn -0.002481 0.999991 0.003492
vn -0.001297 0.999991 0.004084
vn 0.000000 0.999991 0.004288
vn 0.001297 0.999991 0.004084
vn 0.002481 0.999991 0.003492
vn 0.003440 0.999991 0.002555
vn 0.004071 0.999991 0.001352
vn 0.004293 0.999991 0.000001
vn 0.436246 0.839843 -0.323036
vn 0.513630 0.840982 -0.170100
vn 0.316352 0.838446 -0.443768
vn 0.166071 0.837318 -0.520883
vn -0.000001 0.836905 -0.547348
vn -0.166058 0.837349 -0.520838
vn -0.316319 0.838480 -0.443726
vn -0.436215 0.839872 -0.323005
vn -0.513606 0.840997 -0.170094
vn -0.540369 0.841428 -0.000004
vn -0.513635 0.840978 0.170105
vn -0.436250 0.839840 0.323041
vn -0.316352 0.838444 0.443772
vn -0.166071 0.837317 0.520884
vn 0.000001 0.836903 0.547351
vn 0.166058 0.837350 0.520836
vn 0.316319 0.838483 0.443722
vn 0.436216 0.839871 0.323006
vn 0.513610 0.840995 0.170093
vn 0.540367 0.841429 0.000005
vn 0.286241 0.953470 -0.094665
vn 0.243542 0.953017 -0.180129
vn 0.177005 0.952448 -0.248014
vn 0.093066 0.952007 -0.291585
vn -0.000003 0.951865 -0.306519
vn -0.093008 0.952075 -0.291380
vn -0.176816 0.952558 -0.247730
vn -0.243275 0.953123 -0.179927
vn -0.286054 0.953532 -0.094605
vn -0.300923 0.953648 -0.000001
vn -0.286251 0.953467 0.094664
vn -0.243541 0.953018 0.180124
vn -0.177006 0.952450 0.248006
vn -0.093069 0.952007 0.291584
vn 0.000002 0.951862 0.306526
vn 0.093008 0.952076 0.291379
vn 0.176813 0.952557 0.247733
vn 0.243276 0.953122 0.179930
vn 0.286049 0.953534 0.094599
vn 0.300909 0.953653 0.000000
vn 0.480414 -0.003446 0.877035
vn 0.427531 -0.459421 0.778556
vn 0.786717 -0.111868 0.607093
vn 0.508509 -0.004527 0.861045
vn 0.238567 -0.861534 0.448157
vn 0.367500 -0.653612 0.661615
vn -0.006823 -0.999763 0.020649
vn 0.002729 -0.999984 0.004983
vn 0.134320 -0.960112 0.245240
vn -0.602062 -0.004117 0.798439
vn -0.264649 -0.003050 0.964340
vn -0.307814 0.001270 0.951446
vn -0.603539 0.001547 0.797332
vn 0.110856 -0.002855 0.993832
vn 0.093505 0.001400 0.995618
vn 0.480253 0.002431 0.877127
vn -0.335369 0.339524 0.878778
vn -0.234782 0.436746 0.868407
vn -0.634686 0.007158 0.772737
vn -0.043766 0.581073 0.812674
vn 0.018484 0.622142 0.782687
vn 0.338815 0.770250 0.540295
vn 0.329288 0.769256 0.547554
vn 0.396421 0.590198 0.703219
vn 0.409979 0.600618 0.686422
vn 0.355287 0.773944 0.524197
vn 0.461038 0.316466 0.829032
vn 0.477252 0.322913 0.817287
vn 0.503445 0.002480 0.864023
vn 0.667229 0.638714 0.383210
vn 0.641571 0.660263 0.390435
vn 0.355233 0.775294 0.522234
vn 0.917270 0.340318 0.206881
vn 0.882132 0.405461 0.239674
vn 0.999926 0.001663 0.012020
vn 0.999981 0.005370 0.003151
vn -0.035908 -0.998340 0.045026
vn 0.000000 -1.000000 -0.000000
vn 0.999880 -0.000036 0.015522
vn 1.000000 0.000000 0.000000
vn -0.622690 -0.005917 0.782446
vn 0.963391 -0.000366 0.268101
vn 0.956276 0.001474 0.292462
vn 0.794373 0.001671 0.607429
vn -0.961453 -0.000535 -0.274970
vn -0.952019 -0.001115 -0.306038
vn -0.952019 -0.001115 -0.306038
vn -0.966597 -0.000188 -0.256301
vn -0.858532 -0.000050 0.512760
vn -0.725347 -0.333800 0.602038
vn -0.991186 0.002068 -0.132464
vn -0.991186 0.002068 -0.132464
vn -0.351227 -0.822399 0.447548
vn -0.357954 -0.819576 0.447396
vn -0.509787 -0.558730 0.654170
vn -0.279285 -0.411492 0.867568
vn -0.044678 -0.784114 0.619007
vn 0.153631 -0.411109 0.898547
vn 0.107961 0.479179 0.871052
vn -0.187160 0.234985 0.953810
vn 0.168508 0.209034 0.963281
vn 0.883549 0.294601 0.364076
vn 0.645853 0.562837 0.515837
vn 0.709315 0.284376 0.644983
vn 0.882133 0.000000 -0.471000
vn 0.690380 0.000000 -0.723447
vn 0.437286 0.000000 -0.899323
vn 0.149446 0.000000 -0.988770
vn -0.149447 0.000000 -0.988770
vn -0.437282 0.000000 -0.899324
vn -0.690379 0.000000 -0.723448
vn -0.882132 0.000000 -0.471003
vn -0.986505 0.000000 -0.163733
vn -0.986505 0.000000 0.163733
vn -0.882131 0.000000 0.471003
vn -0.690379 0.000000 0.723448
vn -0.437281 0.000000 0.899325
vn -0.149447 0.000000 0.988770
vn 0.149447 0.000000 0.988770
vn 0.437285 0.000000 0.899323
vn 0.690375 0.000000 0.723452
vn 0.882133 0.000000 0.471000
vn 0.986506 0.000000 0.163726
vn 0.986506 0.000000 -0.163726
vn 0.946583 -0.011481 -0.322255
vn 0.795630 -0.011332 -0.605676
vn 0.795630 0.011334 -0.605677
vn 0.946583 0.011486 -0.322255
vn 0.569786 -0.011156 -0.821717
vn 0.569786 0.011158 -0.821717
vn 0.296165 -0.011021 -0.955073
vn 0.296165 0.011024 -0.955073
vn -0.000001 -0.010972 -0.999940
vn -0.000000 0.010973 -0.999940
vn -0.296166 -0.011023 -0.955073
vn -0.296166 0.011020 -0.955073
vn -0.569786 -0.011158 -0.821717
vn -0.569786 0.011156 -0.821718
vn -0.795630 -0.011335 -0.605676
vn -0.795631 0.011332 -0.605676
vn -0.946583 -0.011485 -0.322256
vn -0.946583 0.011481 -0.322256
vn -0.999933 -0.011542 -0.000001
vn -0.999933 0.011541 -0.000002
vn -0.946583 -0.011480 0.322256
vn -0.946583 0.011485 0.322256
vn -0.795629 -0.011332 0.605678
vn -0.795629 0.011334 0.605678
vn -0.569786 -0.011155 0.821718
vn -0.569785 0.011157 0.821718
vn -0.296166 -0.011020 0.955073
vn -0.296165 0.011023 0.955073
vn 0.000000 -0.010973 0.999940
vn -0.000000 0.010973 0.999940
vn 0.296166 -0.011024 0.955073
vn 0.296165 0.011021 0.955073
vn 0.569785 -0.011158 0.821718
vn 0.569784 0.011157 0.821719
vn 0.795630 -0.011335 0.605677
vn 0.795630 0.011332 0.605677
vn 0.946583 -0.011486 0.322255
vn 0.946583 0.011482 0.322255
vn 0.999933 -0.011544 0.000001
vn 0.999933 0.011544 0.000002
vn 0.382777 -0.876952 -0.290582
vn 0.451095 -0.879239 -0.153142
vn 0.456700 -0.875888 -0.155706
vn 0.387555 -0.873225 -0.295430
vn 0.277289 -0.874135 -0.398745
vn 0.280697 -0.870007 -0.405336
vn 0.145432 -0.871892 -0.467605
vn 0.147190 -0.867458 -0.475239
vn -0.000004 -0.871040 -0.491213
vn -0.000003 -0.866487 -0.499199
vn -0.145427 -0.871893 -0.467604
vn -0.147203 -0.867440 -0.475267
vn -0.277284 -0.874135 -0.398750
vn -0.280704 -0.869998 -0.405351
vn -0.382819 -0.876924 -0.290610
vn -0.387570 -0.873213 -0.295445
vn -0.451178 -0.879191 -0.153172
vn -0.456747 -0.875862 -0.155720
vn -0.474824 -0.880081 -0.000005
vn -0.480663 -0.876906 0.000004
vn -0.451103 -0.879234 0.153148
vn -0.456702 -0.875888 0.155704
vn -0.382782 -0.876946 0.290592
vn -0.387555 -0.873225 0.295430
vn -0.277291 -0.874130 0.398756
vn -0.280698 -0.870007 0.405335
vn -0.145432 -0.871893 0.467603
vn -0.147193 -0.867463 0.475228
vn 0.000004 -0.871044 0.491205
vn 0.000003 -0.866487 0.499200
vn 0.145428 -0.871893 0.467604
vn 0.147203 -0.867437 0.475273
vn 0.277285 -0.874135 0.398749
vn 0.280705 -0.869999 0.405347
vn 0.382819 -0.876925 0.290607
vn 0.387572 -0.873212 0.295447
vn 0.451175 -0.879192 0.153175
vn 0.456752 -0.875858 0.155724
vn 0.474819 -0.880084 0.000009
vn 0.480666 -0.876904 -0.000004
vn 0.794801 -0.543427 -0.270145
vn 0.670816 -0.538553 -0.509869
vn 0.482758 -0.532657 -0.695141
vn 0.251877 -0.528022 -0.811018
vn -0.000026 -0.526314 -0.850291
vn -0.251874 -0.528024 -0.811018
vn -0.482737 -0.532660 -0.695154
vn -0.670803 -0.538592 -0.509845
vn -0.794765 -0.543484 -0.270137
vn -0.838213 -0.545343 -0.000014
vn -0.794810 -0.543409 0.270156
vn -0.670821 -0.538537 0.509879
vn -0.482765 -0.532644 0.695146
vn -0.251878 -0.528016 0.811022
vn 0.000026 -0.526320 0.850286
vn 0.251872 -0.528023 0.811019
vn 0.482737 -0.532653 0.695159
vn 0.670800 -0.538598 0.509843
vn 0.794746 -0.543515 0.270129
vn 0.838189 -0.545380 0.000016
vn 0.794767 0.543462 -0.270175
vn 0.838144 0.545449 -0.000028
vn 0.511261 0.841754 -0.173384
vn 0.538122 0.842867 -0.000010
vn 0.670864 0.538467 -0.509897
vn 0.433712 0.838883 -0.328892
vn 0.482768 0.532594 -0.695182
vn 0.314058 0.835362 -0.451151
vn 0.251868 0.528030 -0.811016
vn 0.164668 0.832560 -0.528894
vn 0.000027 0.526313 -0.850291
vn 0.000004 0.831501 -0.555524
vn -0.251872 0.528001 -0.811034
vn -0.164665 0.832556 -0.528901
vn -0.482796 0.532585 -0.695170
vn -0.314059 0.835362 -0.451151
vn -0.670858 0.538446 -0.509928
vn -0.433688 0.838897 -0.328887
vn -0.794787 0.543429 -0.270183
vn -0.511218 0.841782 -0.173375
vn -0.838156 0.545430 0.000031
vn -0.538122 0.842867 0.000011
vn -0.794773 0.543451 0.270181
vn -0.511262 0.841753 0.173385
vn -0.670862 0.538460 0.509907
vn -0.433712 0.838884 0.328888
vn -0.482776 0.532587 0.695182
vn -0.314057 0.835364 0.451148
vn -0.251875 0.528019 0.811021
vn -0.164665 0.832555 0.528902
vn -0.000027 0.526315 0.850290
vn -0.000003 0.831500 0.555525
vn 0.251868 0.528012 0.811027
vn 0.164668 0.832561 0.528892
vn 0.482798 0.532582 0.695171
vn 0.314061 0.835363 0.451148
vn 0.670853 0.538452 0.509927
vn 0.433690 0.838897 0.328884
vn 0.794778 0.543445 0.270178
vn 0.511218 0.841783 0.173370
vn 0.626079 -0.749662 -0.214553
vn 0.528839 -0.745741 -0.405216
vn 0.380932 -0.741030 -0.552960
vn 0.198909 -0.737350 -0.645562
vn -0.000002 -0.735974 -0.677010
vn -0.198916 -0.737335 -0.645577
vn -0.380937 -0.741035 -0.552950
vn -0.528764 -0.745809 -0.405188
vn -0.625950 -0.749783 -0.214504
vn -0.660011 -0.751256 0.000030
vn -0.626065 -0.749677 0.214539
vn -0.528827 -0.745760 0.405197
vn -0.380926 -0.741054 0.552932
vn -0.198901 -0.737367 0.645545
vn 0.000002 -0.735973 0.677011
vn 0.198917 -0.737325 0.645588
vn 0.380942 -0.741024 0.552962
vn 0.528774 -0.745799 0.405194
vn 0.625959 -0.749774 0.214509
vn 0.660019 -0.751249 -0.000032
vn 0.003410 0.999994 -0.001173
vn 0.002868 0.999993 -0.002207
vn 0.000000 1.000000 0.000000
vn 0.002057 0.999993 -0.002999
vn 0.001071 0.999993 -0.003496
vn -0.000000 0.999993 -0.003667
vn -0.001071 0.999993 -0.003496
vn -0.002057 0.999993 -0.002999
vn -0.002868 0.999993 -0.002207
vn -0.003410 0.999993 -0.001173
vn -0.003603 0.999994 -0.000000
vn -0.003410 0.999994 0.001173
vn -0.002868 0.999993 0.002207
vn -0.002057 0.999993 0.003000
vn -0.001071 0.999993 0.003495
vn 0.000000 0.999993 0.003665
vn 0.001071 0.999993 0.003494
vn 0.002057 0.999993 0.002997
vn 0.002868 0.999993 0.002208
vn 0.003410 0.999994 0.001175
vn 0.003603 0.999994 0.000000
vn 0.380303 0.877874 -0.291045
vn 0.448811 0.880325 -0.153613
vn 0.274991 0.874902 -0.398657
vn 0.144016 0.872552 -0.466811
vn 0.000003 0.871691 -0.490055
vn -0.143997 0.872589 -0.466747
vn -0.274957 0.874933 -0.398611
vn -0.380255 0.877906 -0.291012
vn -0.448755 0.880356 -0.153596
vn -0.472583 0.881286 0.000002
vn -0.448817 0.880321 0.153617
vn -0.380308 0.877871 0.291048
vn -0.274990 0.874898 0.398665
vn -0.144015 0.872552 0.466811
vn -0.000003 0.871690 0.490057
vn 0.143996 0.872585 0.466755
vn 0.274956 0.874934 0.398611
vn 0.380254 0.877905 0.291013
vn 0.448755 0.880357 0.153594
vn 0.472580 0.881288 -0.000003
vn 0.242738 0.966544 -0.082891
vn 0.206114 0.965784 -0.157413
vn 0.149443 0.964841 -0.216215
vn 0.078432 0.964068 -0.253814
vn -0.000002 0.963784 -0.266682
vn -0.078381 0.964129 -0.253596
vn -0.149278 0.964921 -0.215971
vn -0.205883 0.965860 -0.157249
vn -0.242575 0.966590 -0.082833
vn -0.255390 0.966838 -0.000005
vn -0.242746 0.966541 0.082902
vn -0.206118 0.965780 0.157433
vn -0.149447 0.964839 0.216220
vn -0.078435 0.964079 0.253770
vn 0.000002 0.963800 0.266626
vn 0.078383 0.964131 0.253588
vn 0.149275 0.964921 0.215972
vn 0.205879 0.965860 0.157249
vn 0.242572 0.966590 0.082839
vn 0.255384 0.966840 0.000000
vn -0.258817 -0.965926 0.000000
vn -0.004628 -0.999989 0.000000
vn -0.004402 -0.998696 0.050855
vn -0.254905 -0.966243 0.037383
vn -0.866026 -0.499998 0.000000
vn -0.707111 -0.707102 0.000000
vn -0.706568 -0.706566 0.039052
vn -0.865680 -0.499030 0.039586
vn -0.258818 -0.965926 0.000000
vn -0.005086 -0.999987 0.000000
vn 0.000000 -1.000000 -0.000000
vn 0.000001 -0.998695 0.051071
vn -0.999977 -0.006827 0.000000
vn -0.998704 -0.006511 0.050486
vn -0.866029 -0.499994 0.000000
vn -0.707111 -0.707103 0.000000
vn -0.499451 -0.707846 0.499503
vn -0.809093 -0.415565 0.415540
vn -0.005121 -0.999987 0.000000
vn 0.000000 -1.000000 -0.000000
vn 0.003167 -0.999995 -0.000001
vn 0.003015 -0.998698 0.050934
vn 0.000007 -0.965913 0.258866
vn -0.003269 -0.966008 0.258492
vn -0.998731 -0.000014 0.050351
vn -1.000000 -0.000000 0.000000
vn -0.999977 -0.006825 0.000000
vn -0.866031 -0.499990 0.000000
vn -0.258819 -0.965926 0.000000
vn -0.005901 -0.999983 0.000000
vn 0.003167 -0.999995 -0.000000
vn 0.259287 -0.965800 -0.000013
vn 0.255374 -0.966118 0.037411
vn 0.002246 -0.965961 0.258677
vn -0.003445 -0.707102 0.707104
vn 0.000022 -0.706916 0.707297
vn 0.000032 -0.499585 0.866265
vn -0.003475 -0.499934 0.866057
vn -0.415505 -0.415570 0.809109
vn -1.000000 -0.000000 0.000000
vn -0.866771 -0.005270 0.498679
vn -0.868180 -0.000119 0.496249
vn -0.998709 -0.000014 0.050803
vn -0.999977 -0.006824 0.000000
vn -0.866023 -0.500003 0.000000
vn -0.707111 -0.707102 0.000000
vn -0.500995 -0.005301 0.865434
vn 0.000000 -1.000000 -0.000000
vn 0.003168 -0.999995 -0.000000
vn -0.030990 -0.999520 0.000000
vn -0.031115 -0.999516 0.000000
vn -0.003891 -0.999992 0.000000
vn 0.000000 -1.000000 0.000000
vn -0.003766 -0.999993 0.000000
vn -0.258818 -0.965926 0.000000
vn -0.005092 -0.999987 -0.000001
vn 0.259218 -0.965819 -0.000013
vn 0.708467 -0.705743 -0.000016
vn 0.708468 -0.705743 -0.000016
vn 0.707978 -0.705154 0.039045
vn 0.707975 -0.705151 0.039148
vn 0.002399 -0.706777 0.707432
vn 0.002431 -0.499773 0.866153
vn -0.004577 -0.006796 0.999966
vn 0.001312 -0.002975 0.999995
vn -1.000000 -0.000000 0.000000
vn -1.000000 -0.000001 0.000000
vn -0.503556 -0.000141 0.863963
vn -0.866361 -0.000120 0.499419
vn -0.998754 -0.000013 0.049913
vn -1.000000 0.000000 0.000000
vn -0.999977 -0.006827 0.000000
vn -0.866026 -0.499999 0.000000
vn -0.707111 -0.707103 0.000000
vn 0.259216 -0.965820 -0.000013
vn 0.003167 -0.999995 -0.000000
vn -0.258818 -0.965926 0.000000
vn -0.004643 -0.999989 -0.000001
vn 0.708366 -0.705845 -0.000015
vn 0.708366 -0.705845 -0.000015
vn 0.967039 -0.254629 -0.000005
vn 0.990095 -0.140396 -0.000003
vn 0.989709 -0.136033 0.044392
vn 0.967364 -0.250600 0.037498
vn 0.500772 -0.706315 0.500346
vn 0.709380 -0.496681 0.500088
vn 0.416268 -0.412705 0.810182
vn 0.001815 -0.001727 0.999997
vn -0.004650 -0.000002 0.999989
vn 0.001519 0.001445 0.999998
vn -1.000000 -0.000001 0.000000
vn -1.000000 0.000000 0.000000
vn -1.000000 0.000000 0.000000
vn -0.500329 -0.000141 0.865835
vn -0.869373 -0.000118 0.494156
vn -0.998711 -0.000014 0.050756
vn -1.000000 -0.000000 0.000001
vn -0.999977 -0.006825 0.000000
vn -0.866031 -0.499991 0.000000
vn -0.707111 -0.707103 0.000000
vn 0.708362 -0.705849 -0.000016
vn 0.708362 -0.705849 -0.000016
vn 0.259150 -0.965837 -0.000014
vn 0.000000 -1.000000 0.000000
vn 0.003167 -0.999995 0.000000
vn -0.258817 -0.965926 0.000000
vn -0.004627 -0.999989 0.000000
vn 0.967022 -0.254693 -0.000004
vn 0.996140 -0.087782 -0.000001
vn 0.999983 0.005741 -0.000000
vn 0.998681 0.005878 0.051006
vn -0.004552 -0.000002 0.999990
vn 0.001686 0.001605 0.999997
vn 0.000000 -0.000253 -1.000000
vn 0.000000 1.000000 0.000475
vn -1.000000 0.000000 0.000000
vn -1.000000 -0.000001 0.000000
vn -0.505466 -0.000142 0.862847
vn -0.866400 -0.000120 0.499351
vn -0.998746 -0.000014 0.050074
vn -1.000000 -0.000000 0.000001
vn -0.999977 -0.006823 0.000000
vn -0.866035 -0.499983 0.000000
vn -0.707112 -0.707102 0.000000
vn 0.967021 -0.254696 -0.000004
vn 0.998666 -0.051638 -0.000001
vn 0.708269 -0.705943 -0.000016
vn 0.708269 -0.705943 -0.000016
vn 0.259124 -0.965844 -0.000013
vn 0.000000 -1.000000 -0.000000
vn 0.003168 -0.999995 0.000000
vn 0.000000 -1.000000 -0.000001
vn -0.243201 -0.960774 -0.133292
vn -0.003852 -0.986340 -0.164675
vn 0.999984 0.005733 0.000000
vn 0.999983 0.005735 0.000000
vn 0.998674 0.005874 0.051136
vn 0.965902 0.006277 0.258831
vn 0.963100 -0.109926 0.245671
vn 0.702598 -0.112767 0.702595
vn 0.494895 -0.116178 0.861151
vn 0.001797 0.001689 0.999997
vn 0.499855 0.005723 0.866090
vn 0.002691 0.001700 0.999995
vn 0.499345 0.005726 0.866384
vn 0.002703 0.001700 0.999995
vn 0.501667 0.005778 0.865042
vn 0.002367 0.001696 0.999996
vn 0.494501 0.005821 0.869158
vn 0.002414 0.001696 0.999996
vn 0.501398 0.005777 0.865197
vn 0.001919 0.003052 0.999993
vn 0.492169 0.000076 0.870500
vn -0.003625 0.218177 0.975902
vn 0.001737 0.002529 0.999995
vn 0.001773 0.002474 0.999995
vn -0.001135 0.221096 0.975251
vn -0.003589 0.074984 0.997178
vn -0.004644 -0.000002 0.999989
vn 0.001700 0.001618 0.999997
vn -0.004557 -0.000002 0.999990
vn 0.001656 0.001576 0.999997
vn -0.004591 -0.000002 0.999989
vn 0.001654 0.001575 0.999997
vn -0.004533 -0.000002 0.999990
vn 0.001695 0.001613 0.999997
vn -0.004637 -0.000002 0.999989
vn 0.001687 0.001605 0.999997
vn -1.000000 -0.000001 0.000000
vn 0.000000 -0.000253 -1.000000
vn -1.000000 -0.000008 0.000000
vn -1.000000 -0.000001 0.000000
vn -1.000000 0.000003 0.000000
vn -1.000000 0.000006 0.000001
vn 0.000000 1.000000 0.000476
vn 0.000000 1.000000 0.000476
vn -1.000000 -0.000000 0.000000
vn -1.000000 -0.000000 0.000000
vn -0.500337 -0.000141 0.865831
vn -0.868674 -0.000119 0.495384
vn -0.998739 -0.000014 0.050209
vn -1.000000 0.000000 0.000000
vn -0.999977 -0.006822 0.000000
vn -0.858709 -0.493101 -0.139535
vn -0.700540 -0.700551 -0.135913
vn 0.967002 -0.254770 -0.000005
vn 0.999766 -0.021640 -0.000000
vn 0.708225 -0.705987 -0.000015
vn 0.708225 -0.705987 -0.000015
vn 0.259094 -0.965852 -0.000013
vn 0.003168 -0.999995 -0.000001
vn 0.000007 -0.986277 -0.165096
vn 0.000000 1.000000 -0.000014
vn 0.000000 -0.001971 -0.999998
vn 0.000000 -0.001971 -0.999998
vn 0.998712 0.005918 0.050389
vn 0.999983 0.005780 0.000000
vn 0.965719 0.006281 0.259513
vn 0.707061 0.006284 0.707125
vn 0.705967 0.006291 0.708216
vn 0.705947 0.006341 0.708236
vn 0.862290 0.006635 0.506371
vn 0.866938 0.006558 0.498373
vn 0.865680 0.000147 0.500597
vn -0.008958 0.508543 0.860990
vn -0.006953 0.506116 0.862437
vn -0.489280 0.015186 0.871994
vn -0.508815 -0.000142 0.860876
vn -0.503194 -0.000142 0.864174
vn -0.504203 -0.000142 0.863585
vn -1.000000 -0.000000 0.000000
vn 0.000000 -0.000253 -1.000000
vn -1.000000 0.000007 0.000000
vn -1.000000 0.000007 0.000000
vn 0.000000 1.000000 0.000476
vn 0.000000 1.000000 0.000476
vn -1.000000 -0.000000 0.000000
vn -1.000000 0.000000 0.000000
vn -0.868111 -0.000120 0.496370
vn -0.998788 -0.000014 0.049220
vn -1.000000 -0.000000 0.000000
vn -0.986399 -0.005811 -0.164267
vn -0.809098 -0.415593 -0.415505
vn -0.499496 -0.707850 -0.499452
vn 0.998335 0.005911 -0.057384
vn 0.999983 0.005735 0.000001
vn 0.999984 0.005733 0.000000
vn 0.999907 0.005772 -0.012356
vn 0.000000 1.000000 -0.000010
vn 0.966995 -0.254797 -0.000004
vn 0.998798 -0.049007 -0.000001
vn 0.966986 -0.254829 -0.000004
vn 0.999100 -0.042423 -0.000001
vn 0.867262 -0.497851 -0.000010
vn 0.999894 -0.014567 -0.000000
vn 0.860071 -0.490660 -0.139754
vn 0.999805 -0.009289 -0.017443
vn 0.866055 0.006615 -0.499905
vn 0.861230 -0.115603 -0.494893
vn 0.708178 -0.706034 -0.000015
vn 0.708178 -0.706034 -0.000015
vn 0.259063 -0.965861 -0.000014
vn 0.002645 -0.986320 -0.164819
vn -0.003269 -0.966008 -0.258492
vn 0.000010 -0.965934 -0.258789
vn 0.999983 0.005739 -0.000001
vn 0.999983 0.005735 -0.000002
vn 0.999983 0.005758 -0.000000
vn 0.999983 0.005746 0.000000
vn 0.000000 -0.001970 -0.999998
vn 0.000000 -0.001970 -0.999998
vn 0.998651 0.005989 0.051583
vn 0.999983 0.005846 0.000000
vn 0.965716 0.006328 0.259525
vn 0.998728 0.005915 0.050067
vn 0.998507 0.034489 0.042349
vn -0.013268 0.703809 0.710266
vn -0.009687 0.669352 0.742882
vn -0.868234 0.014228 0.495952
vn -0.871399 -0.000119 0.490574
vn -1.000000 0.000000 0.000000
vn 0.000000 -0.000253 -1.000000
vn -1.000000 0.000001 0.000000
vn -1.000000 0.000001 0.000000
vn 0.000000 0.000262 1.000000
vn 0.000000 -1.000000 -0.000484
vn 0.000000 -1.000000 -0.000484
vn -1.000000 0.000007 -0.000000
vn -1.000000 0.000007 -0.000000
vn 0.000000 1.000000 0.000476
vn -0.986226 -0.000103 -0.165406
vn -1.000000 0.000001 0.000000
vn -0.996435 0.076450 0.035684
vn -0.996888 0.078828 0.000062
vn 0.866563 0.006621 -0.499023
vn 0.999983 0.005780 0.000001
vn 0.998377 0.005955 -0.056635
vn 0.000000 -0.002588 0.999997
vn 0.708137 -0.706075 -0.000014
vn 0.701650 -0.699409 -0.136064
vn 0.707108 0.006408 -0.707077
vn 0.494898 -0.116366 -0.861124
vn 0.243321 -0.960731 -0.133382
vn 0.002253 -0.965997 -0.258544
vn -0.003446 -0.707102 -0.707103
vn -0.003476 -0.499937 -0.866055
vn 0.000035 -0.499703 -0.866197
vn 0.000025 -0.707029 -0.707185
vn -0.415537 -0.415589 -0.809082
vn 0.999970 0.007703 -0.000002
vn 0.999983 0.005779 -0.000002
vn 0.000000 -0.003421 -0.999994
vn 0.000000 -0.003421 -0.999994
vn 0.999983 0.005778 0.000000
vn 0.858130 0.081015 0.507000
vn 0.960220 0.275374 0.046333
vn 0.999418 0.034125 0.000006
vn -0.015433 0.711752 0.702261
vn -0.007788 0.665556 0.746308
vn -1.000000 0.000001 0.000000
vn 0.000000 -0.000253 -1.000000
vn -1.000000 0.000001 -0.000000
vn -1.000000 0.000001 -0.000000
vn -1.000000 0.000004 -0.000000
vn -1.000000 0.000004 -0.000000
vn 0.000000 1.000000 0.000624
vn 0.000000 1.000000 0.000624
vn 0.000000 -1.000000 -0.000484
vn -1.000000 0.000002 0.000000
vn -1.000000 0.000006 0.000000
vn 0.000000 1.000000 0.000478
vn -0.867473 -0.000213 -0.497485
vn -0.865649 -0.005378 -0.500622
vn -0.996471 0.083936 0.000066
vn -0.947190 0.317476 0.045164
vn -0.961660 0.274245 0.000108
vn -0.498924 -0.005357 -0.866629
vn 0.708092 0.006413 -0.706091
vn 0.867980 0.006672 -0.496554
vn 0.999983 0.005846 0.000001
vn 0.998318 0.006028 -0.057667
vn 0.000000 -0.002587 0.999997
vn 0.999983 0.005779 -0.000002
vn 0.999970 0.007690 -0.000002
vn 0.999983 0.005740 -0.000001
vn 0.999983 0.005739 -0.000001
vn 0.000000 -1.000000 0.000013
vn 0.000000 -1.000000 0.000013
vn 0.500378 -0.706806 -0.500047
vn 0.810389 -0.412583 -0.415986
vn 0.001797 0.001689 -0.999997
vn 0.258890 0.004808 -0.965895
vn 0.001816 -0.001727 -0.999997
vn 0.416073 -0.413216 -0.810022
vn 0.002434 -0.499870 -0.866097
vn 0.002401 -0.706968 -0.707241
vn -0.004556 -0.006797 -0.999967
vn 0.001312 -0.002976 -0.999995
vn 0.000000 0.001915 0.999998
vn 0.000000 0.001915 0.999998
vn 0.999967 0.008179 -0.000003
vn 0.999983 0.005847 -0.000005
vn 0.000000 -0.001985 -0.999998
vn 0.972394 0.233344 0.000014
vn 0.999272 0.038143 0.000008
vn 0.999983 0.005773 -0.000000
vn -0.197779 0.979458 -0.039317
vn -0.078765 0.996893 -0.000001
vn -0.167545 0.985864 -0.000000
vn -0.058211 0.998156 -0.017202
vn -0.001726 0.704734 0.709469
vn -0.000001 0.711926 0.702254
vn -0.858643 0.126584 0.496697
vn -0.996609 0.082282 0.000065
vn 0.000000 -0.000253 -1.000000
vn -1.000000 -0.000000 -0.000000
vn -1.000000 -0.000000 -0.000000
vn 0.000000 0.000262 1.000000
vn 0.000000 0.000262 1.000000
vn 0.000000 0.000262 1.000000
vn 0.000000 0.000262 1.000000
vn 0.000000 -1.000000 -0.000633
vn 0.000000 -1.000000 -0.000633
vn 0.000000 -1.000000 -0.000633
vn -1.000000 0.000010 -0.000000
vn -1.000000 0.000010 -0.000000
vn 0.000000 1.000000 0.000624
vn 0.000000 -1.000000 -0.000484
vn 0.000000 0.000662 1.000000
vn -0.965694 -0.000161 -0.259683
vn -0.863181 -0.000215 -0.504895
vn -0.502262 -0.000197 -0.864715
vn -0.944536 0.328408 0.000116
vn -0.849774 0.516915 0.103362
vn -0.860661 0.509179 0.000135
vn 0.002697 0.001700 -0.999995
vn 0.260030 0.004813 -0.965588
vn 0.503065 0.005863 -0.864229
vn 0.866191 0.006750 -0.499667
vn 0.999983 0.005779 0.000001
vn 0.998398 0.005953 -0.056267
vn 0.000000 -0.004496 0.999990
vn 0.000000 -0.004496 0.999990
vn 0.999983 0.005847 -0.000005
vn 0.999967 0.008167 -0.000003
vn 0.000000 0.002531 -0.999997
vn 0.000000 0.002531 -0.999997
vn -0.004642 -0.000002 -0.999989
vn 0.001519 0.001445 -0.999998
vn 0.000000 1.000000 -0.000598
vn 0.999983 0.005779 -0.000005
vn 0.000000 -1.000000 0.000995
vn 0.881470 0.460019 0.106740
vn 0.888748 0.458396 0.000006
vn 0.958520 0.285026 0.000012
vn -0.013923 0.960165 -0.279085
vn -0.038698 0.988000 -0.149530
vn -0.953420 0.301645 0.000112
vn 0.000000 -0.000252 -1.000000
vn -1.000000 0.000001 0.000000
vn -1.000000 0.000003 0.000001
vn 0.000000 0.000262 1.000000
vn 0.000000 -1.000000 -0.000633
vn 0.000000 -1.000000 -0.000633
vn -1.000000 0.000005 0.000005
vn -1.000000 0.000004 0.000000
vn 0.000000 1.000000 0.000624
vn 0.000000 -0.000644 -1.000000
vn -1.000000 0.000000 0.000000
vn 0.000000 0.000660 1.000000
vn -0.494538 -0.000195 -0.869156
vn -0.965690 -0.000161 -0.259699
vn -0.867207 -0.000213 -0.497948
vn -0.860530 0.509399 0.000136
vn -0.364132 0.931347 -0.000153
vn -0.364133 0.931347 -0.000150
vn -0.521438 0.853289 -0.000008
vn -0.525410 0.850849 -0.000004
vn 0.002705 0.001700 -0.999995
vn 0.501504 0.005926 -0.865135
vn 0.869597 0.006671 -0.493716
vn 0.999462 0.032811 0.000008
vn 0.998346 0.032275 -0.047566
vn 0.000000 -0.002607 0.999997
vn 0.000000 -0.002607 0.999997
vn 0.999983 0.005779 -0.000005
vn 0.999983 0.005779 -0.000005
vn 0.000000 0.951386 -0.308001
vn 0.000000 0.951057 -0.309017
vn 0.000000 1.000000 0.000000
vn 0.000000 0.810229 -0.586113
vn 0.000000 0.809017 -0.587785
vn 0.000000 0.590149 -0.807295
vn 0.000000 0.587785 -0.809017
vn 0.000000 0.312435 -0.949939
vn 0.000000 0.309017 -0.951056
vn 0.000000 0.003958 -0.999992
vn 0.000000 -0.000000 -1.000000
vn 0.000000 -0.305254 -0.952271
vn 0.000000 -0.309017 -0.951056
vn 0.000000 -0.584918 -0.811092
vn 0.000000 -0.587785 -0.809017
vn 0.000000 -0.807445 -0.589943
vn 0.000000 -0.809017 -0.587785
vn 0.000000 -0.950611 -0.310385
vn 0.000000 -0.951056 -0.309017
vn 0.000000 -1.000000 0.000000
vn 0.000000 -0.950608 0.310393
vn 0.000000 -0.951056 0.309017
vn 0.000000 -0.807436 0.589955
vn 0.000000 -0.809017 0.587785
vn 0.000000 -0.584920 0.811091
vn 0.000000 -0.587785 0.809017
vn 0.000000 -0.305252 0.952271
vn 0.000000 -0.309016 0.951057
vn 0.000000 0.003961 0.999992
vn 0.000000 0.000001 1.000000
vn 0.000000 0.312426 0.949942
vn 0.000000 0.309017 0.951056
vn 0.000000 0.590143 0.807298
vn 0.000000 0.587785 0.809017
vn 0.000000 0.810223 0.586122
vn 0.000000 0.809017 0.587785
vn 0.000000 0.951384 0.308007
vn 0.000000 0.951057 0.309017
vn 0.001922 0.003052 -0.999993
vn 0.499147 -0.000768 -0.866517
vn 0.506230 0.005874 -0.862378
vn 0.002421 0.001697 -0.999996
vn 0.002380 0.001696 -0.999996
vn -0.004485 -0.000002 -0.999990
vn 0.001686 0.001605 -0.999997
vn -0.004602 -0.000002 -0.999989
vn 0.001687 0.001605 -0.999997
vn -0.004448 -0.000002 -0.999990
vn 0.001695 0.001613 -0.999997
vn -0.004525 -0.000002 -0.999990
vn 0.001654 0.001575 -0.999997
vn -0.004470 -0.000002 -0.999990
vn 0.001656 0.001576 -0.999997
vn -0.004586 -0.000002 -0.999990
vn 0.001700 0.001618 -0.999997
vn -0.003448 0.073867 -0.997262
vn 0.001737 0.002515 -0.999995
vn -0.003610 0.216586 -0.976257
vn -0.001135 0.221096 -0.975251
vn 0.001773 0.002474 -0.999995
vn 0.000000 -1.000000 0.000609
vn 0.000000 -1.000000 0.000609
vn 0.000000 0.001930 0.999998
vn 0.000000 0.001930 0.999998
vn 0.622770 0.782405 -0.000000
vn 0.618380 0.785879 -0.000000
vn 0.403500 0.914979 -0.000009
vn 0.403505 0.914977 -0.000009
vn 0.889645 0.456654 0.000005
vn 0.999267 0.038277 0.000008
vn 0.957813 0.287393 0.000012
vn 0.000000 -1.000000 0.000999
vn 0.000000 -1.000000 0.000999
vn 0.999983 0.005773 -0.000000
vn -0.011659 0.848538 -0.529005
vn -0.033912 0.807865 -0.588391
vn -0.000000 0.000001 1.000000
vn -0.309017 0.000001 0.951057
vn -0.309017 0.000000 0.951057
vn -0.587785 0.000000 0.809017
vn -0.587785 0.000000 0.809017
vn -0.809018 -0.000001 0.587784
vn -0.809017 0.000000 0.587785
vn -0.951057 -0.000001 0.309015
vn -0.951057 0.000000 0.309016
vn -1.000000 -0.000001 -0.000001
vn -1.000000 0.000000 -0.000001
vn -0.951057 -0.000000 -0.309016
vn -0.951057 0.000000 -0.309017
vn -0.809017 -0.000000 -0.587785
vn -0.809017 0.000000 -0.587785
vn -0.587785 0.000000 -0.809017
vn -0.587785 -0.000001 -0.809017
vn -0.309019 -0.000001 -0.951056
vn -0.309017 0.000000 -0.951056
vn -0.000000 -0.000002 -1.000000
vn -0.000000 0.000000 -1.000000
vn 0.309017 -0.000001 -0.951056
vn 0.309017 0.000000 -0.951056
vn 0.587785 -0.000001 -0.809017
vn 0.587785 0.000000 -0.809017
vn 0.809017 -0.000001 -0.587785
vn 0.809017 0.000000 -0.587785
vn 0.951056 -0.000001 -0.309017
vn 0.951056 0.000000 -0.309017
vn 1.000000 -0.000001 0.000000
vn 0.951056 -0.000001 0.309018
vn 0.951056 0.000000 0.309017
vn 0.809017 -0.000001 0.587785
vn 0.809017 0.000000 0.587785
vn 0.587786 -0.000000 0.809016
vn 0.587785 0.000000 0.809017
vn 0.309017 0.000001 0.951057
vn 0.309017 0.000000 0.951057
vn 0.998568 0.000000 0.053505
vn 0.965926 0.000000 0.258820
vn 0.965926 0.000000 0.258820
vn 0.991445 0.000000 0.130527
vn 0.707108 0.000000 0.707106
vn 0.500000 0.000000 0.866025
vn 0.500001 0.000000 0.866025
vn 0.707108 0.000000 0.707106
vn 0.005055 0.000000 0.999987
vn 0.130526 0.000000 0.991445
vn -0.005055 0.000000 0.999987
vn -0.130527 0.000000 0.991445
vn -0.258820 0.000000 0.965925
vn -0.258821 0.000000 0.965925
vn -0.707110 0.000000 0.707103
vn -0.866027 0.000000 0.499998
vn -0.866026 0.000000 0.499999
vn -0.707110 0.000000 0.707104
vn -0.998568 0.000000 0.053505
vn -0.991445 0.000000 0.130527
vn -0.998568 0.000000 -0.053505
vn -0.991445 0.000000 -0.130527
vn -0.866026 0.000000 -0.499999
vn -0.707110 0.000000 -0.707103
vn -0.707110 0.000000 -0.707104
vn -0.005055 0.000000 -0.999987
vn -0.130526 0.000000 -0.991445
vn -0.258820 0.000000 -0.965926
vn -0.258819 0.000000 -0.965926
vn 0.005055 0.000000 -0.999987
vn 0.130526 0.000000 -0.991445
vn 0.500000 0.000000 -0.866025
vn 0.500000 0.000000 -0.866025
vn 0.707108 0.000000 -0.707106
vn 0.707108 0.000000 -0.707106
vn 0.998568 0.000000 -0.053505
vn 0.991445 0.000000 -0.130527
vn 0.965926 0.000000 -0.258820
vn 0.965926 0.000000 -0.258820
vn -0.003176 0.697191 -0.716879
vn -0.000040 0.767734 -0.640769
vn -0.013680 0.785486 -0.618728
vn -0.013249 0.690857 -0.722870
vn -0.364159 0.931337 -0.000155
vn -0.364159 0.931337 -0.000149
vn -0.527226 0.849725 -0.000003
vn -0.528737 0.848786 -0.000001
vn -0.364152 0.931339 -0.000149
vn -0.522225 0.852808 -0.000007
vn -0.364147 0.931341 -0.000149
vn -0.520285 0.853993 -0.000009
vn -0.364144 0.931343 -0.000149
vn -0.525564 0.850754 -0.000004
vn -0.364136 0.931346 -0.000149
vn -0.519813 0.854280 -0.000010
vn -0.364136 0.931346 -0.000150
vn -0.521199 0.853435 -0.000008
vn -0.000144 0.924065 -0.382236
vn -0.000144 0.924065 -0.382236
vn -0.000144 0.924065 -0.382236
vn -0.000144 0.924065 -0.382236
vn -0.860524 0.509410 0.000136
vn -0.954066 0.299597 0.000112
vn -0.993856 0.110678 0.000087
vn 0.000000 -1.000000 -0.000960
vn -1.000000 0.000014 0.000000
vn -1.000000 0.000007 0.000002
vn 0.000000 0.000262 1.000000
vn -1.000000 -0.000000 -0.000000
vn -1.000000 0.000000 0.000000
vn -1.000000 -0.000001 0.000000
vn -1.000000 -0.000000 0.000000
vn 0.000000 -1.000000 -0.000633
vn -1.000000 0.000001 0.000007
vn 0.000000 0.000660 1.000000
vn -0.501449 -0.000197 -0.865187
vn -0.965633 -0.000161 -0.259910
vn -0.862358 -0.000215 -0.506299
vn 0.869598 -0.001061 -0.493759
vn 0.973726 0.227723 0.000015
vn 0.961988 0.268020 -0.052393
vn 0.000000 -1.000000 0.000997
vn 0.000000 0.002551 -0.999997
vn 0.000000 0.002551 -0.999997
vn 1.000000 -0.000024 0.000000
vn 1.000000 -0.000024 0.000000
vn 1.000000 -0.000018 0.000000
vn 1.000000 -0.000018 0.000000
vn 1.000000 -0.000018 0.000000
vn 1.000000 -0.000012 0.000000
vn 1.000000 -0.000012 0.000000
vn 1.000000 0.000012 0.000000
vn 1.000000 0.000012 0.000000
vn 1.000000 0.000001 0.000000
vn 1.000000 0.000001 0.000000
vn 1.000000 0.000001 0.000000
vn 1.000000 -0.000047 0.000000
vn 1.000000 -0.000047 0.000000
vn 1.000000 -0.000047 0.000000
vn 1.000000 0.000012 0.000000
vn 1.000000 0.000012 0.000000
vn 1.000000 0.000012 0.000000
vn 1.000000 0.000032 0.000000
vn 1.000000 0.000032 0.000000
vn 1.000000 0.000001 0.000000
vn 1.000000 0.000001 0.000000
vn -0.493005 -0.000195 -0.870027
vn -0.497784 -0.000196 -0.867301
vn -0.495065 -0.000195 -0.868856
vn -0.502252 -0.000197 -0.864722
vn -0.480027 0.013064 -0.877156
vn -0.008971 0.507023 -0.861886
vn -0.006953 0.506115 -0.862438
vn 0.608124 0.793842 -0.000001
vn 0.403808 0.914844 -0.000009
vn 0.889671 0.456602 0.000005
vn 0.000000 0.626474 0.779442
vn 0.000000 0.626474 0.779442
vn 0.000000 0.999999 -0.001690
vn 0.000000 0.999999 -0.001690
vn 0.000000 0.536403 -0.843962
vn 0.999982 0.005954 0.000021
vn 0.999982 0.005954 0.000021
vn 0.999982 0.005954 0.000021
vn 0.999982 0.005954 0.000021
vn 0.000000 0.925184 -0.379519
vn -0.010228 0.753251 -0.657654
vn 0.000000 1.000000 0.000012
vn 0.000000 1.000000 0.000012
vn 0.000000 1.000000 0.000014
vn 0.000000 1.000000 0.000014
vn 0.000000 1.000000 0.000006
vn 0.000000 1.000000 0.000006
vn 0.000000 1.000000 0.000006
vn 0.000000 1.000000 -0.000005
vn 0.000000 1.000000 -0.000005
vn 0.000000 1.000000 -0.000019
vn 0.000000 1.000000 -0.000019
vn 0.000000 1.000000 -0.000019
vn 0.000000 1.000000 -0.000019
vn 0.000000 1.000000 -0.000019
vn 0.000000 1.000000 -0.000007
vn 0.000000 1.000000 -0.000007
vn 0.000000 1.000000 -0.000006
vn 0.000000 1.000000 -0.000006
vn 0.000000 1.000000 -0.000006
vn 0.000000 1.000000 -0.000012
vn 0.000000 1.000000 0.000005
vn 0.000000 1.000000 0.000005
vn 0.000000 1.000000 0.000005
vn 0.000000 1.000000 0.000019
vn 0.000000 1.000000 0.000019
vn 0.000000 1.000000 0.000019
vn 0.608453 0.793590 -0.000001
vn 0.403813 0.914842 -0.000009
vn 0.623441 0.781871 -0.000000
vn 0.404105 0.914713 -0.000007
vn 0.619764 0.784789 -0.000000
vn 0.404109 0.914711 -0.000009
vn -0.007948 0.671230 -0.741206
vn -0.952648 0.250219 -0.172779
vn -0.945051 0.326923 0.000116
vn -0.860208 0.509943 0.000137
vn -0.800266 0.514756 -0.307571
vn -0.949708 0.313137 0.000113
vn -0.860264 0.509849 0.000135
vn -0.954319 0.298791 0.000111
vn -0.860330 0.509737 0.000135
vn -0.860390 0.509636 0.000136
vn -0.993845 0.110778 0.000087
vn 0.000000 -1.000000 -0.000968
vn 0.000000 -1.000000 -0.000968
vn -1.000000 0.000003 0.000000
vn -1.000000 0.000003 -0.000000
vn 0.000000 1.000000 0.000961
vn 0.000000 1.000000 0.000961
vn 0.000000 1.000000 0.000961
vn 0.000000 1.000000 0.000961
vn -1.000000 -0.000001 0.000000
vn -1.000000 0.000000 0.000000
vn -1.000000 0.000003 0.000000
vn -1.000000 0.000002 0.000000
vn 0.000000 0.021416 -0.999771
vn 0.000000 -0.022151 -0.999755
vn -1.000000 -0.000001 0.000000
vn -1.000000 -0.000002 0.000000
vn -1.000000 -0.000001 -0.000001
vn 0.000000 0.999764 -0.021737
vn 0.000000 0.999731 0.023209
vn -1.000000 -0.000001 -0.000000
vn -1.000000 -0.000001 -0.000001
vn -1.000000 0.000005 0.000000
vn -1.000000 0.000003 0.000000
vn 0.000000 -0.000644 -1.000000
vn 0.000000 -0.000644 -1.000000
vn 0.000000 -0.000644 -1.000000
vn 0.000000 -0.000644 -1.000000
vn -1.000000 -0.000000 0.000007
vn -1.000000 -0.000000 0.000007
vn 0.000000 0.000660 1.000000
vn 0.000000 0.000660 1.000000
vn -0.965612 -0.000161 -0.259986
vn -0.865179 -0.000214 -0.501463
vn 0.861821 0.077025 -0.501331
vn 0.890538 0.454908 0.000006
vn 0.882265 0.455233 -0.119877
vn 0.054752 -0.998500 0.000001
vn 0.054751 -0.949630 0.308553
vn 0.000000 -0.951057 0.309014
vn 0.054751 -0.807806 0.586900
vn 0.000000 -0.809021 0.587780
vn 0.054751 -0.586907 0.807801
vn 0.000000 -0.587788 0.809015
vn 0.054750 -0.308554 0.949630
vn 0.000000 -0.309014 0.951058
vn 0.054750 0.000001 0.998500
vn 0.054750 0.308555 0.949630
vn 0.000000 0.309019 0.951056
vn 0.054750 0.586907 0.807801
vn 0.000000 0.587784 0.809018
vn 0.054750 0.807806 0.586900
vn 0.000000 0.809017 0.587785
vn 0.054750 0.949630 0.308553
vn 0.000000 0.951057 0.309015
vn 0.054749 0.998500 0.000001
vn 0.000000 0.951057 -0.309015
vn 0.054750 0.949630 -0.308554
vn 0.000000 0.809021 -0.587779
vn 0.054751 0.807806 -0.586900
vn 0.000000 0.587788 -0.809015
vn 0.054750 0.586906 -0.807801
vn 0.000000 0.309013 -0.951058
vn 0.054748 0.308553 -0.949630
vn 0.054748 -0.000000 -0.998500
vn 0.000000 -0.309014 -0.951058
vn 0.054748 -0.308554 -0.949630
vn 0.000000 -0.587788 -0.809015
vn 0.054750 -0.586908 -0.807801
vn 0.000000 -0.809021 -0.587780
vn 0.054751 -0.807806 -0.586900
vn 0.000000 -0.951057 -0.309014
vn 0.054751 -0.949630 -0.308554
vn -0.863659 -0.000215 -0.504077
vn -0.867921 -0.000213 -0.496701
vn -0.863163 0.012763 -0.504763
vn 0.000000 0.394766 -0.918782
vn 0.000000 0.558779 -0.829316
vn 0.256273 0.558778 -0.788728
vn 0.283919 0.394763 -0.873815
vn 0.487459 0.558778 -0.670933
vn 0.540044 0.394762 -0.743313
vn 0.670932 0.558778 -0.487460
vn 0.743311 0.394763 -0.540048
vn 0.788728 0.558778 -0.256272
vn 0.873815 0.394762 -0.283919
vn 0.829317 0.558778 0.000001
vn 0.918783 0.394762 0.000001
vn 0.788728 0.558778 0.256273
vn 0.873815 0.394762 0.283920
vn 0.670932 0.558778 0.487459
vn 0.743311 0.394762 0.540047
vn 0.487460 0.558777 0.670933
vn 0.540045 0.394761 0.743314
vn 0.256273 0.558777 0.788728
vn 0.283920 0.394761 0.873816
vn 0.000001 0.394763 0.918783
vn 0.000000 0.558779 0.829317
vn -0.283920 0.394761 0.873815
vn -0.256273 0.558777 0.788728
vn -0.540045 0.394760 0.743314
vn -0.487460 0.558778 0.670933
vn -0.743311 0.394762 0.540048
vn -0.670932 0.558778 0.487459
vn -0.873815 0.394763 0.283919
vn -0.788727 0.558778 0.256273
vn -0.918783 0.394763 -0.000000
vn -0.829317 0.558779 0.000000
vn -0.788727 0.558778 -0.256274
vn -0.873815 0.394763 -0.283920
vn -0.670932 0.558778 -0.487460
vn -0.743311 0.394762 -0.540048
vn -0.487460 0.558777 -0.670933
vn -0.540045 0.394760 -0.743314
vn -0.256272 0.558778 -0.788728
vn -0.283919 0.394762 -0.873815
vn -0.993819 0.111011 0.000088
vn -0.985907 0.058446 -0.156750
vn -0.993833 0.110891 0.000087
vn 0.000000 -1.000000 -0.000967
vn -1.000000 -0.000004 -0.000001
vn -1.000000 -0.000004 -0.000001
vn 0.000000 1.000000 0.000961
vn -1.000000 0.000000 0.000000
vn -1.000000 0.000001 0.000000
vn -1.000000 0.000001 0.000000
vn -1.000000 0.000002 0.000000
vn 0.000000 -0.382757 -0.923849
vn 0.000000 0.382591 -0.923918
vn -1.000000 -0.000003 0.000000
vn -1.000000 -0.000004 0.000000
vn 0.000000 0.924060 -0.382248
vn 0.000000 0.923716 0.383078
vn -1.000000 -0.000002 0.000000
vn -1.000000 -0.000002 0.000000
vn -1.000000 0.000002 0.000000
vn -1.000000 -0.000000 -0.000000
vn 0.000000 -0.000644 -1.000000
vn 0.000000 -0.000644 -1.000000
vn -1.000000 -0.000001 0.000007
vn -1.000000 -0.000001 0.000007
vn 0.000000 0.000660 1.000000
vn 0.000000 0.000660 1.000000
vn -0.965559 -0.000161 -0.260182
vn 0.378700 -0.925520 0.000001
vn 0.378699 -0.880222 0.286001
vn 0.378701 -0.748761 0.544006
vn 0.378701 -0.544008 0.748759
vn 0.378701 -0.286003 0.880220
vn 0.378701 0.000002 0.925519
vn 0.378702 0.285997 0.880222
vn 0.378699 0.544013 0.748757
vn 0.378696 0.748769 0.543999
vn 0.378702 0.880220 0.286001
vn 0.378703 0.925518 0.000001
vn 0.378700 0.880221 -0.286003
vn 0.378698 0.748763 -0.544006
vn 0.378697 0.544011 -0.748759
vn 0.378699 0.286004 -0.880221
vn 0.378699 -0.000004 -0.925520
vn 0.378696 -0.286011 -0.880220
vn 0.378696 -0.544014 -0.748758
vn 0.378699 -0.748761 -0.544007
vn 0.378700 -0.880221 -0.286003
vn -0.965540 -0.000161 -0.260253
vn 0.000000 0.643892 -0.765116
vn 0.236434 0.643892 -0.727669
vn 0.449723 0.643892 -0.618993
vn 0.618992 0.643892 -0.449724
vn 0.727669 0.643892 -0.236432
vn 0.765116 0.643892 0.000002
vn 0.727669 0.643892 0.236434
vn 0.618993 0.643893 0.449722
vn 0.449724 0.643892 0.618992
vn 0.236434 0.643892 0.727669
vn 0.000000 0.643893 0.765116
vn -0.236434 0.643892 0.727669
vn -0.449724 0.643893 0.618992
vn -0.618992 0.643893 0.449722
vn -0.727668 0.643893 0.236434
vn -0.765115 0.643893 0.000001
vn -0.727668 0.643893 -0.236435
vn -0.618992 0.643892 -0.449724
vn -0.449724 0.643892 -0.618992
vn -0.236434 0.643891 -0.727670
vn -0.854740 0.124347 -0.503942
vn 0.000000 -1.000000 -0.000962
vn -1.000000 -0.000010 0.000000
vn -1.000000 -0.000003 0.000005
vn 0.000000 1.000000 0.000960
vn -1.000000 -0.000004 0.000000
vn -1.000000 -0.000000 0.000000
vn -1.000000 -0.000000 0.000000
vn -1.000000 -0.000003 0.000000
vn 0.000000 -0.999729 -0.023289
vn 0.000000 -0.999766 0.021653
vn -1.000000 -0.000001 0.000000
vn -1.000000 -0.000000 0.000000
vn 0.000000 -0.706946 -0.707268
vn 0.000000 -0.021241 0.999774
vn 0.000000 -0.382486 0.923961
vn 0.000000 0.022324 0.999751
vn 0.000000 0.382900 0.923790
vn 0.000000 0.707038 0.707175
vn 0.000000 0.707238 -0.706975
vn 0.000000 -0.923675 -0.383176
vn 0.000000 -0.924067 0.382230
vn 0.000000 -0.707205 0.707008
vn -1.000000 0.000003 0.000000
vn -1.000000 0.000001 0.000000
vn -1.000000 0.000000 0.000000
vn -1.000000 0.000000 0.000000
vn 0.000000 -0.000644 -1.000000
vn 0.000000 -0.000644 -1.000000
vn -1.000000 -0.000000 0.000007
vn 0.000000 0.000661 1.000000
vn 0.700226 -0.713922 -0.000000
vn 0.700232 -0.678973 0.220617
vn 0.700235 -0.577559 0.419639
vn 0.700229 -0.419624 0.577577
vn 0.700227 -0.220612 0.678979
vn 0.700227 0.000002 0.713920
vn 0.700227 0.220614 0.678979
vn 0.700231 0.419621 0.577577
vn 0.700231 0.577568 0.419633
vn 0.700227 0.678979 0.220614
vn 0.700232 0.713915 -0.000000
vn 0.700226 0.678980 -0.220612
vn 0.700221 0.577583 -0.419629
vn 0.700227 0.419631 -0.577574
vn 0.700229 0.220608 -0.678978
vn 0.700229 -0.000001 -0.713918
vn 0.700228 -0.220615 -0.678977
vn 0.700227 -0.419632 -0.577574
vn 0.700224 -0.577577 -0.419632
vn 0.700222 -0.678984 -0.220612
vn 0.000000 0.000658 1.000000
vn 0.000000 0.958602 -0.284748
vn 0.000000 0.996990 -0.077535
vn 0.023959 0.996990 -0.073739
vn 0.087991 0.958603 -0.270810
vn 0.045573 0.996990 -0.062727
vn 0.167370 0.958603 -0.230365
vn 0.062726 0.996990 -0.045573
vn 0.230365 0.958603 -0.167369
vn 0.073739 0.996990 -0.023958
vn 0.270810 0.958603 -0.087990
vn 0.077534 0.996990 0.000000
vn 0.284746 0.958603 0.000001
vn 0.073739 0.996990 0.023960
vn 0.270810 0.958603 0.087992
vn 0.062726 0.996990 0.045573
vn 0.230365 0.958603 0.167370
vn 0.045573 0.996990 0.062727
vn 0.167370 0.958603 0.230365
vn 0.023959 0.996990 0.073739
vn 0.087992 0.958603 0.270811
vn 0.000000 0.958602 0.284749
vn 0.000000 0.996990 0.077535
vn -0.087992 0.958602 0.270811
vn -0.023959 0.996990 0.073738
vn -0.167369 0.958602 0.230367
vn -0.045573 0.996990 0.062725
vn -0.230365 0.958603 0.167371
vn -0.062726 0.996990 0.045573
vn -0.270810 0.958603 0.087992
vn -0.073739 0.996990 0.023959
vn -0.284746 0.958603 0.000000
vn -0.077534 0.996990 0.000001
vn -0.073739 0.996990 -0.023960
vn -0.270810 0.958603 -0.087993
vn -0.062726 0.996990 -0.045575
vn -0.230365 0.958602 -0.167374
vn -0.045573 0.996990 -0.062726
vn -0.167369 0.958602 -0.230367
vn -0.023959 0.996990 -0.073739
vn -0.087991 0.958603 -0.270810
vn -1.000000 0.000008 0.000000
vn -1.000000 0.000003 0.000000
vn -1.000000 0.000003 0.000000
vn 0.917609 -0.397484 -0.000000
vn 0.917617 -0.378009 0.122833
vn 0.917617 -0.321544 0.233643
vn 0.917608 -0.233632 0.321578
vn 0.917606 -0.122834 0.378036
vn 0.917606 0.000002 0.397491
vn 0.917605 0.122836 0.378037
vn 0.917607 0.233633 0.321579
vn 0.917612 0.321560 0.233641
vn 0.917611 0.378024 0.122832
vn 0.917612 0.397478 -0.000000
vn 0.917611 0.378024 -0.122832
vn 0.917607 0.321574 -0.233639
vn 0.917606 0.233638 -0.321577
vn 0.917605 0.122834 -0.378037
vn 0.917606 0.000003 -0.397491
vn 0.917606 -0.122833 -0.378036
vn 0.917607 -0.233635 -0.321577
vn 0.917608 -0.321570 -0.233640
vn 0.917608 -0.378032 -0.122831
vn 0.999922 -0.012520 -0.000000
vn 0.999922 -0.011906 0.003868
vn 0.999922 -0.010128 0.007358
vn 0.999922 -0.007358 0.010127
vn 0.999922 -0.003865 0.011905
vn 0.999922 0.000002 0.012518
vn 0.999922 0.003868 0.011905
vn 0.999922 0.007359 0.010127
vn 0.999922 0.010130 0.007358
vn 0.999922 0.011908 0.003868
vn 0.999922 0.012519 -0.000000
vn 0.999922 0.011904 -0.003868
vn 0.999922 0.010126 -0.007358
vn 0.999922 0.007358 -0.010127
vn 0.999922 0.003876 -0.011905
vn 0.999922 0.000000 -0.012518
vn 0.999922 -0.003876 -0.011905
vn 0.999922 -0.007358 -0.010127
vn 0.999922 -0.010126 -0.007358
vn 0.999922 -0.011905 -0.003868
vn -0.809017 0.000000 0.587785
vn -0.951057 0.000000 0.309016
vn -0.951057 -0.000000 0.309016
vn -0.809017 0.000000 0.587785
vn -0.587785 0.000000 0.809017
vn -0.587785 -0.000000 0.809017
vn -0.951057 0.000000 -0.309017
vn -1.000000 -0.000000 -0.000001
vn -1.000000 0.000000 -0.000001
vn -0.309017 0.000000 0.951056
vn -0.309017 -0.000000 0.951056
vn -0.809017 0.000000 -0.587785
vn -0.809017 0.000000 -0.587785
vn 0.309017 0.000000 0.951056
vn 0.309017 0.000000 0.951056
vn -0.587785 0.000000 -0.809017
vn -0.587785 0.000000 -0.809017
vn -0.309017 0.000000 -0.951056
vn -0.309017 0.000000 -0.951056
vn 0.809017 0.000000 0.587785
vn 0.587785 0.000000 0.809017
vn 0.587785 0.000000 0.809017
vn 0.809017 0.000000 0.587785
vn -0.000000 0.000000 -1.000000
vn -0.000000 0.000000 -1.000000
vn 0.951057 0.000000 0.309017
vn 0.951057 0.000000 0.309017
vn 0.309017 0.000000 -0.951056
vn 0.587785 0.000000 -0.809017
vn 0.587785 0.000000 -0.809017
vn 1.000000 0.000000 0.000000
vn 0.951057 0.000000 -0.309017
vn 0.951057 0.000000 -0.309017
vn 0.809017 0.000000 -0.587785
vn 0.809017 0.000000 -0.587785
vn -0.229009 -0.946095 0.229040
vn 0.229460 -0.945940 0.229228
vn 0.947190 -0.224265 0.229208
vn 0.005898 0.226035 0.974101
vn -0.229042 -0.946091 -0.229024
vn 0.465056 0.068666 0.882614
vn -0.003101 0.237016 0.971501
vn -0.002287 0.536008 0.844210
vn 0.005054 0.525612 0.850709
vn -0.460824 0.111028 0.880519
vn 0.229114 -0.946095 -0.228933
vn 0.599908 0.392301 0.697288
vn 0.003372 0.671286 0.741191
vn 0.001374 0.663451 0.748218
vn -0.574968 0.463770 0.674039
vn 0.000016 0.999952 -0.009834
vn 0.000668 0.951467 -0.307752
vn 0.005973 0.226023 -0.974104
vn -0.002182 0.535548 -0.844502
vn -0.570768 0.459374 -0.680587
vn 0.471848 0.066338 -0.879181
vn 0.005123 0.525601 -0.850716
vn -0.002969 0.236062 -0.971733
vn 0.001640 0.819737 -0.572737
vn 0.005737 0.677289 -0.735694
vn 0.606278 0.389084 -0.693571
vn 0.002137 0.731726 -0.681596
vn -0.454349 0.107308 -0.884337
vn 0.000000 -1.000000 0.000001
vn 0.000000 -1.000000 0.000000
vn 0.000000 -1.000000 0.000001
vn 0.000000 -1.000000 0.000000
vn 1.000000 0.000001 0.000000
vn 0.000000 1.000000 -0.000000
vn -0.031288 -0.999510 0.000000
vn -0.030609 -0.999531 0.000000
vn -0.028641 -0.999590 0.000000
vn -0.025575 -0.999673 0.000000
vn -0.021713 -0.999764 0.000000
vn -0.017433 -0.999848 0.000000
vn -0.013155 -0.999913 0.000000
vn -0.009296 -0.999957 0.000000
vn -0.006236 -0.999981 0.000000
vn -0.004271 -0.999991 0.000000
vn -0.003594 -0.999994 0.000000
vn -0.023053 -0.999734 0.000000
vn -0.025575 -0.999673 0.000000
vn -0.011816 -0.999930 0.000000
vn -0.004271 -0.999991 0.000000
vn -0.006236 -0.999981 0.000000
vn -0.009296 -0.999957 0.000000
vn -0.013155 -0.999913 0.000000
vn -0.017433 -0.999848 0.000000
vn -0.021713 -0.999764 0.000000
vn 0.999983 0.005746 0.000000
vn -1.000000 0.000000 0.000000
vn -1.000000 0.000000 0.000000
vn -1.000000 -0.000001 -0.000000
vn -0.000029 0.991321 -0.131466
vn -0.000004 0.999926 -0.012135
vn -0.000064 0.799354 -0.600860
vn -0.000064 0.799354 -0.600860
vn -1.000000 -0.000000 0.000000
vn -1.000000 0.000000 0.000000
vn -1.000000 0.000000 0.000000
vn -1.000000 -0.000000 -0.000000
vn -1.000000 -0.000001 -0.000000
vn -1.000000 -0.000001 -0.000000
vn -1.000000 0.000000 0.000000
vn -0.410289 0.000000 0.911956
vn 0.410289 0.000000 0.911956
vn 0.999984 0.005735 0.000000
vn 0.999983 0.005735 0.000000
vn 0.999984 0.005733 0.000000
vn 0.999983 0.005735 0.000000
vn 0.999983 0.005735 0.000000
vn 0.999983 0.005735 0.000000
vn 0.999983 0.005735 0.000000
vn 0.999984 0.005734 0.000000
vn 0.999983 0.005735 0.000000
vn 0.999983 0.005735 0.000000
vn 0.999983 0.005735 0.000000
vn -0.117971 0.991171 -0.060525
vn -0.114691 0.991726 -0.057673
vn -0.112592 0.992170 -0.054058
vn -0.000001 1.000000 -0.000000
vn -0.111883 0.992461 -0.050035
vn -0.112633 0.992571 -0.046001
vn -0.114769 0.992489 -0.042353
vn -0.118081 0.992220 -0.039449
vn -0.122244 0.991789 -0.037574
vn -0.126849 0.991235 -0.036909
vn -0.131443 0.990614 -0.037518
vn -0.135577 0.989986 -0.039338
vn -0.138847 0.989415 -0.042190
vn -0.122110 0.990557 -0.062335
vn -0.126702 0.989943 -0.062925
vn -0.131298 0.989387 -0.062240
vn -0.135449 0.988944 -0.060352
vn -0.138752 0.988659 -0.057449
vn -0.140883 0.988562 -0.053815
vn -0.140934 0.988959 -0.045795
vn -0.141635 0.988666 -0.049800
vn 0.999983 0.005773 -0.000000
vn 0.999983 0.005773 -0.000000
vn -0.990553 0.000000 0.137132
vn -0.996843 0.000000 0.079394
vn 0.996843 0.000000 0.079395
vn 0.990553 0.000000 0.137133
vn -0.127534 0.991783 -0.010044
vn -0.127847 0.991732 -0.011039
vn 0.000000 1.000000 0.000000
vn -0.127648 0.991742 -0.012396
vn -0.125913 0.991881 -0.017829
vn -0.125252 0.991939 -0.019186
vn -0.124326 0.992036 -0.020175
vn -0.123385 0.992146 -0.020531
vn -0.080020 0.996589 -0.020167
vn -0.079258 0.996657 -0.019804
vn -0.078846 0.996709 -0.018825
vn -0.078895 0.996729 -0.017494
vn -0.079985 0.996722 -0.012176
vn -0.080485 0.996697 -0.010848
vn -0.081311 0.996640 -0.009877
vn -0.126796 0.991882 -0.009677
vn -0.082243 0.996567 -0.009524
vn -0.529990 0.848004 0.000000
vn -0.529990 0.848004 0.000000
vn -0.529990 0.848004 0.000000
vn -0.529991 0.848004 0.000000
vn 0.999983 0.005773 -0.000001
vn 0.999983 0.005773 -0.000001
vn 0.999983 0.005773 -0.000001
vn 0.999983 0.005773 -0.000001
vn 0.628668 0.777674 0.000000
vn 0.628668 0.777674 0.000000
vn 0.628668 0.777674 0.000000
vn 0.628668 0.777674 0.000000
vn 0.000000 1.000000 0.000000
vn 0.000000 1.000000 0.000000
vn -1.000000 -0.000000 0.000000
vn -1.000000 -0.000000 0.000000
vn -1.000000 -0.000000 0.000000
vn -1.000000 -0.000000 0.000000
vn 0.998295 0.018030 -0.055515
vn 0.998295 0.034305 -0.047224
vn 1.000000 -0.000000 0.000000
vn 0.998295 0.047225 -0.034310
vn 0.998295 0.055516 -0.018038
vn 0.998295 0.058374 0.000000
vn 0.998295 0.055514 0.018038
vn 0.998295 0.047227 0.034310
vn 0.998295 0.034317 0.047224
vn 0.998295 0.018037 0.055515
vn 0.998295 -0.000001 0.058372
vn 0.998295 -0.018038 0.055515
vn 0.998295 -0.034313 0.047224
vn 0.998295 -0.047225 0.034310
vn 0.998295 -0.055516 0.018038
vn 0.998295 -0.058375 -0.000000
vn 0.998295 -0.055514 -0.018038
vn 0.998295 -0.047227 -0.034310
vn 0.998295 -0.034310 -0.047224
vn 0.998295 -0.018030 -0.055515
vn 0.998295 0.000001 -0.058372
vn 0.921489 0.120023 -0.369396
vn 0.921489 -0.000000 -0.388405
vn 0.715069 0.216019 -0.664840
vn 0.715070 -0.000001 -0.699053
vn 0.208470 0.302226 -0.930161
vn 0.393823 0.284042 -0.874198
vn 0.393824 0.000001 -0.919186
vn 0.208471 0.000000 -0.978029
vn 0.921488 0.228300 -0.314227
vn 0.715069 0.410893 -0.565547
vn 0.393823 0.540282 -0.743639
vn 0.208470 0.574865 -0.791246
vn 0.921488 0.314228 -0.228299
vn 0.715070 0.565547 -0.410892
vn 0.393825 0.743636 -0.540284
vn 0.208471 0.791239 -0.574874
vn 0.921487 0.369399 -0.120024
vn 0.715068 0.664841 -0.216018
vn 0.393826 0.874197 -0.284043
vn 0.208473 0.930160 -0.302228
vn 0.921487 0.388410 -0.000000
vn 0.715068 0.699055 -0.000000
vn 0.393827 0.919185 -0.000000
vn 0.208476 0.978027 -0.000000
vn 0.921487 0.369399 0.120024
vn 0.715066 0.664843 0.216018
vn 0.393826 0.874197 0.284044
vn 0.208475 0.930159 0.302230
vn 0.921488 0.314228 0.228299
vn 0.715068 0.565547 0.410893
vn 0.393824 0.743637 0.540284
vn 0.208471 0.791240 0.574873
vn 0.921488 0.228300 0.314227
vn 0.715070 0.410890 0.565547
vn 0.393824 0.540281 0.743639
vn 0.208469 0.574869 0.791243
vn 0.921489 0.120023 0.369395
vn 0.715069 0.216020 0.664840
vn 0.393824 0.284044 0.874198
vn 0.208470 0.302226 0.930161
vn 0.921489 -0.000001 0.388405
vn 0.715069 0.000001 0.699054
vn 0.393824 0.000001 0.919186
vn 0.208470 0.000000 0.978029
vn 0.921489 -0.120024 0.369395
vn 0.715068 -0.216019 0.664841
vn 0.393825 -0.284045 0.874197
vn 0.208474 -0.302231 0.930159
vn 0.921489 -0.228300 0.314226
vn 0.715070 -0.410890 0.565548
vn 0.393826 -0.540282 0.743638
vn 0.208472 -0.574868 0.791243
vn 0.921488 -0.314228 0.228299
vn 0.715070 -0.565546 0.410893
vn 0.393826 -0.743636 0.540284
vn 0.208467 -0.791238 0.574877
vn 0.921487 -0.369399 0.120024
vn 0.715068 -0.664841 0.216018
vn 0.393828 -0.874196 0.284043
vn 0.208472 -0.930160 0.302229
vn 0.921487 -0.388409 -0.000000
vn 0.715068 -0.699055 0.000000
vn 0.393826 -0.919185 -0.000001
vn 0.208476 -0.978027 -0.000002
vn 0.921490 -0.369392 -0.120025
vn 0.715071 -0.664837 -0.216020
vn 0.393825 -0.874197 -0.284043
vn 0.208474 -0.930160 -0.302226
vn 0.921490 -0.314222 -0.228300
vn 0.715073 -0.565543 -0.410893
vn 0.393827 -0.743636 -0.540283
vn 0.208472 -0.791242 -0.574870
vn 0.921488 -0.228301 -0.314226
vn 0.715070 -0.410893 -0.565546
vn 0.393825 -0.540283 -0.743637
vn 0.208471 -0.574868 -0.791243
vn 0.921489 -0.120025 -0.369394
vn 0.715069 -0.216019 -0.664840
vn 0.393824 -0.284041 -0.874199
vn 0.208472 -0.302226 -0.930161
vn -0.996074 0.027344 0.084193
vn -0.996074 0.052027 0.071619
vn -1.000000 -0.000000 0.000000
vn -0.996074 0.071621 0.052034
vn -0.996074 0.084194 0.027356
vn -0.996073 0.088530 0.000000
vn -0.996074 0.084192 -0.027356
vn -0.996073 0.071624 -0.052034
vn -0.996073 0.052044 -0.071619
vn -0.996074 0.027355 -0.084193
vn -0.996074 -0.000002 -0.088526
vn -0.996074 -0.027356 -0.084193
vn -0.996074 -0.052039 -0.071619
vn -0.996074 -0.071621 -0.052034
vn -0.996074 -0.084195 -0.027356
vn -0.996073 -0.088530 0.000000
vn -0.996074 -0.084192 0.027356
vn -0.996074 -0.071624 0.052034
vn -0.996074 -0.052034 0.071619
vn -0.996074 -0.027344 0.084193
vn -0.996074 0.000002 0.088526
vn -0.842018 0.166698 0.513047
vn -0.842018 -0.000000 0.539449
vn -0.558322 0.256367 0.789020
vn -0.558322 -0.000001 0.829624
vn -0.138876 0.306021 0.941841
vn -0.271307 0.297425 0.915386
vn -0.271307 0.000001 0.962493
vn -0.138877 0.000000 0.990310
vn -0.842017 0.317082 0.436424
vn -0.558322 0.487640 0.671180
vn -0.271307 0.565737 0.778675
vn -0.138876 0.582083 0.801182
vn -0.842017 0.436426 0.317080
vn -0.558322 0.671181 0.487639
vn -0.271309 0.778673 0.565739
vn -0.138877 0.801175 0.582093
vn -0.842016 0.513051 0.166699
vn -0.558321 0.789021 0.256366
vn -0.271309 0.915385 0.297426
vn -0.138879 0.941840 0.306023
vn -0.842015 0.539455 0.000000
vn -0.558320 0.829625 0.000000
vn -0.271310 0.962492 0.000000
vn -0.138881 0.990309 0.000000
vn -0.842016 0.513051 -0.166698
vn -0.558319 0.789023 -0.256366
vn -0.271309 0.915385 -0.297427
vn -0.138880 0.941839 -0.306025
vn -0.842017 0.436425 -0.317081
vn -0.558321 0.671181 -0.487641
vn -0.271307 0.778673 -0.565739
vn -0.138877 0.801176 -0.582091
vn -0.842017 0.317081 -0.436425
vn -0.558323 0.487637 -0.671182
vn -0.271308 0.565736 -0.778675
vn -0.138876 0.582087 -0.801179
vn -0.842018 0.166698 -0.513047
vn -0.558322 0.256369 -0.789019
vn -0.271308 0.297427 -0.915385
vn -0.138876 0.306021 -0.941841
vn -0.842018 -0.000001 -0.539450
vn -0.558321 0.000002 -0.829625
vn -0.271307 0.000001 -0.962493
vn -0.138877 0.000000 -0.990310
vn -0.842018 -0.166699 -0.513047
vn -0.558321 -0.256368 -0.789021
vn -0.271308 -0.297427 -0.915385
vn -0.138879 -0.306026 -0.941839
vn -0.842018 -0.317081 -0.436423
vn -0.558323 -0.487637 -0.671182
vn -0.271309 -0.565737 -0.778674
vn -0.138878 -0.582087 -0.801179
vn -0.842017 -0.436426 -0.317080
vn -0.558323 -0.671180 -0.487640
vn -0.271309 -0.778672 -0.565740
vn -0.138874 -0.801174 -0.582095
vn -0.842015 -0.513052 -0.166699
vn -0.558321 -0.789021 -0.256366
vn -0.271310 -0.915384 -0.297426
vn -0.138878 -0.941840 -0.306024
vn -0.842015 -0.539453 0.000000
vn -0.558321 -0.829625 -0.000000
vn -0.271309 -0.962492 0.000001
vn -0.138881 -0.990309 0.000002
vn -0.842020 -0.513043 0.166701
vn -0.558324 -0.789018 0.256369
vn -0.271309 -0.915385 0.297426
vn -0.138879 -0.941840 0.306021
vn -0.842020 -0.436419 0.317082
vn -0.558326 -0.671177 0.487641
vn -0.271310 -0.778673 0.565738
vn -0.138878 -0.801177 0.582089
vn -0.842017 -0.317083 0.436423
vn -0.558323 -0.487641 0.671180
vn -0.271309 -0.565739 0.778673
vn -0.138877 -0.582087 0.801179
vn -0.842018 -0.166700 0.513046
vn -0.558321 -0.256368 0.789020
vn -0.271307 -0.297423 0.915386
vn -0.138878 -0.306022 0.941841
vn -0.058752 -0.998090 -0.019081
vn -0.049977 -0.998090 -0.036306
vn 0.000000 -1.000000 0.000000
vn -0.036311 -0.998090 -0.049979
vn -0.019090 -0.998090 -0.058753
vn 0.000000 -0.998090 -0.061778
vn 0.019090 -0.998090 -0.058751
vn 0.036311 -0.998090 -0.049981
vn 0.049977 -0.998090 -0.036318
vn 0.058752 -0.998090 -0.019089
vn 0.061775 -0.998090 0.000001
vn 0.058752 -0.998090 0.019090
vn 0.049977 -0.998090 0.036314
vn 0.036310 -0.998090 0.049979
vn 0.019090 -0.998090 0.058753
vn -0.000000 -0.998090 0.061778
vn -0.019090 -0.998090 0.058751
vn -0.036310 -0.998090 0.049981
vn -0.049977 -0.998090 0.036310
vn -0.058752 -0.998090 0.019081
vn -0.061775 -0.998090 -0.000001
vn -0.387509 -0.913227 -0.125909
vn -0.407451 -0.913227 0.000000
vn -0.683906 -0.694905 -0.222214
vn -0.719101 -0.694906 0.000001
vn -0.932342 -0.197405 -0.302934
vn -0.881580 -0.375190 -0.286441
vn -0.926948 -0.375190 -0.000001
vn -0.980322 -0.197406 -0.000000
vn -0.329636 -0.913226 -0.239495
vn -0.581765 -0.694906 -0.422676
vn -0.749918 -0.375190 -0.544844
vn -0.793102 -0.197405 -0.576213
vn -0.239494 -0.913226 -0.329637
vn -0.422676 -0.694906 -0.581766
vn -0.544846 -0.375192 -0.749916
vn -0.576222 -0.197407 -0.793094
vn -0.125909 -0.913225 -0.387513
vn -0.222213 -0.694905 -0.683907
vn -0.286442 -0.375192 -0.881579
vn -0.302937 -0.197409 -0.932341
vn -0.000000 -0.913225 -0.407456
vn -0.000000 -0.694904 -0.719103
vn -0.000000 -0.375194 -0.926946
vn -0.000000 -0.197411 -0.980321
vn 0.125909 -0.913226 -0.387513
vn 0.222213 -0.694902 -0.683910
vn 0.286442 -0.375193 -0.881579
vn 0.302939 -0.197410 -0.932340
vn 0.239494 -0.913226 -0.329636
vn 0.422677 -0.694905 -0.581766
vn 0.544846 -0.375190 -0.749916
vn 0.576221 -0.197406 -0.793096
vn 0.329636 -0.913226 -0.239495
vn 0.581766 -0.694907 -0.422673
vn 0.749918 -0.375191 -0.544843
vn 0.793099 -0.197405 -0.576217
vn 0.387509 -0.913227 -0.125909
vn 0.683906 -0.694905 -0.222215
vn 0.881580 -0.375191 -0.286442
vn 0.932342 -0.197405 -0.302934
vn 0.407452 -0.913227 0.000001
vn 0.719102 -0.694905 -0.000001
vn 0.926948 -0.375190 -0.000001
vn 0.980322 -0.197406 -0.000000
vn 0.387509 -0.913227 0.125909
vn 0.683907 -0.694904 0.222214
vn 0.881579 -0.375191 0.286443
vn 0.932340 -0.197409 0.302939
vn 0.329634 -0.913227 0.239495
vn 0.581767 -0.694906 0.422674
vn 0.749917 -0.375193 0.544844
vn 0.793098 -0.197407 0.576216
vn 0.239494 -0.913226 0.329637
vn 0.422676 -0.694906 0.581765
vn 0.544846 -0.375193 0.749915
vn 0.576225 -0.197402 0.793094
vn 0.125910 -0.913225 0.387513
vn 0.222213 -0.694904 0.683908
vn 0.286441 -0.375194 0.881579
vn 0.302937 -0.197407 0.932341
vn -0.000000 -0.913225 0.407455
vn 0.000000 -0.694904 0.719102
vn -0.000001 -0.375193 0.926947
vn -0.000002 -0.197411 0.980321
vn -0.125910 -0.913228 0.387506
vn -0.222215 -0.694907 0.683904
vn -0.286442 -0.375192 0.881579
vn -0.302935 -0.197409 0.932341
vn -0.239495 -0.913228 0.329631
vn -0.422676 -0.694909 0.581762
vn -0.544845 -0.375194 0.749916
vn -0.576218 -0.197407 0.793097
vn -0.329635 -0.913226 0.239496
vn -0.581764 -0.694906 0.422677
vn -0.749916 -0.375192 0.544846
vn -0.793099 -0.197407 0.576216
vn -0.387508 -0.913227 0.125910
vn -0.683906 -0.694905 0.222214
vn -0.881581 -0.375190 0.286440
vn -0.932342 -0.197407 0.302935
vn 0.000000 -1.000000 0.000000
vn 0.049977 -0.998090 -0.036310
vn 0.058752 -0.998090 -0.019081
vn 0.058752 -0.998090 0.019082
vn 0.049977 -0.998090 0.036307
vn 0.329636 -0.913226 -0.239495
vn 0.387510 -0.913227 -0.125909
vn 0.683906 -0.694905 -0.222215
vn 0.407451 -0.913227 0.000001
vn 0.719102 -0.694905 -0.000001
vn 0.387509 -0.913227 0.125909
vn 0.683907 -0.694904 0.222214
vn 0.329634 -0.913227 0.239495

# Mesh
g polySurface7
usemtl lambert6
f 4/4/1 1/1/1 2/2/2
f 2/2/2 3/3/2 4/4/1
f 6/6/3 5/5/3 1/1/1
f 1/1/1 4/4/1 6/6/3
f 10/10/7 7/7/4 8/8/5
f 8/8/5 9/9/6 10/10/7
f 9/14/11 8/11/8 11/12/9
f 11/12/9 12/13/10 9/14/11
f 12/13/10 11/12/9 13/15/12
f 13/15/12 14/16/13 12/13/10
f 14/16/13 13/15/12 15/17/14
f 15/17/14 16/18/15 14/16/13
f 18/22/19 16/19/16 15/20/17
f 15/20/17 17/21/18 18/22/19
f 11/12/9 19/23/20 20/24/21
f 20/24/21 13/15/12 11/12/9
f 24/28/25 21/25/22 22/26/23
f 22/26/23 23/27/24 24/28/25
f 26/30/27 24/28/25 23/27/24
f 23/27/24 25/29/26 26/30/27
f 28/32/29 26/30/27 25/29/26
f 25/29/26 27/31/28 28/32/29
f 30/36/31 28/33/29 27/34/28
f 27/34/28 29/35/30 30/36/31
f 32/38/33 30/36/31 29/35/30
f 29/35/30 31/37/32 32/38/33
f 34/40/35 32/38/33 31/37/32
f 31/37/32 33/39/34 34/40/35
f 36/42/37 35/41/36 34/40/35
f 34/40/35 33/39/34 36/42/37
f 38/44/39 37/43/38 35/41/36
f 35/41/36 36/42/37 38/44/39
f 40/46/41 39/45/40 37/43/38
f 37/43/38 38/44/39 40/46/41
f 42/50/43 41/47/42 39/48/40
f 39/48/40 40/49/41 42/50/43
f 44/52/45 43/51/44 41/47/42
f 41/47/42 42/50/43 44/52/45
f 46/54/47 45/53/46 43/51/44
f 43/51/44 44/52/45 46/54/47
f 48/56/49 47/55/48 45/53/46
f 45/53/46 46/54/47 48/56/49
f 50/60/51 49/57/50 47/58/48
f 47/58/48 48/59/49 50/60/51
f 52/62/53 51/61/52 49/57/50
f 49/57/50 50/60/51 52/62/53
f 54/64/54 53/63/54 51/61/52
f 51/61/52 52/62/53 54/64/54
f 58/68/56 55/65/36 56/66/35
f 56/66/35 57/67/55 58/68/56
f 60/70/57 59/69/38 55/65/36
f 55/65/36 58/68/56 60/70/57
f 62/72/58 61/71/40 59/69/38
f 59/69/38 60/70/57 62/72/58
f 64/76/59 63/73/42 61/74/40
f 61/74/40 62/75/58 64/76/59
f 66/78/60 65/77/44 63/73/42
f 63/73/42 64/76/59 66/78/60
f 68/80/46 67/79/61 65/77/44
f 65/77/44 66/78/60 68/80/46
f 70/82/63 69/81/62 67/79/61
f 67/79/61 68/80/46 70/82/63
f 72/86/65 71/83/64 69/84/62
f 69/84/62 70/85/63 72/86/65
f 74/88/67 73/87/66 71/83/64
f 71/83/64 72/86/65 74/88/67
f 76/90/68 75/89/54 73/87/66
f 73/87/66 74/88/67 76/90/68
f 80/94/70 77/91/2 78/92/2
f 78/92/2 79/93/69 80/94/70
f 82/96/72 80/94/70 79/93/69
f 79/93/69 81/95/71 82/96/72
f 84/100/74 82/97/72 81/98/71
f 81/98/71 83/99/73 84/100/74
f 86/102/76 84/100/74 83/99/73
f 83/99/73 85/101/75 86/102/76
f 88/104/78 86/102/76 85/101/75
f 85/101/75 87/103/77 88/104/78
f 90/106/79 89/105/36 88/104/78
f 88/104/78 87/103/77 90/106/79
f 92/108/81 91/107/80 89/105/36
f 89/105/36 90/106/79 92/108/81
f 94/110/83 93/109/82 91/107/80
f 91/107/80 92/108/81 94/110/83
f 96/114/85 95/111/84 93/112/82
f 93/112/82 94/113/83 96/114/85
f 98/116/44 97/115/86 95/111/84
f 95/111/84 96/114/85 98/116/44
f 100/118/88 99/117/87 97/115/86
f 97/115/86 98/116/44 100/118/88
f 102/120/90 101/119/89 99/117/87
f 99/117/87 100/118/88 102/120/90
f 104/124/91 103/121/64 101/122/89
f 101/122/89 102/123/90 104/124/91
f 106/126/93 105/125/92 103/121/64
f 103/121/64 104/124/91 106/126/93
f 108/128/54 107/127/54 105/125/92
f 105/125/92 106/126/93 108/128/54
f 110/130/95 107/127/54 108/128/54
f 108/128/54 109/129/94 110/130/95
f 112/132/97 110/130/95 109/129/94
f 109/129/94 111/131/96 112/132/97
f 114/134/99 112/132/97 111/131/96
f 111/131/96 113/133/98 114/134/99
f 116/138/101 114/135/99 113/136/98
f 113/136/98 115/137/100 116/138/101
f 77/91/2 116/138/101 115/137/100
f 115/137/100 78/92/2 77/91/2
f 20/142/105 19/139/102 117/140/103
f 117/140/103 118/141/104 20/142/105
f 122/146/106 119/143/54 120/144/54
f 120/144/54 121/145/106 122/146/106
f 124/148/108 122/146/106 121/145/106
f 121/145/106 123/147/107 124/148/108
f 126/150/110 124/148/108 123/147/107
f 123/147/107 125/149/109 126/150/110
f 128/154/112 126/151/110 125/152/109
f 125/152/109 127/153/111 128/154/112
f 130/156/2 128/154/112 127/153/111
f 127/153/111 129/155/2 130/156/2
f 132/158/114 130/156/2 129/155/2
f 129/155/2 131/157/113 132/158/114
f 134/160/116 132/158/114 131/157/113
f 131/157/113 133/159/115 134/160/116
f 136/164/118 134/161/116 133/162/115
f 133/162/115 135/163/117 136/164/118
f 138/166/119 136/164/118 135/163/117
f 135/163/117 137/165/119 138/166/119
f 140/168/34 138/166/119 137/165/119
f 137/165/119 139/167/34 140/168/34
f 142/170/37 141/169/120 140/168/34
f 140/168/34 139/167/34 142/170/37
f 144/172/57 143/171/38 141/169/120
f 141/169/120 142/170/37 144/172/57
f 146/174/58 145/173/121 143/171/38
f 143/171/38 144/172/57 146/174/58
f 148/178/59 147/175/122 145/176/121
f 145/176/121 146/177/58 148/178/59
f 150/180/124 149/179/123 147/175/122
f 147/175/122 148/178/59 150/180/124
f 152/182/126 151/181/125 149/179/123
f 149/179/123 150/180/124 152/182/126
f 154/184/128 153/183/127 151/181/125
f 151/181/125 152/182/126 154/184/128
f 156/187/130 155/185/129 153/186/127
f 153/186/127 154/186/128 156/187/130
f 158/188/132 157/188/131 155/185/129
f 155/185/129 156/187/130 158/188/132
f 120/144/54 119/143/54 157/189/131
f 157/189/131 158/190/132 120/144/54
f 160/192/134 75/89/54 76/90/68
f 76/90/68 159/191/133 160/192/134
f 162/194/108 160/192/134 159/191/133
f 159/191/133 161/193/135 162/194/108
f 164/196/137 162/194/108 161/193/135
f 161/193/135 163/195/136 164/196/137
f 166/200/139 164/197/137 163/198/136
f 163/198/136 165/199/138 166/200/139
f 168/202/141 166/200/139 165/199/138
f 165/199/138 167/201/140 168/202/141
f 170/204/143 168/202/141 167/201/140
f 167/201/140 169/203/142 170/204/143
f 172/206/145 170/204/143 169/203/142
f 169/203/142 171/205/144 172/206/145
f 174/210/147 172/207/145 171/208/144
f 171/208/144 173/209/146 174/210/147
f 176/212/33 174/210/147 173/209/146
f 173/209/146 175/211/148 176/212/33
f 56/66/35 176/212/33 175/211/148
f 175/211/148 57/67/55 56/66/35
f 178/214/134 53/63/54 54/64/54
f 54/64/54 177/213/149 178/214/134
f 180/216/151 178/214/134 177/213/149
f 177/213/149 179/215/150 180/216/151
f 182/218/153 180/216/151 179/215/150
f 179/215/150 181/217/152 182/218/153
f 21/25/22 182/219/153 181/220/152
f 181/220/152 22/26/23 21/25/22
f 186/224/39 183/221/38 184/222/120
f 184/222/120 185/223/37 186/224/39
f 188/226/41 187/225/154 183/221/38
f 183/221/38 186/224/39 188/226/41
f 185/223/37 184/222/120 189/227/34
f 189/227/34 190/228/34 185/223/37
f 192/232/43 191/229/122 187/230/154
f 187/230/154 188/231/41 192/232/43
f 189/227/34 193/233/119 194/234/32
f 194/234/32 190/228/34 189/227/34
f 196/236/155 195/235/123 191/229/122
f 191/229/122 192/232/43 196/236/155
f 193/233/119 197/237/147 198/238/117
f 198/238/117 194/234/32 193/233/119
f 200/240/157 199/239/156 195/235/123
f 195/235/123 196/236/155 200/240/157
f 197/237/147 201/241/116 202/242/158
f 202/242/158 198/238/117 197/237/147
f 204/244/49 203/243/159 199/239/156
f 199/239/156 200/240/157 204/244/49
f 208/248/114 205/245/160 206/246/24
f 206/246/24 207/247/161 208/248/114
f 212/252/53 209/249/162 210/250/163
f 210/250/163 211/251/51 212/252/53
f 205/245/160 213/253/112 214/254/164
f 214/254/164 206/246/24 205/245/160
f 216/256/54 215/255/54 209/249/162
f 209/249/162 212/252/53 216/256/54
f 213/253/112 217/257/110 218/258/110
f 218/258/110 214/254/164 213/253/112
f 220/260/106 215/255/54 216/256/54
f 216/256/54 219/259/149 220/260/106
f 217/264/110 221/261/151 222/262/107
f 222/262/107 218/263/110 217/264/110
f 221/261/151 220/260/106 219/259/149
f 219/259/149 222/262/107 221/261/151
f 7/7/4 5/265/165 223/266/166
f 223/266/166 224/267/167 7/7/4
f 7/7/4 224/267/167 225/268/168
f 225/268/168 8/8/5 7/7/4
f 227/271/171 226/269/169 6/270/170
f 6/270/170 17/21/18 227/271/171
f 15/20/17 228/272/172 227/271/171
f 227/271/171 17/21/18 15/20/17
f 229/275/175 226/273/173 227/274/174
f 227/274/174 118/141/104 229/275/175
f 117/140/103 224/276/176 223/277/177
f 223/277/177 230/278/178 117/140/103
f 8/11/8 225/279/179 19/23/20
f 19/23/20 11/12/9 8/11/8
f 13/15/12 20/24/21 228/280/180
f 228/280/180 15/17/14 13/15/12
f 224/276/176 117/140/103 19/139/102
f 19/139/102 225/281/181 224/276/176
f 118/141/104 227/274/174 228/282/182
f 228/282/182 20/142/105 118/141/104
f 5/265/165 7/7/4 10/10/7
f 5/265/165 10/10/7 2/283/183
f 2/283/183 1/284/183 5/265/165
f 18/22/19 17/21/18 6/270/170
f 18/22/19 6/270/170 4/285/54
f 4/285/54 3/286/54 18/22/19
f 231/289/184 208/248/114 207/247/161
f 231/289/184 207/247/161 202/287/158
f 202/287/158 201/288/116 231/289/184
f 211/251/51 210/250/163 232/290/185
f 211/251/51 232/290/185 203/291/159
f 203/291/159 204/292/49 211/251/51
f 223/277/177 5/293/186 6/294/187
f 223/277/177 6/294/187 226/273/173
f 223/277/177 226/273/173 229/275/175
f 229/275/175 230/278/178 223/277/177
f 193/295/188 118/296/104 197/297/189
f 197/297/189 118/296/104 201/298/190
f 201/298/190 118/296/104 231/299/191
f 231/299/191 118/296/104 208/300/192
f 118/296/104 117/301/103 208/300/192
f 208/300/192 117/301/103 205/302/193
f 205/302/193 117/301/103 213/303/194
f 213/303/194 117/301/103 217/304/195
f 217/304/195 117/301/103 221/305/196
f 221/305/196 117/301/103 220/306/197
f 220/306/197 117/301/103 215/307/198
f 122/308/199 124/309/200 117/301/103
f 124/309/200 126/310/201 117/301/103
f 126/310/201 128/311/202 117/301/103
f 128/311/202 130/312/203 117/301/103
f 122/308/199 117/301/103 119/313/204
f 193/295/188 189/314/205 118/296/104
f 118/296/104 189/314/205 229/315/175
f 189/314/205 184/316/206 229/315/175
f 232/317/207 210/318/208 203/319/209
f 184/316/206 183/320/210 229/315/175
f 183/320/210 187/321/211 229/315/175
f 187/321/211 34/322/212 229/315/175
f 34/322/212 35/323/213 229/315/175
f 34/322/212 187/321/211 32/324/214
f 32/324/214 187/321/211 30/325/215
f 35/323/213 37/326/216 229/315/175
f 30/325/215 187/321/211 88/327/217
f 88/327/217 187/321/211 86/328/218
f 86/328/218 187/321/211 84/329/219
f 30/325/215 88/327/217 28/330/220
f 88/327/217 89/331/221 28/330/220
f 89/331/221 91/332/222 28/330/220
f 37/326/216 39/333/223 229/315/175
f 28/330/220 91/332/222 26/334/224
f 91/332/222 93/335/225 26/334/224
f 187/321/211 191/336/226 84/329/219
f 84/329/219 191/336/226 82/337/227
f 26/334/224 93/335/225 24/338/228
f 191/336/226 195/339/229 82/337/227
f 39/333/223 41/340/230 229/315/175
f 93/335/225 95/341/231 24/338/228
f 24/338/228 95/341/231 21/342/232
f 82/337/227 195/339/229 80/343/233
f 195/339/229 199/344/234 80/343/233
f 21/342/232 95/341/231 182/345/235
f 199/344/234 203/319/209 80/343/233
f 41/340/230 43/346/236 229/315/175
f 95/341/231 97/347/237 182/345/235
f 182/345/235 97/347/237 180/348/238
f 80/343/233 203/319/209 77/349/239
f 203/319/209 210/318/208 77/349/239
f 43/346/236 45/350/240 229/315/175
f 180/348/238 97/347/237 178/351/241
f 210/318/208 209/352/242 77/349/239
f 229/315/175 45/350/240 230/353/178
f 45/350/240 47/354/243 230/353/178
f 47/354/243 49/355/244 230/353/178
f 49/355/244 51/356/245 230/353/178
f 117/301/103 230/353/178 119/313/204
f 119/313/204 230/353/178 157/357/246
f 157/357/246 230/353/178 155/358/247
f 155/358/247 230/353/178 153/359/248
f 153/359/248 230/353/178 151/360/249
f 151/360/249 230/353/178 75/361/250
f 75/361/250 230/353/178 73/362/251
f 73/362/251 230/353/178 71/363/252
f 71/363/252 230/353/178 69/364/253
f 69/364/253 230/353/178 67/365/254
f 151/360/249 75/361/250 149/366/255
f 75/361/250 160/367/256 149/366/255
f 160/367/256 162/368/257 149/366/255
f 67/365/254 230/353/178 65/369/258
f 65/369/258 230/353/178 63/370/259
f 230/353/178 51/356/245 63/370/259
f 63/370/259 51/356/245 61/371/260
f 61/371/260 51/356/245 59/372/261
f 59/372/261 51/356/245 55/373/262
f 51/356/245 53/374/263 55/373/262
f 55/373/262 53/374/263 56/375/264
f 53/374/263 178/351/241 56/375/264
f 178/351/241 97/347/237 56/375/264
f 56/375/264 97/347/237 176/376/265
f 97/347/237 99/377/266 176/376/265
f 176/376/265 99/377/266 174/378/267
f 174/378/267 99/377/266 172/379/268
f 99/377/266 101/380/269 172/379/268
f 172/379/268 101/380/269 170/381/270
f 170/381/270 101/380/269 168/382/271
f 101/380/269 103/383/272 168/382/271
f 168/382/271 103/383/272 166/384/273
f 166/384/273 103/383/272 164/385/274
f 77/349/239 209/352/242 116/386/275
f 209/352/242 215/307/198 116/386/275
f 103/383/272 105/387/276 164/385/274
f 130/312/203 132/388/277 117/301/103
f 117/301/103 132/388/277 215/307/198
f 132/388/277 134/389/278 215/307/198
f 134/389/278 136/390/279 215/307/198
f 136/390/279 138/391/280 215/307/198
f 215/307/198 138/391/280 116/386/275
f 138/391/280 140/392/281 116/386/275
f 140/392/281 141/393/282 116/386/275
f 141/393/282 143/394/283 116/386/275
f 143/394/283 145/395/284 116/386/275
f 116/386/275 145/395/284 114/396/285
f 145/395/284 147/397/286 114/396/285
f 147/397/286 149/366/255 114/396/285
f 114/396/285 149/366/255 112/398/287
f 164/385/274 105/387/276 162/368/257
f 112/398/287 149/366/255 110/399/288
f 105/387/276 107/400/289 162/368/257
f 162/368/257 107/400/289 149/366/255
f 107/400/289 110/399/288 149/366/255
f 234/404/292 23/401/290 22/402/291
f 22/402/291 233/403/291 234/404/292
f 235/406/295 25/405/293 23/401/294
f 23/401/294 234/404/295 235/406/295
f 236/408/299 27/407/296 25/405/297
f 25/405/297 235/406/298 236/408/299
f 237/410/300 29/409/300 27/407/301
f 27/407/301 236/408/302 237/410/300
f 238/412/305 31/411/303 29/409/304
f 29/409/304 237/410/304 238/412/305
f 239/414/308 33/413/306 31/411/307
f 31/411/307 238/412/307 239/414/308
f 240/416/311 36/415/309 33/413/309
f 33/413/309 239/414/310 240/416/311
f 241/418/312 38/417/312 36/415/312
f 36/415/312 240/416/312 241/418/312
f 242/420/314 40/419/313 38/417/313
f 38/417/313 241/418/314 242/420/314
f 243/422/316 42/421/315 40/419/316
f 40/419/316 242/420/316 243/422/316
f 244/424/319 44/423/317 42/421/317
f 42/421/317 243/422/318 244/424/319
f 245/426/322 46/425/320 44/423/320
f 44/423/320 244/424/321 245/426/322
f 246/428/323 48/427/323 46/425/323
f 46/425/323 245/426/323 246/428/323
f 247/430/327 50/429/324 48/427/325
f 48/427/325 246/428/326 247/430/327
f 248/432/330 52/431/328 50/429/328
f 50/429/328 247/430/329 248/432/330
f 249/434/331 54/433/331 52/431/332
f 52/431/332 248/432/333 249/434/331
f 250/436/336 177/435/334 54/433/335
f 54/433/335 249/434/334 250/436/336
f 251/438/338 179/437/337 177/435/338
f 177/435/338 250/436/339 251/438/338
f 252/440/341 181/439/340 179/437/341
f 179/437/341 251/438/341 252/440/341
f 233/403/343 22/402/342 181/439/342
f 181/439/342 252/440/342 233/403/343
f 234/444/347 233/441/344 253/442/345
f 253/442/345 254/443/346 234/444/347
f 254/443/346 253/442/345 255/445/348
f 255/445/348 256/446/349 254/443/346
f 256/446/349 255/445/348 257/447/350
f 257/447/350 258/448/351 256/446/349
f 258/452/351 257/449/350 259/450/352
f 259/450/352 260/451/353 258/452/351
f 259/450/352 261/453/354 260/451/353
f 260/451/353 261/453/354 262/454/355
f 261/453/354 263/455/356 262/454/355
f 261/453/354 264/456/357 263/455/356
f 261/453/354 265/457/358 264/456/357
f 261/453/354 266/458/359 265/457/358
f 261/453/354 267/459/360 266/458/359
f 261/453/354 268/460/361 267/459/360
f 261/453/354 269/461/362 268/460/361
f 261/453/354 270/462/363 269/461/362
f 261/453/354 271/463/364 270/462/363
f 272/464/365 271/463/364 261/453/354
f 273/465/366 272/464/365 261/453/354
f 274/466/367 273/465/366 261/453/354
f 275/467/368 274/466/367 261/453/354
f 276/468/369 275/467/368 261/453/354
f 276/468/369 261/453/354 277/469/370
f 277/469/370 261/453/354 278/470/371
f 278/470/371 261/453/354 279/471/372
f 279/471/372 261/453/354 259/450/352
f 280/472/373 258/452/351 260/451/353
f 260/451/353 262/454/355 280/472/373
f 281/474/374 256/446/349 258/448/351
f 258/448/351 280/473/373 281/474/374
f 235/476/376 234/444/347 254/443/346
f 254/443/346 282/475/375 235/476/376
f 282/475/375 254/443/346 256/446/349
f 256/446/349 281/474/374 282/475/375
f 283/477/377 280/472/373 262/454/355
f 262/454/355 263/455/356 283/477/377
f 284/479/378 281/478/374 280/472/373
f 280/472/373 283/477/377 284/479/378
f 236/481/380 235/476/376 282/475/375
f 282/475/375 285/480/379 236/481/380
f 285/480/379 282/475/375 281/474/374
f 281/474/374 284/482/378 285/480/379
f 286/483/381 283/477/377 263/455/356
f 263/455/356 264/456/357 286/483/381
f 287/484/382 284/479/378 283/477/377
f 283/477/377 286/483/381 287/484/382
f 237/488/384 236/485/380 285/486/379
f 285/486/379 288/487/383 237/488/384
f 288/487/383 285/486/379 284/489/378
f 284/489/378 287/490/382 288/487/383
f 289/491/385 286/483/381 264/456/357
f 264/456/357 265/457/358 289/491/385
f 290/492/386 287/484/382 286/483/381
f 286/483/381 289/491/385 290/492/386
f 238/494/388 237/488/384 288/487/383
f 288/487/383 291/493/387 238/494/388
f 291/493/387 288/487/383 287/490/382
f 287/490/382 290/495/386 291/493/387
f 292/496/389 289/491/385 265/457/358
f 265/457/358 266/458/359 292/496/389
f 293/499/390 290/495/386 289/497/385
f 289/497/385 292/498/389 293/499/390
f 239/501/392 238/494/388 291/493/387
f 291/493/387 294/500/391 239/501/392
f 294/500/391 291/493/387 290/495/386
f 290/495/386 293/499/390 294/500/391
f 295/502/393 292/496/389 266/458/359
f 266/458/359 267/459/360 295/502/393
f 296/504/394 293/499/390 292/498/389
f 292/498/389 295/503/393 296/504/394
f 240/506/396 239/501/392 294/500/391
f 294/500/391 297/505/395 240/506/396
f 297/505/395 294/500/391 293/499/390
f 293/499/390 296/504/394 297/505/395
f 298/507/397 295/502/393 267/459/360
f 267/459/360 268/460/361 298/507/397
f 299/509/398 296/508/394 295/502/393
f 295/502/393 298/507/397 299/509/398
f 241/511/400 240/506/396 297/505/395
f 297/505/395 300/510/399 241/511/400
f 300/510/399 297/505/395 296/504/394
f 296/504/394 299/512/398 300/510/399
f 301/513/401 298/507/397 268/460/361
f 268/460/361 269/461/362 301/513/401
f 302/514/402 299/509/398 298/507/397
f 298/507/397 301/513/401 302/514/402
f 242/516/404 241/511/400 300/510/399
f 300/510/399 303/515/403 242/516/404
f 303/515/403 300/510/399 299/512/398
f 299/512/398 302/517/402 303/515/403
f 304/518/405 301/513/401 269/461/362
f 269/461/362 270/462/363 304/518/405
f 305/519/406 302/514/402 301/513/401
f 301/513/401 304/518/405 305/519/406
f 243/523/408 242/520/404 303/521/403
f 303/521/403 306/522/407 243/523/408
f 306/522/407 303/521/403 302/524/402
f 302/524/402 305/525/406 306/522/407
f 307/526/409 304/518/405 270/462/363
f 270/462/363 271/463/364 307/526/409
f 308/529/410 305/525/406 304/527/405
f 304/527/405 307/528/409 308/529/410
f 244/531/412 243/523/408 306/522/407
f 306/522/407 309/530/411 244/531/412
f 309/530/411 306/522/407 305/525/406
f 305/525/406 308/529/410 309/530/411
f 310/532/413 307/526/409 271/463/364
f 271/463/364 272/464/365 310/532/413
f 311/534/414 308/529/410 307/528/409
f 307/528/409 310/533/413 311/534/414
f 245/536/416 244/531/412 309/530/411
f 309/530/411 312/535/415 245/536/416
f 312/535/415 309/530/411 308/529/410
f 308/529/410 311/534/414 312/535/415
f 313/537/417 310/532/413 272/464/365
f 272/464/365 273/465/366 313/537/417
f 314/539/418 311/538/414 310/532/413
f 310/532/413 313/537/417 314/539/418
f 246/541/420 245/536/416 312/535/415
f 312/535/415 315/540/419 246/541/420
f 315/540/419 312/535/415 311/534/414
f 311/534/414 314/542/418 315/540/419
f 316/543/421 313/537/417 273/465/366
f 273/465/366 274/466/367 316/543/421
f 317/544/422 314/539/418 313/537/417
f 313/537/417 316/543/421 317/544/422
f 247/548/424 246/545/420 315/546/419
f 315/546/419 318/547/423 247/548/424
f 318/547/423 315/546/419 314/549/418
f 314/549/418 317/550/422 318/547/423
f 319/551/425 316/543/421 274/466/367
f 274/466/367 275/467/368 319/551/425
f 320/552/426 317/544/422 316/543/421
f 316/543/421 319/551/425 320/552/426
f 248/554/428 247/548/424 318/547/423
f 318/547/423 321/553/427 248/554/428
f 321/553/427 318/547/423 317/550/422
f 317/550/422 320/555/426 321/553/427
f 322/556/429 319/551/425 275/467/368
f 275/467/368 276/468/369 322/556/429
f 323/559/430 320/555/426 319/557/425
f 319/557/425 322/558/429 323/559/430
f 249/561/432 248/554/428 321/553/427
f 321/553/427 324/560/431 249/561/432
f 324/560/431 321/553/427 320/555/426
f 320/555/426 323/559/430 324/560/431
f 325/562/433 322/556/429 276/468/369
f 276/468/369 277/469/370 325/562/433
f 326/564/434 323/559/430 322/558/429
f 322/558/429 325/563/433 326/564/434
f 250/566/436 249/561/432 324/560/431
f 324/560/431 327/565/435 250/566/436
f 327/565/435 324/560/431 323/559/430
f 323/559/430 326/564/434 327/565/435
f 328/567/437 325/562/433 277/469/370
f 277/469/370 278/470/371 328/567/437
f 329/569/438 326/568/434 325/562/433
f 325/562/433 328/567/437 329/569/438
f 251/571/440 250/566/436 327/565/435
f 327/565/435 330/570/439 251/571/440
f 330/570/439 327/565/435 326/564/434
f 326/564/434 329/572/438 330/570/439
f 331/573/441 328/567/437 278/470/371
f 278/470/371 279/471/372 331/573/441
f 332/574/442 329/569/438 328/567/437
f 328/567/437 331/573/441 332/574/442
f 252/576/444 251/571/440 330/570/439
f 330/570/439 333/575/443 252/576/444
f 333/575/443 330/570/439 329/572/438
f 329/572/438 332/577/442 333/575/443
f 279/471/372 259/450/352 257/449/350
f 257/449/350 331/573/441 279/471/372
f 331/573/441 257/449/350 255/578/348
f 255/578/348 332/574/442 331/573/441
f 332/580/442 255/445/348 253/442/345
f 253/442/345 333/579/443 332/580/442
f 333/579/443 253/442/345 233/441/344
f 233/441/344 252/581/444 333/579/443
f 335/585/447 58/582/445 57/583/446
f 57/583/446 334/584/445 335/585/447
f 336/587/449 60/586/448 58/582/449
f 58/582/449 335/585/448 336/587/449
f 337/589/452 62/588/450 60/586/451
f 60/586/451 336/587/452 337/589/452
f 338/591/454 64/590/453 62/588/454
f 62/588/454 337/589/455 338/591/454
f 339/593/456 66/592/456 64/590/457
f 64/590/457 338/591/458 339/593/456
f 340/595/459 68/594/459 66/592/460
f 66/592/460 339/593/461 340/595/459
f 341/597/465 70/596/462 68/594/463
f 68/594/463 340/595/464 341/597/465
f 342/599/468 72/598/466 70/596/467
f 70/596/467 341/597/466 342/599/468
f 343/601/471 74/600/469 72/598/470
f 72/598/470 342/599/471 343/601/471
f 344/603/475 76/602/472 74/600/473
f 74/600/473 343/601/474 344/603/475
f 345/605/478 159/604/476 76/602/477
f 76/602/477 344/603/477 345/605/478
f 346/607/480 161/606/479 159/604/479
f 159/604/479 345/605/479 346/607/480
f 347/609/484 163/608/481 161/606/482
f 161/606/482 346/607/483 347/609/484
f 348/611/486 165/610/485 163/608/486
f 163/608/486 347/609/487 348/611/486
f 349/613/490 167/612/488 165/610/489
f 165/610/489 348/611/488 349/613/490
f 350/615/491 169/614/491 167/612/492
f 167/612/492 349/613/493 350/615/491
f 351/617/496 171/616/494 169/614/494
f 169/614/494 350/615/495 351/617/496
f 352/619/497 173/618/497 171/616/497
f 171/616/497 351/617/498 352/619/497
f 353/621/500 175/620/499 173/618/499
f 173/618/499 352/619/500 353/621/500
f 334/584/503 57/583/501 175/620/502
f 175/620/502 353/621/503 334/584/503
f 357/625/507 354/622/504 355/623/505
f 355/623/505 356/624/506 357/625/507
f 356/629/506 355/626/505 358/627/508
f 358/627/508 359/628/509 356/629/506
f 359/628/509 358/627/508 360/630/510
f 360/630/510 361/631/511 359/628/509
f 361/631/511 360/630/510 335/632/512
f 335/632/512 334/633/513 361/631/511
f 362/634/514 354/622/504 357/625/507
f 362/634/514 363/635/515 354/622/504
f 362/634/514 364/636/516 363/635/515
f 362/634/514 365/637/517 364/636/516
f 362/634/514 366/638/518 365/637/517
f 367/639/519 366/638/518 362/634/514
f 368/640/520 367/639/519 362/634/514
f 369/641/521 368/640/520 362/634/514
f 370/642/522 369/641/521 362/634/514
f 371/643/523 370/642/522 362/634/514
f 371/643/523 362/634/514 372/644/524
f 372/644/524 362/634/514 373/645/525
f 373/645/525 362/634/514 374/646/526
f 374/646/526 362/634/514 375/647/527
f 375/647/527 362/634/514 376/648/528
f 376/648/528 362/634/514 377/649/529
f 362/634/514 378/650/530 377/649/529
f 362/634/514 379/651/531 378/650/530
f 362/634/514 380/652/532 379/651/531
f 362/634/514 357/625/507 380/652/532
f 381/653/533 355/623/505 354/622/504
f 354/622/504 363/635/515 381/653/533
f 382/655/534 358/654/508 355/623/505
f 355/623/505 381/653/533 382/655/534
f 336/657/536 335/632/512 360/630/510
f 360/630/510 383/656/535 336/657/536
f 383/656/535 360/630/510 358/627/508
f 358/627/508 382/658/534 383/656/535
f 384/659/537 381/653/533 363/635/515
f 363/635/515 364/636/516 384/659/537
f 385/660/538 382/655/534 381/653/533
f 381/653/533 384/659/537 385/660/538
f 337/662/540 336/657/536 383/656/535
f 383/656/535 386/661/539 337/662/540
f 386/661/539 383/656/535 382/658/534
f 382/658/534 385/663/538 386/661/539
f 387/664/541 384/659/537 364/636/516
f 364/636/516 365/637/517 387/664/541
f 388/665/542 385/660/538 384/659/537
f 384/659/537 387/664/541 388/665/542
f 338/669/544 337/666/540 386/667/539
f 386/667/539 389/668/543 338/669/544
f 389/668/543 386/667/539 385/670/538
f 385/670/538 388/671/542 389/668/543
f 390/672/545 387/664/541 365/637/517
f 365/637/517 366/638/518 390/672/545
f 391/675/546 388/671/542 387/673/541
f 387/673/541 390/674/545 391/675/546
f 339/677/548 338/669/544 389/668/543
f 389/668/543 392/676/547 339/677/548
f 392/676/547 389/668/543 388/671/542
f 388/671/542 391/675/546 392/676/547
f 393/678/549 390/672/545 366/638/518
f 366/638/518 367/639/519 393/678/549
f 394/680/550 391/675/546 390/674/545
f 390/674/545 393/679/549 394/680/550
f 340/682/552 339/677/548 392/676/547
f 392/676/547 395/681/551 340/682/552
f 395/681/551 392/676/547 391/675/546
f 391/675/546 394/680/550 395/681/551
f 396/683/553 393/678/549 367/639/519
f 367/639/519 368/640/520 396/683/553
f 397/685/554 394/684/550 393/678/549
f 393/678/549 396/683/553 397/685/554
f 341/687/556 340/682/552 395/681/551
f 395/681/551 398/686/555 341/687/556
f 398/686/555 395/681/551 394/680/550
f 394/680/550 397/688/554 398/686/555
f 399/689/557 396/683/553 368/640/520
f 368/640/520 369/641/521 399/689/557
f 400/690/558 397/685/554 396/683/553
f 396/683/553 399/689/557 400/690/558
f 342/694/560 341/691/556 398/692/555
f 398/692/555 401/693/559 342/694/560
f 401/693/559 398/692/555 397/695/554
f 397/695/554 400/696/558 401/693/559
f 402/697/561 399/689/557 369/641/521
f 369/641/521 370/642/522 402/697/561
f 403/698/562 400/690/558 399/689/557
f 399/689/557 402/697/561 403/698/562
f 343/700/564 342/694/560 401/693/559
f 401/693/559 404/699/563 343/700/564
f 404/699/563 401/693/559 400/696/558
f 400/696/558 403/701/562 404/699/563
f 405/702/565 402/697/561 370/642/522
f 370/642/522 371/643/523 405/702/565
f 406/705/566 403/701/562 402/703/561
f 402/703/561 405/704/565 406/705/566
f 344/707/568 343/700/564 404/699/563
f 404/699/563 407/706/567 344/707/568
f 407/706/567 404/699/563 403/701/562
f 403/701/562 406/705/566 407/706/567
f 408/708/569 405/702/565 371/643/523
f 371/643/523 372/644/524 408/708/569
f 409/710/570 406/705/566 405/704/565
f 405/704/565 408/709/569 409/710/570
f 345/712/572 344/707/568 407/706/567
f 407/706/567 410/711/571 345/712/572
f 410/711/571 407/706/567 406/705/566
f 406/705/566 409/710/570 410/711/571
f 411/713/573 408/708/569 372/644/524
f 372/644/524 373/645/525 411/713/573
f 412/715/574 409/714/570 408/708/569
f 408/708/569 411/713/573 412/715/574
f 346/717/576 345/712/572 410/711/571
f 410/711/571 413/716/575 346/717/576
f 413/716/575 410/711/571 409/710/570
f 409/710/570 412/718/574 413/716/575
f 414/719/577 411/713/573 373/645/525
f 373/645/525 374/646/526 414/719/577
f 415/720/578 412/715/574 411/713/573
f 411/713/573 414/719/577 415/720/578
f 347/722/580 346/717/576 413/716/575
f 413/716/575 416/721/579 347/722/580
f 416/721/579 413/716/575 412/718/574
f 412/718/574 415/723/578 416/721/579
f 417/724/581 414/719/577 374/646/526
f 374/646/526 375/647/527 417/724/581
f 418/725/582 415/720/578 414/719/577
f 414/719/577 417/724/581 418/725/582
f 348/729/584 347/726/580 416/727/579
f 416/727/579 419/728/583 348/729/584
f 419/728/583 416/727/579 415/730/578
f 415/730/578 418/731/582 419/728/583
f 420/732/585 417/724/581 375/647/527
f 375/647/527 376/648/528 420/732/585
f 421/735/586 418/731/582 417/733/581
f 417/733/581 420/734/585 421/735/586
f 349/737/588 348/729/584 419/728/583
f 419/728/583 422/736/587 349/737/588
f 422/736/587 419/728/583 418/731/582
f 418/731/582 421/735/586 422/736/587
f 423/738/589 420/732/585 376/648/528
f 376/648/528 377/649/529 423/738/589
f 424/740/590 421/735/586 420/734/585
f 420/734/585 423/739/589 424/740/590
f 350/742/592 349/737/588 422/736/587
f 422/736/587 425/741/591 350/742/592
f 425/741/591 422/736/587 421/735/586
f 421/735/586 424/740/590 425/741/591
f 426/743/593 423/738/589 377/649/529
f 377/649/529 378/650/530 426/743/593
f 427/745/594 424/744/590 423/738/589
f 423/738/589 426/743/593 427/745/594
f 351/747/596 350/742/592 425/741/591
f 425/741/591 428/746/595 351/747/596
f 428/746/595 425/741/591 424/740/590
f 424/740/590 427/748/594 428/746/595
f 429/749/597 426/743/593 378/650/530
f 378/650/530 379/651/531 429/749/597
f 430/750/598 427/745/594 426/743/593
f 426/743/593 429/749/597 430/750/598
f 352/754/600 351/751/596 428/752/595
f 428/752/595 431/753/599 352/754/600
f 431/753/599 428/752/595 427/755/594
f 427/755/594 430/756/598 431/753/599
f 432/757/601 429/749/597 379/651/531
f 379/651/531 380/652/532 432/757/601
f 433/758/602 430/750/598 429/749/597
f 429/749/597 432/757/601 433/758/602
f 353/760/604 352/754/600 431/753/599
f 431/753/599 434/759/603 353/760/604
f 434/759/603 431/753/599 430/756/598
f 430/756/598 433/761/602 434/759/603
f 380/652/532 357/625/507 356/624/506
f 356/624/506 432/757/601 380/652/532
f 432/762/601 356/629/506 359/628/509
f 359/628/509 433/761/602 432/762/601
f 433/761/602 359/628/509 361/631/511
f 361/631/511 434/759/603 433/761/602
f 434/759/603 361/631/511 334/633/513
f 334/633/513 353/760/604 434/759/603
f 436/766/608 121/763/605 120/764/606
f 120/764/606 435/765/607 436/766/608
f 437/768/611 123/767/609 121/763/609
f 121/763/609 436/766/610 437/768/611
f 438/770/613 125/769/612 123/767/612
f 123/767/612 437/768/613 438/770/613
f 439/772/616 127/771/614 125/769/615
f 125/769/615 438/770/614 439/772/616
f 440/774/619 129/773/617 127/771/617
f 127/771/617 439/772/618 440/774/619
f 441/776/622 131/775/620 129/773/621
f 129/773/621 440/774/620 441/776/622
f 442/778/624 133/777/623 131/775/624
f 131/775/624 441/776/625 442/778/624
f 443/780/626 135/779/626 133/777/626
f 133/777/626 442/778/626 443/780/626
f 444/782/629 137/781/627 135/779/627
f 135/779/627 443/780/628 444/782/629
f 445/784/631 139/783/630 137/781/630
f 137/781/630 444/782/631 445/784/631
f 446/786/633 142/785/632 139/783/633
f 139/783/633 445/784/634 446/786/633
f 447/788/637 144/787/635 142/785/635
f 142/785/635 446/786/636 447/788/637
f 448/790/638 146/789/638 144/787/639
f 144/787/639 447/788/638 448/790/638
f 449/792/642 148/791/640 146/789/641
f 146/789/641 448/790/642 449/792/642
f 450/794/645 150/793/643 148/791/644
f 148/791/644 449/792/645 450/794/645
f 451/796/646 152/795/646 150/793/647
f 150/793/647 450/794/648 451/796/646
f 452/798/649 154/797/649 152/795/650
f 152/795/650 451/796/650 452/798/649
f 453/800/651 156/799/651 154/797/651
f 154/797/651 452/798/652 453/800/651
f 454/802/655 158/801/653 156/799/654
f 156/799/654 453/800/655 454/802/655
f 435/765/656 120/764/656 158/801/657
f 158/801/657 454/802/658 435/765/656
f 436/806/662 435/803/659 455/804/660
f 455/804/660 456/805/661 436/806/662
f 456/805/661 455/804/660 457/807/663
f 457/807/663 458/808/664 456/805/661
f 458/808/664 457/807/663 459/809/665
f 459/809/665 460/810/666 458/808/664
f 460/814/666 459/811/665 461/812/667
f 461/812/667 462/813/668 460/814/666
f 461/812/667 463/815/669 462/813/668
f 462/813/668 463/815/669 464/816/670
f 464/816/670 463/815/669 465/817/671
f 465/817/671 463/815/669 466/818/672
f 466/818/672 463/815/669 467/819/673
f 467/819/673 463/815/669 468/820/674
f 463/815/669 469/821/675 468/820/674
f 463/815/669 470/822/676 469/821/675
f 463/815/669 471/823/677 470/822/676
f 463/815/669 472/824/678 471/823/677
f 463/815/669 473/825/679 472/824/678
f 463/815/669 474/826/680 473/825/679
f 463/815/669 475/827/681 474/826/680
f 463/815/669 476/828/682 475/827/681
f 463/815/669 477/829/683 476/828/682
f 478/830/684 477/829/683 463/815/669
f 479/831/685 478/830/684 463/815/669
f 480/832/686 479/831/685 463/815/669
f 481/833/687 480/832/686 463/815/669
f 461/812/667 481/833/687 463/815/669
f 482/834/688 460/814/666 462/813/668
f 462/813/668 464/816/670 482/834/688
f 483/836/689 458/835/664 460/814/666
f 460/814/666 482/834/688 483/836/689
f 437/838/691 436/806/662 456/805/661
f 456/805/661 484/837/690 437/838/691
f 484/837/690 456/805/661 458/808/664
f 458/808/664 483/839/689 484/837/690
f 485/840/692 482/834/688 464/816/670
f 464/816/670 465/817/671 485/840/692
f 486/841/693 483/836/689 482/834/688
f 482/834/688 485/840/692 486/841/693
f 438/843/695 437/838/691 484/837/690
f 484/837/690 487/842/694 438/843/695
f 487/842/694 484/837/690 483/839/689
f 483/839/689 486/844/693 487/842/694
f 488/845/696 485/840/692 465/817/671
f 465/817/671 466/818/672 488/845/696
f 489/846/697 486/841/693 485/840/692
f 485/840/692 488/845/696 489/846/697
f 439/850/699 438/847/695 487/848/694
f 487/848/694 490/849/698 439/850/699
f 490/849/698 487/848/694 486/851/693
f 486/851/693 489/852/697 490/849/698
f 491/853/700 488/845/696 466/818/672
f 466/818/672 467/819/673 491/853/700
f 492/856/701 489/852/697 488/854/696
f 488/854/696 491/855/700 492/856/701
f 440/858/703 439/850/699 490/849/698
f 490/849/698 493/857/702 440/858/703
f 493/857/702 490/849/698 489/852/697
f 489/852/697 492/856/701 493/857/702
f 494/859/704 491/853/700 467/819/673
f 467/819/673 468/820/674 494/859/704
f 495/861/705 492/856/701 491/855/700
f 491/855/700 494/860/704 495/861/705
f 441/863/707 440/858/703 493/857/702
f 493/857/702 496/862/706 441/863/707
f 496/862/706 493/857/702 492/856/701
f 492/856/701 495/861/705 496/862/706
f 497/864/708 494/859/704 468/820/674
f 468/820/674 469/821/675 497/864/708
f 498/866/709 495/865/705 494/859/704
f 494/859/704 497/864/708 498/866/709
f 442/868/711 441/863/707 496/862/706
f 496/862/706 499/867/710 442/868/711
f 499/867/710 496/862/706 495/861/705
f 495/861/705 498/869/709 499/867/710
f 500/870/712 497/864/708 469/821/675
f 469/821/675 470/822/676 500/870/712
f 501/871/713 498/866/709 497/864/708
f 497/864/708 500/870/712 501/871/713
f 443/875/715 442/872/711 499/873/710
f 499/873/710 502/874/714 443/875/715
f 502/874/714 499/873/710 498/876/709
f 498/876/709 501/877/713 502/874/714
f 503/878/716 500/870/712 470/822/676
f 470/822/676 471/823/677 503/878/716
f 504/879/717 501/871/713 500/870/712
f 500/870/712 503/878/716 504/879/717
f 444/881/719 443/875/715 502/874/714
f 502/874/714 505/880/718 444/881/719
f 505/880/718 502/874/714 501/877/713
f 501/877/713 504/882/717 505/880/718
f 506/883/720 503/878/716 471/823/677
f 471/823/677 472/824/678 506/883/720
f 507/886/721 504/882/717 503/884/716
f 503/884/716 506/885/720 507/886/721
f 445/888/723 444/881/719 505/880/718
f 505/880/718 508/887/722 445/888/723
f 508/887/722 505/880/718 504/882/717
f 504/882/717 507/886/721 508/887/722
f 509/889/724 506/883/720 472/824/678
f 472/824/678 473/825/679 509/889/724
f 510/891/725 507/886/721 506/885/720
f 506/885/720 509/890/724 510/891/725
f 446/893/727 445/888/723 508/887/722
f 508/887/722 511/892/726 446/893/727
f 511/892/726 508/887/722 507/886/721
f 507/886/721 510/891/725 511/892/726
f 512/894/728 509/889/724 473/825/679
f 473/825/679 474/826/680 512/894/728
f 513/896/729 510/895/725 509/889/724
f 509/889/724 512/894/728 513/896/729
f 447/898/731 446/893/727 511/892/726
f 511/892/726 514/897/730 447/898/731
f 514/897/730 511/892/726 510/891/725
f 510/891/725 513/899/729 514/897/730
f 515/900/732 512/894/728 474/826/680
f 474/826/680 475/827/681 515/900/732
f 516/901/733 513/896/729 512/894/728
f 512/894/728 515/900/732 516/901/733
f 448/903/735 447/898/731 514/897/730
f 514/897/730 517/902/734 448/903/735
f 517/902/734 514/897/730 513/899/729
f 513/899/729 516/904/733 517/902/734
f 518/905/736 515/900/732 475/827/681
f 475/827/681 476/828/682 518/905/736
f 519/906/737 516/901/733 515/900/732
f 515/900/732 518/905/736 519/906/737
f 449/910/739 448/907/735 517/908/734
f 517/908/734 520/909/738 449/910/739
f 520/909/738 517/908/734 516/911/733
f 516/911/733 519/912/737 520/909/738
f 521/913/740 518/905/736 476/828/682
f 476/828/682 477/829/683 521/913/740
f 522/916/741 519/912/737 518/914/736
f 518/914/736 521/915/740 522/916/741
f 450/918/743 449/910/739 520/909/738
f 520/909/738 523/917/742 450/918/743
f 523/917/742 520/909/738 519/912/737
f 519/912/737 522/916/741 523/917/742
f 524/919/744 521/913/740 477/829/683
f 477/829/683 478/830/684 524/919/744
f 525/921/745 522/916/741 521/915/740
f 521/915/740 524/920/744 525/921/745
f 451/923/747 450/918/743 523/917/742
f 523/917/742 526/922/746 451/923/747
f 526/922/746 523/917/742 522/916/741
f 522/916/741 525/921/745 526/922/746
f 527/924/748 524/919/744 478/830/684
f 478/830/684 479/831/685 527/924/748
f 528/926/749 525/925/745 524/919/744
f 524/919/744 527/924/748 528/926/749
f 452/928/751 451/923/747 526/922/746
f 526/922/746 529/927/750 452/928/751
f 529/927/750 526/922/746 525/921/745
f 525/921/745 528/929/749 529/927/750
f 530/930/752 527/924/748 479/831/685
f 479/831/685 480/832/686 530/930/752
f 531/931/753 528/926/749 527/924/748
f 527/924/748 530/930/752 531/931/753
f 453/935/755 452/932/751 529/933/750
f 529/933/750 532/934/754 453/935/755
f 532/934/754 529/933/750 528/936/749
f 528/936/749 531/937/753 532/934/754
f 533/938/756 530/930/752 480/832/686
f 480/832/686 481/833/687 533/938/756
f 534/939/757 531/931/753 530/930/752
f 530/930/752 533/938/756 534/939/757
f 454/941/759 453/935/755 532/934/754
f 532/934/754 535/940/758 454/941/759
f 535/940/758 532/934/754 531/937/753
f 531/937/753 534/942/757 535/940/758
f 481/833/687 461/812/667 459/811/665
f 459/811/665 533/938/756 481/833/687
f 533/943/756 459/809/665 457/807/663
f 457/807/663 534/942/757 533/943/756
f 534/942/757 457/807/663 455/804/660
f 455/804/660 535/940/758 534/942/757
f 535/940/758 455/804/660 435/803/659
f 435/803/659 454/941/759 535/940/758
f 537/947/761 218/944/760 222/945/760
f 222/945/760 536/946/761 537/947/761
f 539/951/763 216/948/762 212/949/763
f 212/949/763 538/950/764 539/951/763
f 541/955/767 202/952/765 207/953/766
f 207/953/766 540/954/766 541/955/767
f 543/959/771 204/956/768 200/957/769
f 200/957/769 542/958/770 543/959/771
f 536/946/774 222/945/772 219/960/773
f 219/960/773 544/961/773 536/946/774
f 544/961/776 219/960/775 216/948/776
f 216/948/776 539/951/775 544/961/776
f 546/965/777 194/962/777 198/963/778
f 198/963/778 545/964/777 546/965/777
f 548/969/781 196/966/779 192/967/779
f 192/967/779 547/968/780 548/969/781
f 540/954/784 207/953/782 206/970/782
f 206/970/782 549/971/783 540/954/784
f 549/971/788 206/970/785 214/972/786
f 214/972/786 550/973/787 549/971/788
f 551/975/792 211/974/789 204/956/790
f 204/956/790 543/959/791 551/975/792
f 545/964/794 198/963/793 202/952/793
f 202/952/793 541/955/794 545/964/794
f 550/973/797 214/972/795 218/944/796
f 218/944/796 537/947/797 550/973/797
f 542/958/801 200/957/798 196/966/799
f 196/966/799 548/969/800 542/958/801
f 552/977/805 190/976/802 194/962/803
f 194/962/803 546/965/804 552/977/805
f 538/950/807 212/949/806 211/974/806
f 211/974/806 551/975/806 538/950/807
f 554/981/808 186/978/808 185/979/808
f 185/979/808 553/980/808 554/981/808
f 553/980/810 185/979/809 190/976/810
f 190/976/810 552/977/810 553/980/810
f 555/983/813 188/982/811 186/978/812
f 186/978/812 554/981/811 555/983/813
f 547/968/814 192/967/814 188/982/814
f 188/982/814 555/983/814 547/968/814
f 537/987/818 536/984/815 556/985/816
f 556/985/816 557/986/817 537/987/818
f 557/986/817 556/985/816 558/988/819
f 558/988/819 559/989/820 557/986/817
f 559/993/820 558/990/819 560/991/821
f 560/991/821 561/992/822 559/993/820
f 561/992/822 560/991/821 562/994/823
f 562/994/823 563/995/824 561/992/822
f 539/999/828 538/996/825 564/997/826
f 564/997/826 565/998/827 539/999/828
f 565/998/827 564/997/826 566/1000/829
f 566/1000/829 567/1001/830 565/998/827
f 567/1001/830 566/1000/829 568/1002/831
f 568/1002/831 569/1003/832 567/1001/830
f 569/1007/832 568/1004/831 570/1005/833
f 570/1005/833 571/1006/834 569/1007/832
f 575/1011/838 572/1008/835 573/1009/836
f 573/1009/836 574/1010/837 575/1011/838
f 574/1010/837 573/1009/836 576/1012/839
f 576/1012/839 577/1013/840 574/1010/837
f 577/1017/840 576/1014/839 578/1015/841
f 578/1015/841 579/1016/842 577/1017/840
f 579/1016/842 578/1015/841 541/1018/843
f 541/1018/843 540/1019/844 579/1016/842
f 543/1023/848 542/1020/845 580/1021/846
f 580/1021/846 581/1022/847 543/1023/848
f 581/1022/847 580/1021/846 582/1024/849
f 582/1024/849 583/1025/850 581/1022/847
f 583/1029/850 582/1026/849 584/1027/851
f 584/1027/851 585/1028/852 583/1029/850
f 585/1028/852 584/1027/851 586/1030/853
f 586/1030/853 587/1031/854 585/1028/852
f 591/1035/858 588/1032/855 589/1033/856
f 589/1033/856 590/1034/857 591/1035/858
f 590/1034/857 589/1033/856 592/1036/859
f 592/1036/859 593/1037/860 590/1034/857
f 593/1041/860 592/1038/859 594/1039/861
f 594/1039/861 595/1040/862 593/1041/860
f 595/1040/862 594/1039/861 546/1042/863
f 546/1042/863 545/1043/864 595/1040/862
f 599/1047/868 596/1044/865 597/1045/866
f 597/1045/866 598/1046/867 599/1047/868
f 598/1051/867 597/1048/866 600/1049/869
f 600/1049/869 601/1050/870 598/1051/867
f 601/1050/870 600/1049/869 602/1052/871
f 602/1052/871 603/1053/872 601/1050/870
f 603/1053/872 602/1052/871 548/1054/873
f 548/1054/873 547/1055/874 603/1053/872
f 607/1059/878 604/1056/875 605/1057/876
f 605/1057/876 606/1058/877 607/1059/878
f 606/1058/877 605/1057/876 608/1060/879
f 608/1060/879 609/1061/880 606/1058/877
f 609/1065/880 608/1062/879 610/1063/881
f 610/1063/881 611/1064/882 609/1065/880
f 611/1064/882 610/1063/881 554/1066/883
f 554/1066/883 553/1067/884 611/1064/882
f 562/994/823 612/1068/885 563/995/824
f 571/1006/834 570/1005/833 612/1068/885
f 612/1068/885 572/1008/835 575/1011/838
f 587/1031/854 586/1030/853 612/1068/885
f 613/1069/886 612/1068/885 562/994/823
f 571/1006/834 612/1068/885 613/1069/886
f 612/1068/885 588/1032/855 591/1035/858
f 612/1068/885 596/1044/865 599/1047/868
f 614/1070/887 612/1068/885 575/1011/838
f 615/1071/888 612/1068/885 614/1070/887
f 616/1072/889 587/1031/854 612/1068/885
f 612/1068/885 591/1035/858 572/1008/835
f 563/995/824 612/1068/885 615/1071/888
f 586/1030/853 596/1044/865 612/1068/885
f 612/1068/885 617/1073/890 588/1032/855
f 570/1005/833 616/1072/889 612/1068/885
f 612/1068/885 604/1056/875 607/1059/878
f 612/1068/885 607/1059/878 617/1073/890
f 612/1068/885 618/1074/891 604/1056/875
f 612/1068/885 599/1047/868 618/1074/891
f 619/1076/893 556/985/816 536/984/815
f 536/984/815 544/1075/892 619/1076/893
f 620/1077/894 558/988/819 556/985/816
f 556/985/816 619/1076/893 620/1077/894
f 613/1069/886 562/994/823 560/991/821
f 560/991/821 621/1078/895 613/1069/886
f 621/1078/895 560/991/821 558/990/819
f 558/990/819 620/1079/894 621/1078/895
f 622/1081/897 579/1016/842 540/1019/844
f 540/1019/844 549/1080/896 622/1081/897
f 623/1082/898 577/1017/840 579/1016/842
f 579/1016/842 622/1081/897 623/1082/898
f 614/1070/887 575/1011/838 574/1010/837
f 574/1010/837 624/1083/899 614/1070/887
f 624/1085/899 574/1084/837 577/1017/840
f 577/1017/840 623/1082/898 624/1085/899
f 625/1086/900 585/1028/852 587/1031/854
f 587/1031/854 616/1072/889 625/1086/900
f 626/1087/901 583/1029/850 585/1028/852
f 585/1028/852 625/1086/900 626/1087/901
f 551/1091/903 543/1088/848 581/1089/847
f 581/1089/847 627/1090/902 551/1091/903
f 627/1090/902 581/1089/847 583/1092/850
f 583/1092/850 626/1093/901 627/1090/902
f 544/1075/892 539/999/828 565/998/827
f 565/998/827 619/1076/893 544/1075/892
f 619/1076/893 565/998/827 567/1001/830
f 567/1001/830 620/1077/894 619/1076/893
f 620/1077/894 567/1001/830 569/1003/832
f 569/1003/832 621/1094/895 620/1077/894
f 621/1078/895 569/1007/832 571/1006/834
f 571/1006/834 613/1069/886 621/1078/895
f 628/1095/904 589/1033/856 588/1032/855
f 588/1032/855 617/1073/890 628/1095/904
f 629/1098/905 592/1038/859 589/1096/856
f 589/1096/856 628/1097/904 629/1098/905
f 552/1100/907 546/1042/863 594/1039/861
f 594/1039/861 630/1099/906 552/1100/907
f 630/1099/906 594/1039/861 592/1038/859
f 592/1038/859 629/1098/905 630/1099/906
f 545/1043/864 541/1101/843 578/1102/841
f 578/1102/841 595/1040/862 545/1043/864
f 595/1040/862 578/1102/841 576/1103/839
f 576/1103/839 593/1041/860 595/1040/862
f 593/1037/860 576/1012/839 573/1009/836
f 573/1009/836 590/1034/857 593/1037/860
f 590/1034/857 573/1009/836 572/1008/835
f 572/1008/835 591/1035/858 590/1034/857
f 596/1044/865 586/1030/853 584/1027/851
f 584/1027/851 597/1045/866 596/1044/865
f 597/1048/866 584/1104/851 582/1024/849
f 582/1024/849 600/1049/869 597/1048/866
f 600/1049/869 582/1024/849 580/1021/846
f 580/1021/846 602/1052/871 600/1049/869
f 602/1052/871 580/1021/846 542/1020/845
f 542/1020/845 548/1054/873 602/1052/871
f 631/1106/909 622/1081/897 549/1080/896
f 549/1080/896 550/1105/908 631/1106/909
f 632/1107/910 623/1082/898 622/1081/897
f 622/1081/897 631/1106/909 632/1107/910
f 615/1071/888 614/1070/887 624/1083/899
f 624/1083/899 633/1108/911 615/1071/888
f 633/1109/911 624/1085/899 623/1082/898
f 623/1082/898 632/1107/910 633/1109/911
f 550/1105/908 537/1110/818 557/1111/817
f 557/1111/817 631/1106/909 550/1105/908
f 631/1106/909 557/1111/817 559/1112/820
f 559/1112/820 632/1107/910 631/1106/909
f 632/1113/910 559/993/820 561/992/822
f 561/992/822 633/1108/911 632/1113/910
f 633/1108/911 561/992/822 563/995/824
f 563/995/824 615/1071/888 633/1108/911
f 616/1072/889 570/1005/833 568/1004/831
f 568/1004/831 625/1086/900 616/1072/889
f 625/1086/900 568/1004/831 566/1114/829
f 566/1114/829 626/1087/901 625/1086/900
f 626/1093/901 566/1000/829 564/997/826
f 564/997/826 627/1090/902 626/1093/901
f 627/1090/902 564/997/826 538/996/825
f 538/996/825 551/1091/903 627/1090/902
f 634/1115/912 605/1057/876 604/1056/875
f 604/1056/875 618/1074/891 634/1115/912
f 635/1116/913 608/1060/879 605/1057/876
f 605/1057/876 634/1115/912 635/1116/913
f 555/1118/915 554/1066/883 610/1063/881
f 610/1063/881 636/1117/914 555/1118/915
f 636/1117/914 610/1063/881 608/1062/879
f 608/1062/879 635/1119/913 636/1117/914
f 553/1067/884 552/1100/907 630/1099/906
f 630/1099/906 611/1064/882 553/1067/884
f 611/1064/882 630/1099/906 629/1098/905
f 629/1098/905 609/1065/880 611/1064/882
f 609/1065/880 629/1098/905 628/1097/904
f 628/1097/904 606/1120/877 609/1065/880
f 606/1058/877 628/1095/904 617/1073/890
f 617/1073/890 607/1059/878 606/1058/877
f 618/1074/891 599/1047/868 598/1046/867
f 598/1046/867 634/1115/912 618/1074/891
f 634/1115/912 598/1046/867 601/1121/870
f 601/1121/870 635/1116/913 634/1115/912
f 635/1123/913 601/1050/870 603/1053/872
f 603/1053/872 636/1122/914 635/1123/913
f 636/1122/914 603/1053/872 547/1055/874
f 547/1055/874 555/1124/915 636/1122/914
f 638/1128/917 79/1125/916 78/1126/916
f 78/1126/916 637/1127/916 638/1128/917
f 639/1130/918 81/1129/918 79/1125/916
f 79/1125/916 638/1128/917 639/1130/918
f 640/1132/919 83/1131/919 81/1129/920
f 81/1129/920 639/1130/920 640/1132/919
f 641/1134/921 85/1133/921 83/1131/921
f 83/1131/921 640/1132/919 641/1134/921
f 642/1136/922 87/1135/922 85/1133/921
f 85/1133/921 641/1134/921 642/1136/922
f 643/1138/924 90/1137/923 87/1135/922
f 87/1135/922 642/1136/922 643/1138/924
f 644/1140/926 92/1139/925 90/1137/923
f 90/1137/923 643/1138/924 644/1140/926
f 645/1142/928 94/1141/927 92/1139/927
f 92/1139/927 644/1140/927 645/1142/928
f 646/1144/930 96/1143/929 94/1141/930
f 94/1141/930 645/1142/931 646/1144/930
f 647/1146/922 98/1145/922 96/1143/929
f 96/1143/929 646/1144/922 647/1146/922
f 648/1148/932 100/1147/932 98/1145/922
f 98/1145/922 647/1146/922 648/1148/932
f 649/1150/934 102/1149/933 100/1147/932
f 100/1147/932 648/1148/932 649/1150/934
f 650/1152/937 104/1151/935 102/1149/935
f 102/1149/935 649/1150/936 650/1152/937
f 651/1154/938 106/1153/938 104/1151/939
f 104/1151/939 650/1152/939 651/1154/938
f 652/1156/941 108/1155/940 106/1153/940
f 106/1153/940 651/1154/940 652/1156/941
f 653/1158/942 109/1157/942 108/1155/942
f 108/1155/942 652/1156/943 653/1158/942
f 654/1160/944 111/1159/944 109/1157/945
f 109/1157/945 653/1158/945 654/1160/944
f 655/1162/947 113/1161/946 111/1159/946
f 111/1159/946 654/1160/947 655/1162/947
f 656/1164/948 115/1163/948 113/1161/949
f 113/1161/949 655/1162/949 656/1164/948
f 637/1127/916 78/1126/950 115/1163/948
f 115/1163/948 656/1164/948 637/1127/916
f 660/1168/954 657/1165/951 658/1166/952
f 658/1166/952 659/1167/953 660/1168/954
f 659/1167/953 658/1166/952 661/1169/955
f 661/1169/955 662/1170/956 659/1167/953
f 662/1170/956 661/1169/955 663/1171/957
f 663/1171/957 664/1172/958 662/1170/956
f 664/1176/958 663/1173/957 665/1174/959
f 665/1174/959 666/1175/960 664/1176/958
f 660/1168/954 638/1177/88 637/1178/44
f 637/1178/44 657/1165/951 660/1168/954
f 667/1180/962 639/1179/961 638/1177/88
f 638/1177/88 660/1168/954 667/1180/962
f 668/1184/964 640/1181/963 639/1182/961
f 639/1182/961 667/1183/962 668/1184/964
f 669/1186/966 641/1185/965 640/1181/963
f 640/1181/963 668/1184/964 669/1186/966
f 670/1188/968 642/1187/967 641/1185/965
f 641/1185/965 669/1186/966 670/1188/968
f 671/1190/970 643/1189/969 642/1187/967
f 642/1187/967 670/1188/968 671/1190/970
f 672/1192/972 644/1191/971 643/1189/969
f 643/1189/969 671/1190/970 672/1192/972
f 673/1194/974 645/1193/973 644/1191/971
f 644/1191/971 672/1192/972 673/1194/974
f 674/1198/976 646/1195/975 645/1196/973
f 645/1196/973 673/1197/974 674/1198/976
f 675/1200/978 647/1199/977 646/1195/975
f 646/1195/975 674/1198/976 675/1200/978
f 676/1202/980 648/1201/979 647/1199/977
f 647/1199/977 675/1200/978 676/1202/980
f 677/1204/982 649/1203/981 648/1201/979
f 648/1201/979 676/1202/980 677/1204/982
f 678/1208/984 650/1205/983 649/1206/981
f 649/1206/981 677/1207/982 678/1208/984
f 679/1210/986 651/1209/985 650/1205/983
f 650/1205/983 678/1208/984 679/1210/986
f 680/1212/987 652/1211/34 651/1209/985
f 651/1209/985 679/1210/986 680/1212/987
f 681/1214/989 653/1213/988 652/1211/34
f 652/1211/34 680/1212/987 681/1214/989
f 682/1216/991 654/1215/990 653/1213/988
f 653/1213/988 681/1214/989 682/1216/991
f 683/1218/993 655/1217/992 654/1215/990
f 654/1215/990 682/1216/991 683/1218/993
f 684/1222/995 656/1219/994 655/1220/992
f 655/1220/992 683/1221/993 684/1222/995
f 657/1165/951 637/1178/44 656/1219/994
f 656/1219/994 684/1222/995 657/1165/951
f 686/1224/997 664/1176/958 666/1175/960
f 666/1175/960 685/1223/996 686/1224/997
f 687/1226/998 662/1225/956 664/1176/958
f 664/1176/958 686/1224/997 687/1226/998
f 667/1180/962 660/1168/954 659/1167/953
f 659/1167/953 688/1227/999 667/1180/962
f 688/1227/999 659/1167/953 662/1170/956
f 662/1170/956 687/1228/998 688/1227/999
f 690/1230/1001 686/1224/997 685/1223/996
f 685/1223/996 689/1229/1000 690/1230/1001
f 691/1231/1002 687/1226/998 686/1224/997
f 686/1224/997 690/1230/1001 691/1231/1002
f 668/1184/964 667/1183/962 688/1232/999
f 688/1232/999 692/1233/1003 668/1184/964
f 692/1233/1003 688/1232/999 687/1234/998
f 687/1234/998 691/1235/1002 692/1233/1003
f 694/1237/1005 690/1230/1001 689/1229/1000
f 689/1229/1000 693/1236/1004 694/1237/1005
f 695/1238/1006 691/1231/1002 690/1230/1001
f 690/1230/1001 694/1237/1005 695/1238/1006
f 669/1186/966 668/1184/964 692/1233/1003
f 692/1233/1003 696/1239/1007 669/1186/966
f 696/1239/1007 692/1233/1003 691/1235/1002
f 691/1235/1002 695/1240/1006 696/1239/1007
f 698/1242/1009 694/1237/1005 693/1236/1004
f 693/1236/1004 697/1241/1008 698/1242/1009
f 699/1245/1010 695/1240/1006 694/1243/1005
f 694/1243/1005 698/1244/1009 699/1245/1010
f 670/1188/968 669/1186/966 696/1239/1007
f 696/1239/1007 700/1246/1011 670/1188/968
f 700/1246/1011 696/1239/1007 695/1240/1006
f 695/1240/1006 699/1245/1010 700/1246/1011
f 702/1248/1013 698/1242/1009 697/1241/1008
f 697/1241/1008 701/1247/1012 702/1248/1013
f 703/1250/1014 699/1245/1010 698/1244/1009
f 698/1244/1009 702/1249/1013 703/1250/1014
f 671/1190/970 670/1188/968 700/1246/1011
f 700/1246/1011 704/1251/1015 671/1190/970
f 704/1251/1015 700/1246/1011 699/1245/1010
f 699/1245/1010 703/1250/1014 704/1251/1015
f 706/1253/1017 702/1248/1013 701/1247/1012
f 701/1247/1012 705/1252/1016 706/1253/1017
f 707/1255/1018 703/1254/1014 702/1248/1013
f 702/1248/1013 706/1253/1017 707/1255/1018
f 672/1192/972 671/1190/970 704/1251/1015
f 704/1251/1015 708/1256/1019 672/1192/972
f 708/1256/1019 704/1251/1015 703/1250/1014
f 703/1250/1014 707/1257/1018 708/1256/1019
f 710/1259/1021 706/1253/1017 705/1252/1016
f 705/1252/1016 709/1258/1020 710/1259/1021
f 711/1260/1022 707/1255/1018 706/1253/1017
f 706/1253/1017 710/1259/1021 711/1260/1022
f 673/1194/974 672/1192/972 708/1256/1019
f 708/1256/1019 712/1261/1023 673/1194/974
f 712/1261/1023 708/1256/1019 707/1257/1018
f 707/1257/1018 711/1262/1022 712/1261/1023
f 714/1264/1025 710/1259/1021 709/1258/1020
f 709/1258/1020 713/1263/1024 714/1264/1025
f 715/1265/1026 711/1260/1022 710/1259/1021
f 710/1259/1021 714/1264/1025 715/1265/1026
f 674/1198/976 673/1197/974 712/1266/1023
f 712/1266/1023 716/1267/1027 674/1198/976
f 716/1267/1027 712/1266/1023 711/1268/1022
f 711/1268/1022 715/1269/1026 716/1267/1027
f 718/1271/1029 714/1264/1025 713/1263/1024
f 713/1263/1024 717/1270/1028 718/1271/1029
f 719/1274/1030 715/1269/1026 714/1272/1025
f 714/1272/1025 718/1273/1029 719/1274/1030
f 675/1200/978 674/1198/976 716/1267/1027
f 716/1267/1027 720/1275/1031 675/1200/978
f 720/1275/1031 716/1267/1027 715/1269/1026
f 715/1269/1026 719/1274/1030 720/1275/1031
f 722/1277/1033 718/1271/1029 717/1270/1028
f 717/1270/1028 721/1276/1032 722/1277/1033
f 723/1279/1034 719/1274/1030 718/1273/1029
f 718/1273/1029 722/1278/1033 723/1279/1034
f 676/1202/980 675/1200/978 720/1275/1031
f 720/1275/1031 724/1280/1035 676/1202/980
f 724/1280/1035 720/1275/1031 719/1274/1030
f 719/1274/1030 723/1279/1034 724/1280/1035
f 726/1282/1037 722/1277/1033 721/1276/1032
f 721/1276/1032 725/1281/1036 726/1282/1037
f 727/1284/1038 723/1283/1034 722/1277/1033
f 722/1277/1033 726/1282/1037 727/1284/1038
f 677/1204/982 676/1202/980 724/1280/1035
f 724/1280/1035 728/1285/1039 677/1204/982
f 728/1285/1039 724/1280/1035 723/1279/1034
f 723/1279/1034 727/1286/1038 728/1285/1039
f 730/1288/1041 726/1282/1037 725/1281/1036
f 725/1281/1036 729/1287/1040 730/1288/1041
f 731/1289/1042 727/1284/1038 726/1282/1037
f 726/1282/1037 730/1288/1041 731/1289/1042
f 678/1208/984 677/1207/982 728/1290/1039
f 728/1290/1039 732/1291/1043 678/1208/984
f 732/1291/1043 728/1290/1039 727/1292/1038
f 727/1292/1038 731/1293/1042 732/1291/1043
f 734/1295/1045 730/1288/1041 729/1287/1040
f 729/1287/1040 733/1294/1044 734/1295/1045
f 735/1296/1046 731/1289/1042 730/1288/1041
f 730/1288/1041 734/1295/1045 735/1296/1046
f 679/1210/986 678/1208/984 732/1291/1043
f 732/1291/1043 736/1297/1047 679/1210/986
f 736/1297/1047 732/1291/1043 731/1293/1042
f 731/1293/1042 735/1298/1046 736/1297/1047
f 738/1300/1049 734/1295/1045 733/1294/1044
f 733/1294/1044 737/1299/1048 738/1300/1049
f 739/1303/1050 735/1298/1046 734/1301/1045
f 734/1301/1045 738/1302/1049 739/1303/1050
f 680/1212/987 679/1210/986 736/1297/1047
f 736/1297/1047 740/1304/1051 680/1212/987
f 740/1304/1051 736/1297/1047 735/1298/1046
f 735/1298/1046 739/1303/1050 740/1304/1051
f 742/1306/1053 738/1300/1049 737/1299/1048
f 737/1299/1048 741/1305/1052 742/1306/1053
f 743/1308/1054 739/1303/1050 738/1302/1049
f 738/1302/1049 742/1307/1053 743/1308/1054
f 681/1214/989 680/1212/987 740/1304/1051
f 740/1304/1051 744/1309/1055 681/1214/989
f 744/1309/1055 740/1304/1051 739/1303/1050
f 739/1303/1050 743/1308/1054 744/1309/1055
f 746/1311/1057 742/1306/1053 741/1305/1052
f 741/1305/1052 745/1310/1056 746/1311/1057
f 747/1313/1058 743/1312/1054 742/1306/1053
f 742/1306/1053 746/1311/1057 747/1313/1058
f 682/1216/991 681/1214/989 744/1309/1055
f 744/1309/1055 748/1314/1059 682/1216/991
f 748/1314/1059 744/1309/1055 743/1308/1054
f 743/1308/1054 747/1315/1058 748/1314/1059
f 750/1317/1061 746/1311/1057 745/1310/1056
f 745/1310/1056 749/1316/1060 750/1317/1061
f 751/1318/1062 747/1313/1058 746/1311/1057
f 746/1311/1057 750/1317/1061 751/1318/1062
f 683/1218/993 682/1216/991 748/1314/1059
f 748/1314/1059 752/1319/1063 683/1218/993
f 752/1319/1063 748/1314/1059 747/1315/1058
f 747/1315/1058 751/1320/1062 752/1319/1063
f 754/1322/1065 750/1317/1061 749/1316/1060
f 749/1316/1060 753/1321/1064 754/1322/1065
f 755/1323/1066 751/1318/1062 750/1317/1061
f 750/1317/1061 754/1322/1065 755/1323/1066
f 684/1222/995 683/1221/993 752/1324/1063
f 752/1324/1063 756/1325/1067 684/1222/995
f 756/1325/1067 752/1324/1063 751/1326/1062
f 751/1326/1062 755/1327/1066 756/1325/1067
f 753/1321/1064 665/1174/959 663/1173/957
f 663/1173/957 754/1322/1065 753/1321/1064
f 754/1328/1065 663/1171/957 661/1169/955
f 661/1169/955 755/1327/1066 754/1328/1065
f 755/1327/1066 661/1169/955 658/1166/952
f 658/1166/952 756/1325/1067 755/1327/1066
f 756/1325/1067 658/1166/952 657/1165/951
f 657/1165/951 684/1222/995 756/1325/1067
f 758/1330/1070 666/1175/1068 665/1174/1069
f 665/1174/1069 757/1329/1068 758/1330/1070
f 759/1331/1072 685/1223/1071 666/1175/1072
f 666/1175/1072 758/1330/1072 759/1331/1072
f 760/1332/1074 689/1229/1073 685/1223/1071
f 685/1223/1071 759/1331/1074 760/1332/1074
f 761/1333/1076 693/1236/1075 689/1229/1073
f 689/1229/1073 760/1332/1075 761/1333/1076
f 762/1334/1078 697/1241/1077 693/1236/1075
f 693/1236/1075 761/1333/1076 762/1334/1078
f 763/1335/922 701/1247/922 697/1241/1077
f 697/1241/1077 762/1334/922 763/1335/922
f 764/1336/1080 705/1252/1079 701/1247/922
f 701/1247/922 763/1335/922 764/1336/1080
f 765/1337/1081 709/1258/1081 705/1252/1079
f 705/1252/1079 764/1336/1081 765/1337/1081
f 766/1338/1082 713/1263/1082 709/1258/1083
f 709/1258/1083 765/1337/1083 766/1338/1082
f 767/1339/1084 717/1270/1084 713/1263/1082
f 713/1263/1082 766/1338/1085 767/1339/1084
f 768/1340/922 721/1276/922 717/1270/922
f 717/1270/922 767/1339/922 768/1340/922
f 769/1341/1087 725/1281/1086 721/1276/1087
f 721/1276/1087 768/1340/1087 769/1341/1087
f 770/1342/1088 729/1287/1088 725/1281/1089
f 725/1281/1089 769/1341/1090 770/1342/1088
f 771/1343/922 733/1294/922 729/1287/922
f 729/1287/922 770/1342/922 771/1343/922
f 772/1344/1091 737/1299/1091 733/1294/922
f 733/1294/922 771/1343/1092 772/1344/1091
f 773/1345/1094 741/1305/1093 737/1299/1091
f 737/1299/1091 772/1344/1094 773/1345/1094
f 774/1346/1097 745/1310/1095 741/1305/1093
f 741/1305/1093 773/1345/1096 774/1346/1097
f 775/1347/922 749/1316/922 745/1310/1095
f 745/1310/1095 774/1346/922 775/1347/922
f 776/1348/922 753/1321/922 749/1316/922
f 749/1316/922 775/1347/922 776/1348/922
f 757/1329/1068 665/1174/922 753/1321/922
f 753/1321/922 776/1348/922 757/1329/1068
f 778/1352/1098 758/1349/1098 757/1350/1098
f 757/1350/1098 777/1351/1098 778/1352/1098
f 779/1354/1099 759/1353/1099 758/1349/1099
f 758/1349/1099 778/1352/1099 779/1354/1099
f 780/1358/1100 760/1355/1100 759/1356/1100
f 759/1356/1100 779/1357/1100 780/1358/1100
f 781/1360/1101 761/1359/1101 760/1355/1101
f 760/1355/1101 780/1358/1101 781/1360/1101
f 782/1362/1102 762/1361/1102 761/1359/1102
f 761/1359/1102 781/1360/1102 782/1362/1102
f 783/1364/1103 763/1363/1103 762/1361/1103
f 762/1361/1103 782/1362/1103 783/1364/1103
f 784/1366/1104 764/1365/1104 763/1363/1104
f 763/1363/1104 783/1364/1104 784/1366/1104
f 785/1368/1105 765/1367/1105 764/1365/1105
f 764/1365/1105 784/1366/1105 785/1368/1105
f 786/1372/1106 766/1369/1106 765/1370/1106
f 765/1370/1106 785/1371/1106 786/1372/1106
f 787/1374/1107 767/1373/1107 766/1369/1107
f 766/1369/1107 786/1372/1107 787/1374/1107
f 788/1376/1108 768/1375/1108 767/1373/1108
f 767/1373/1108 787/1374/1108 788/1376/1108
f 789/1378/1109 769/1377/1109 768/1375/1109
f 768/1375/1109 788/1376/1109 789/1378/1109
f 790/1382/1110 770/1379/1110 769/1380/1110
f 769/1380/1110 789/1381/1110 790/1382/1110
f 791/1384/1111 771/1383/1111 770/1379/1111
f 770/1379/1111 790/1382/1111 791/1384/1111
f 792/1386/1112 772/1385/1112 771/1383/1112
f 771/1383/1112 791/1384/1112 792/1386/1112
f 793/1388/1113 773/1387/1113 772/1385/1113
f 772/1385/1113 792/1386/1113 793/1388/1113
f 794/1390/1114 774/1389/1114 773/1387/1114
f 773/1387/1114 793/1388/1114 794/1390/1114
f 795/1392/1115 775/1391/1115 774/1389/1115
f 774/1389/1115 794/1390/1115 795/1392/1115
f 796/1396/1116 776/1393/1116 775/1394/1116
f 775/1394/1116 795/1395/1116 796/1396/1116
f 777/1351/1117 757/1350/1117 776/1393/1117
f 776/1393/1117 796/1396/1117 777/1351/1117
f 798/1400/1120 778/1397/1118 777/1398/1119
f 777/1398/1119 797/1399/1118 798/1400/1120
f 799/1402/922 779/1401/922 778/1397/922
f 778/1397/922 798/1400/922 799/1402/922
f 800/1404/1121 780/1403/1121 779/1401/1121
f 779/1401/1121 799/1402/1121 800/1404/1121
f 801/1406/1123 781/1405/1122 780/1403/1123
f 780/1403/1123 800/1404/1123 801/1406/1123
f 802/1408/1125 782/1407/1124 781/1405/1124
f 781/1405/1124 801/1406/1125 802/1408/1125
f 803/1410/1126 783/1409/1126 782/1407/1126
f 782/1407/1126 802/1408/1127 803/1410/1126
f 804/1412/1130 784/1411/1128 783/1409/1129
f 783/1409/1129 803/1410/1128 804/1412/1130
f 805/1414/1131 785/1413/1131 784/1411/1131
f 784/1411/1131 804/1412/1131 805/1414/1131
f 806/1416/922 786/1415/922 785/1413/922
f 785/1413/922 805/1414/922 806/1416/922
f 807/1418/1133 787/1417/1132 786/1415/1132
f 786/1415/1132 806/1416/1132 807/1418/1133
f 808/1420/922 788/1419/922 787/1417/922
f 787/1417/922 807/1418/922 808/1420/922
f 809/1422/1135 789/1421/1134 788/1419/1134
f 788/1419/1134 808/1420/922 809/1422/1135
f 810/1424/1136 790/1423/1136 789/1421/1136
f 789/1421/1136 809/1422/1136 810/1424/1136
f 811/1426/1137 791/1425/1137 790/1423/1137
f 790/1423/1137 810/1424/1138 811/1426/1137
f 812/1428/922 792/1427/922 791/1425/922
f 791/1425/922 811/1426/922 812/1428/922
f 813/1430/1140 793/1429/1139 792/1427/1139
f 792/1427/1139 812/1428/1140 813/1430/1140
f 814/1432/1141 794/1431/1141 793/1429/1141
f 793/1429/1141 813/1430/1141 814/1432/1141
f 815/1434/1144 795/1433/1142 794/1431/1143
f 794/1431/1143 814/1432/1143 815/1434/1144
f 816/1436/1146 796/1435/1145 795/1433/1142
f 795/1433/1142 815/1434/1144 816/1436/1146
f 797/1399/1147 777/1398/1147 796/1435/1145
f 796/1435/1145 816/1436/1147 797/1399/1147
f 820/1440/1151 817/1437/1148 818/1438/1149
f 818/1438/1149 819/1439/1150 820/1440/1151
f 819/1439/1150 818/1438/1149 821/1441/1152
f 821/1441/1152 822/1442/1153 819/1439/1150
f 822/1442/1153 821/1441/1152 823/1443/1154
f 823/1443/1154 824/1444/1155 822/1442/1153
f 824/1448/1155 823/1445/1154 825/1446/1156
f 825/1446/1156 826/1447/1157 824/1448/1155
f 825/1446/1156 827/1449/1158 826/1447/1157
f 827/1449/1158 828/1450/1159 826/1447/1157
f 827/1449/1158 829/1451/1160 828/1450/1159
f 827/1449/1158 830/1452/1161 829/1451/1160
f 827/1449/1158 831/1453/1162 830/1452/1161
f 827/1449/1158 832/1454/1163 831/1453/1162
f 827/1449/1158 833/1455/1164 832/1454/1163
f 827/1449/1158 834/1456/1165 833/1455/1164
f 827/1449/1158 835/1457/1166 834/1456/1165
f 827/1449/1158 836/1458/1167 835/1457/1166
f 837/1459/1168 836/1458/1167 827/1449/1158
f 838/1460/1169 837/1459/1168 827/1449/1158
f 839/1461/1170 838/1460/1169 827/1449/1158
f 840/1462/1171 839/1461/1170 827/1449/1158
f 841/1463/1172 840/1462/1171 827/1449/1158
f 841/1463/1172 827/1449/1158 842/1464/1173
f 842/1464/1173 827/1449/1158 843/1465/1174
f 843/1465/1174 827/1449/1158 844/1466/1175
f 844/1466/1175 827/1449/1158 845/1467/1176
f 845/1467/1176 827/1449/1158 825/1446/1156
f 820/1440/1151 798/1468/1177 797/1469/44
f 797/1469/44 817/1437/1148 820/1440/1151
f 846/1471/1179 799/1470/1178 798/1468/1177
f 798/1468/1177 820/1440/1151 846/1471/1179
f 847/1475/1181 800/1472/1180 799/1473/1178
f 799/1473/1178 846/1474/1179 847/1475/1181
f 848/1477/1183 801/1476/1182 800/1472/1180
f 800/1472/1180 847/1475/1181 848/1477/1183
f 849/1479/1185 802/1478/1184 801/1476/1182
f 801/1476/1182 848/1477/1183 849/1479/1185
f 850/1481/1187 803/1480/1186 802/1478/1184
f 802/1478/1184 849/1479/1185 850/1481/1187
f 851/1483/1189 804/1482/1188 803/1480/1186
f 803/1480/1186 850/1481/1187 851/1483/1189
f 852/1485/1191 805/1484/1190 804/1482/1188
f 804/1482/1188 851/1483/1189 852/1485/1191
f 853/1489/1193 806/1486/1192 805/1487/1190
f 805/1487/1190 852/1488/1191 853/1489/1193
f 854/1491/1194 807/1490/2 806/1486/1192
f 806/1486/1192 853/1489/1193 854/1491/1194
f 855/1493/1196 808/1492/1195 807/1490/2
f 807/1490/2 854/1491/1194 855/1493/1196
f 856/1495/1198 809/1494/1197 808/1492/1195
f 808/1492/1195 855/1493/1196 856/1495/1198
f 857/1499/1200 810/1496/1199 809/1497/1197
f 809/1497/1197 856/1498/1198 857/1499/1200
f 858/1501/1202 811/1500/1201 810/1496/1199
f 810/1496/1199 857/1499/1200 858/1501/1202
f 859/1503/1203 812/1502/34 811/1500/1201
f 811/1500/1201 858/1501/1202 859/1503/1203
f 860/1505/1205 813/1504/1204 812/1502/34
f 812/1502/34 859/1503/1203 860/1505/1205
f 861/1507/1207 814/1506/1206 813/1504/1204
f 813/1504/1204 860/1505/1205 861/1507/1207
f 862/1509/1209 815/1508/1208 814/1506/1206
f 814/1506/1206 861/1507/1207 862/1509/1209
f 863/1513/1211 816/1510/1210 815/1511/1208
f 815/1511/1208 862/1512/1209 863/1513/1211
f 817/1437/1148 797/1469/44 816/1510/1210
f 816/1510/1210 863/1513/1211 817/1437/1148
f 864/1514/1212 824/1448/1155 826/1447/1157
f 826/1447/1157 828/1450/1159 864/1514/1212
f 865/1516/1213 822/1515/1153 824/1448/1155
f 824/1448/1155 864/1514/1212 865/1516/1213
f 846/1471/1179 820/1440/1151 819/1439/1150
f 819/1439/1150 866/1517/1214 846/1471/1179
f 866/1517/1214 819/1439/1150 822/1442/1153
f 822/1442/1153 865/1518/1213 866/1517/1214
f 867/1519/1215 864/1514/1212 828/1450/1159
f 828/1450/1159 829/1451/1160 867/1519/1215
f 868/1520/1216 865/1516/1213 864/1514/1212
f 864/1514/1212 867/1519/1215 868/1520/1216
f 847/1475/1181 846/1474/1179 866/1521/1214
f 866/1521/1214 869/1522/1217 847/1475/1181
f 869/1522/1217 866/1521/1214 865/1523/1213
f 865/1523/1213 868/1524/1216 869/1522/1217
f 870/1525/1218 867/1519/1215 829/1451/1160
f 829/1451/1160 830/1452/1161 870/1525/1218
f 871/1526/1219 868/1520/1216 867/1519/1215
f 867/1519/1215 870/1525/1218 871/1526/1219
f 848/1477/1183 847/1475/1181 869/1522/1217
f 869/1522/1217 872/1527/1220 848/1477/1183
f 872/1527/1220 869/1522/1217 868/1524/1216
f 868/1524/1216 871/1528/1219 872/1527/1220
f 873/1529/1221 870/1525/1218 830/1452/1161
f 830/1452/1161 831/1453/1162 873/1529/1221
f 874/1532/1222 871/1528/1219 870/1530/1218
f 870/1530/1218 873/1531/1221 874/1532/1222
f 849/1479/1185 848/1477/1183 872/1527/1220
f 872/1527/1220 875/1533/1223 849/1479/1185
f 875/1533/1223 872/1527/1220 871/1528/1219
f 871/1528/1219 874/1532/1222 875/1533/1223
f 876/1534/1224 873/1529/1221 831/1453/1162
f 831/1453/1162 832/1454/1163 876/1534/1224
f 877/1536/1225 874/1532/1222 873/1531/1221
f 873/1531/1221 876/1535/1224 877/1536/1225
f 850/1481/1187 849/1479/1185 875/1533/1223
f 875/1533/1223 878/1537/1226 850/1481/1187
f 878/1537/1226 875/1533/1223 874/1532/1222
f 874/1532/1222 877/1536/1225 878/1537/1226
f 879/1538/1227 876/1534/1224 832/1454/1163
f 832/1454/1163 833/1455/1164 879/1538/1227
f 880/1540/1228 877/1539/1225 876/1534/1224
f 876/1534/1224 879/1538/1227 880/1540/1228
f 851/1483/1189 850/1481/1187 878/1537/1226
f 878/1537/1226 881/1541/1229 851/1483/1189
f 881/1541/1229 878/1537/1226 877/1536/1225
f 877/1536/1225 880/1542/1228 881/1541/1229
f 882/1543/1230 879/1538/1227 833/1455/1164
f 833/1455/1164 834/1456/1165 882/1543/1230
f 883/1544/1231 880/1540/1228 879/1538/1227
f 879/1538/1227 882/1543/1230 883/1544/1231
f 852/1485/1191 851/1483/1189 881/1541/1229
f 881/1541/1229 884/1545/1232 852/1485/1191
f 884/1545/1232 881/1541/1229 880/1542/1228
f 880/1542/1228 883/1546/1231 884/1545/1232
f 885/1547/1233 882/1543/1230 834/1456/1165
f 834/1456/1165 835/1457/1166 885/1547/1233
f 886/1548/1234 883/1544/1231 882/1543/1230
f 882/1543/1230 885/1547/1233 886/1548/1234
f 853/1489/1193 852/1488/1191 884/1549/1232
f 884/1549/1232 887/1550/1235 853/1489/1193
f 887/1550/1235 884/1549/1232 883/1551/1231
f 883/1551/1231 886/1552/1234 887/1550/1235
f 888/1553/1236 885/1547/1233 835/1457/1166
f 835/1457/1166 836/1458/1167 888/1553/1236
f 889/1556/1237 886/1552/1234 885/1554/1233
f 885/1554/1233 888/1555/1236 889/1556/1237
f 854/1491/1194 853/1489/1193 887/1550/1235
f 887/1550/1235 890/1557/1238 854/1491/1194
f 890/1557/1238 887/1550/1235 886/1552/1234
f 886/1552/1234 889/1556/1237 890/1557/1238
f 891/1558/1239 888/1553/1236 836/1458/1167
f 836/1458/1167 837/1459/1168 891/1558/1239
f 892/1560/1240 889/1556/1237 888/1555/1236
f 888/1555/1236 891/1559/1239 892/1560/1240
f 855/1493/1196 854/1491/1194 890/1557/1238
f 890/1557/1238 893/1561/1241 855/1493/1196
f 893/1561/1241 890/1557/1238 889/1556/1237
f 889/1556/1237 892/1560/1240 893/1561/1241
f 894/1562/1242 891/1558/1239 837/1459/1168
f 837/1459/1168 838/1460/1169 894/1562/1242
f 895/1564/1243 892/1563/1240 891/1558/1239
f 891/1558/1239 894/1562/1242 895/1564/1243
f 856/1495/1198 855/1493/1196 893/1561/1241
f 893/1561/1241 896/1565/1244 856/1495/1198
f 896/1565/1244 893/1561/1241 892/1560/1240
f 892/1560/1240 895/1566/1243 896/1565/1244
f 897/1567/1245 894/1562/1242 838/1460/1169
f 838/1460/1169 839/1461/1170 897/1567/1245
f 898/1568/1246 895/1564/1243 894/1562/1242
f 894/1562/1242 897/1567/1245 898/1568/1246
f 857/1499/1200 856/1498/1198 896/1569/1244
f 896/1569/1244 899/1570/1247 857/1499/1200
f 899/1570/1247 896/1569/1244 895/1571/1243
f 895/1571/1243 898/1572/1246 899/1570/1247
f 900/1573/1248 897/1567/1245 839/1461/1170
f 839/1461/1170 840/1462/1171 900/1573/1248
f 901/1574/1249 898/1568/1246 897/1567/1245
f 897/1567/1245 900/1573/1248 901/1574/1249
f 858/1501/1202 857/1499/1200 899/1570/1247
f 899/1570/1247 902/1575/1250 858/1501/1202
f 902/1575/1250 899/1570/1247 898/1572/1246
f 898/1572/1246 901/1576/1249 902/1575/1250
f 903/1577/1251 900/1573/1248 840/1462/1171
f 840/1462/1171 841/1463/1172 903/1577/1251
f 904/1580/1252 901/1576/1249 900/1578/1248
f 900/1578/1248 903/1579/1251 904/1580/1252
f 859/1503/1203 858/1501/1202 902/1575/1250
f 902/1575/1250 905/1581/1253 859/1503/1203
f 905/1581/1253 902/1575/1250 901/1576/1249
f 901/1576/1249 904/1580/1252 905/1581/1253
f 906/1582/1254 903/1577/1251 841/1463/1172
f 841/1463/1172 842/1464/1173 906/1582/1254
f 907/1584/1255 904/1580/1252 903/1579/1251
f 903/1579/1251 906/1583/1254 907/1584/1255
f 860/1505/1205 859/1503/1203 905/1581/1253
f 905/1581/1253 908/1585/1256 860/1505/1205
f 908/1585/1256 905/1581/1253 904/1580/1252
f 904/1580/1252 907/1584/1255 908/1585/1256
f 909/1586/1257 906/1582/1254 842/1464/1173
f 842/1464/1173 843/1465/1174 909/1586/1257
f 910/1588/1258 907/1587/1255 906/1582/1254
f 906/1582/1254 909/1586/1257 910/1588/1258
f 861/1507/1207 860/1505/1205 908/1585/1256
f 908/1585/1256 911/1589/1259 861/1507/1207
f 911/1589/1259 908/1585/1256 907/1584/1255
f 907/1584/1255 910/1590/1258 911/1589/1259
f 912/1591/1260 909/1586/1257 843/1465/1174
f 843/1465/1174 844/1466/1175 912/1591/1260
f 913/1592/1261 910/1588/1258 909/1586/1257
f 909/1586/1257 912/1591/1260 913/1592/1261
f 862/1509/1209 861/1507/1207 911/1589/1259
f 911/1589/1259 914/1593/1262 862/1509/1209
f 914/1593/1262 911/1589/1259 910/1590/1258
f 910/1590/1258 913/1594/1261 914/1593/1262
f 915/1595/1263 912/1591/1260 844/1466/1175
f 844/1466/1175 845/1467/1176 915/1595/1263
f 916/1596/1264 913/1592/1261 912/1591/1260
f 912/1591/1260 915/1595/1263 916/1596/1264
f 863/1513/1211 862/1512/1209 914/1597/1262
f 914/1597/1262 917/1598/1265 863/1513/1211
f 917/1598/1265 914/1597/1262 913/1599/1261
f 913/1599/1261 916/1600/1264 917/1598/1265
f 845/1467/1176 825/1446/1156 823/1445/1154
f 823/1445/1154 915/1595/1263 845/1467/1176
f 915/1601/1263 823/1443/1154 821/1441/1152
f 821/1441/1152 916/1600/1264 915/1601/1263
f 916/1600/1264 821/1441/1152 818/1438/1149
f 818/1438/1149 917/1598/1265 916/1600/1264
f 917/1598/1265 818/1438/1149 817/1437/1148
f 817/1437/1148 863/1513/1211 917/1598/1265

# Mesh
g pCylinder9
usemtl lambert6
f 921/1605/1269 918/1602/1266 919/1603/1267
f 919/1603/1267 920/1604/1268 921/1605/1269
f 920/1604/1268 919/1603/1267 922/1606/1270
f 922/1606/1270 923/1607/1270 920/1604/1268
f 923/1611/1270 922/1608/1270 924/1609/1271
f 924/1609/1271 925/1610/1271 923/1611/1270
f 925/1610/1271 924/1609/1271 926/1612/1272
f 926/1612/1272 927/1613/1273 925/1610/1271
f 927/1613/1273 926/1612/1272 928/1614/1274
f 928/1614/1274 929/1615/1275 927/1613/1273
f 929/1615/1275 928/1614/1274 930/1616/1276
f 930/1616/1276 931/1617/1276 929/1615/1275
f 931/1621/1276 930/1618/1276 932/1619/1277
f 932/1619/1277 933/1620/1278 931/1621/1276
f 933/1620/1278 932/1619/1277 934/1622/1279
f 934/1622/1279 935/1623/1280 933/1620/1278
f 935/1623/1280 934/1622/1279 936/1624/1281
f 936/1624/1281 937/1625/1282 935/1623/1280
f 937/1625/1282 936/1624/1281 938/1626/1283
f 938/1626/1283 939/1627/1283 937/1625/1282
f 939/1627/1283 938/1626/1283 940/1628/1284
f 940/1628/1284 941/1629/1285 939/1627/1283
f 941/1629/1285 940/1628/1284 942/1630/1286
f 942/1630/1286 943/1631/1287 941/1629/1285
f 943/1635/1287 942/1632/1286 944/1633/1288
f 944/1633/1288 945/1634/1288 943/1635/1287
f 945/1634/1288 944/1633/1288 946/1636/1289
f 946/1636/1289 947/1637/1290 945/1634/1288
f 947/1637/1290 946/1636/1289 948/1638/1291
f 948/1638/1291 949/1639/1292 947/1637/1290
f 949/1639/1292 948/1638/1291 950/1640/1293
f 950/1640/1293 951/1641/1294 949/1639/1292
f 951/1645/1294 950/1642/1293 952/1643/1295
f 952/1643/1295 953/1644/1296 951/1645/1294
f 953/1644/1296 952/1643/1295 954/1646/1297
f 954/1646/1297 955/1647/1298 953/1644/1296
f 955/1647/1298 954/1646/1297 956/1648/1299
f 956/1648/1299 957/1649/1300 955/1647/1298
f 957/1649/1300 956/1648/1299 918/1602/1266
f 918/1602/1266 921/1605/1269 957/1649/1300
f 977/1669/1320 958/1650/1301 959/1651/1302
f 977/1669/1320 959/1651/1302 960/1652/1303
f 977/1669/1320 960/1652/1303 961/1653/1304
f 977/1669/1320 961/1653/1304 962/1654/1305
f 977/1669/1320 962/1654/1305 963/1655/1306
f 977/1669/1320 963/1655/1306 964/1656/1307
f 977/1669/1320 964/1656/1307 965/1657/1308
f 977/1669/1320 965/1657/1308 966/1658/1309
f 977/1669/1320 966/1658/1309 967/1659/1310
f 977/1669/1320 967/1659/1310 968/1660/1311
f 977/1669/1320 968/1660/1311 969/1661/1312
f 977/1669/1320 969/1661/1312 970/1662/1313
f 977/1669/1320 970/1662/1313 971/1663/1314
f 977/1669/1320 971/1663/1314 972/1664/1315
f 977/1669/1320 972/1664/1315 973/1665/1316
f 977/1669/1320 973/1665/1316 974/1666/1317
f 977/1669/1320 974/1666/1317 975/1667/1318
f 975/1667/1318 976/1668/1319 977/1669/1320
f 979/1673/1324 921/1670/1321 920/1671/1322
f 920/1671/1322 978/1672/1323 979/1673/1324
f 978/1672/1327 920/1671/1322 923/1674/1325
f 923/1674/1325 980/1675/1326 978/1672/1327
f 980/1675/1326 923/1674/1325 925/1676/1328
f 925/1676/1328 981/1677/1329 980/1675/1326
f 981/1677/1329 925/1676/1328 927/1678/1330
f 927/1678/1330 982/1679/1331 981/1677/1329
f 982/1679/1331 927/1678/1330 929/1680/1332
f 929/1680/1332 983/1681/1333 982/1679/1331
f 983/1681/1333 929/1680/1332 931/1682/1334
f 931/1682/1334 984/1683/1334 983/1681/1333
f 984/1683/1334 931/1682/1334 933/1684/1335
f 933/1684/1335 985/1685/1336 984/1683/1334
f 985/1685/1336 933/1684/1335 935/1686/1337
f 935/1686/1337 986/1687/1338 985/1685/1336
f 986/1687/1338 935/1686/1337 937/1688/1339
f 937/1688/1339 987/1689/1340 986/1687/1338
f 987/1689/1340 937/1688/1339 939/1690/1341
f 939/1690/1341 988/1691/1342 987/1689/1340
f 988/1691/1342 939/1690/1341 941/1692/1343
f 941/1692/1343 989/1693/1344 988/1691/1342
f 989/1693/1344 941/1692/1343 943/1694/1345
f 943/1694/1345 990/1695/1346 989/1693/1344
f 990/1695/1346 943/1694/1347 945/1696/1347
f 945/1696/1347 991/1697/1347 990/1695/1346
f 991/1697/1335 945/1696/1347 947/1698/1348
f 947/1698/1348 992/1699/1336 991/1697/1335
f 992/1699/1336 947/1698/1348 949/1700/1349
f 949/1700/1349 993/1701/1349 992/1699/1336
f 993/1701/1349 949/1700/1349 951/1702/1350
f 951/1702/1350 994/1703/1351 993/1701/1349
f 994/1703/1351 951/1702/1350 953/1704/1352
f 953/1704/1352 995/1705/1353 994/1703/1351
f 995/1705/1353 953/1704/1352 955/1706/1354
f 955/1706/1354 996/1707/1354 995/1705/1353
f 996/1707/1354 955/1706/1354 957/1708/1355
f 957/1708/1355 997/1709/1356 996/1707/1354
f 997/1709/1356 957/1708/1355 921/1670/1321
f 921/1670/1321 979/1673/1324 997/1709/1356
f 999/1713/1359 979/1710/1357 978/1711/1358
f 978/1711/1358 998/1712/1359 999/1713/1359
f 998/1712/1361 978/1711/1360 980/1714/1361
f 980/1714/1361 1000/1715/1361 998/1712/1361
f 1000/1719/1362 980/1716/1362 981/1717/1362
f 981/1717/1362 1001/1718/1362 1000/1719/1362
f 1001/1718/1363 981/1717/1363 982/1720/1364
f 982/1720/1364 1002/1721/1364 1001/1718/1363
f 1002/1721/1365 982/1720/1365 983/1722/1366
f 983/1722/1366 1003/1723/1366 1002/1721/1365
f 1003/1723/1367 983/1722/1367 984/1724/1367
f 984/1724/1367 1004/1725/1367 1003/1723/1367
f 1004/1729/1368 984/1726/1368 985/1727/1368
f 985/1727/1368 1005/1728/1368 1004/1729/1368
f 1005/1728/1369 985/1727/1369 986/1730/1370
f 986/1730/1370 1006/1731/1371 1005/1728/1369
f 1006/1731/1372 986/1730/1372 987/1732/1373
f 987/1732/1373 1007/1733/1372 1006/1731/1372
f 1007/1733/1375 987/1732/1374 988/1734/1375
f 988/1734/1375 1008/1735/1374 1007/1733/1375
f 1008/1735/1377 988/1734/1376 989/1736/1377
f 989/1736/1377 1009/1737/1378 1008/1735/1377
f 1009/1737/1379 989/1736/1379 990/1738/1380
f 990/1738/1380 1010/1739/1381 1009/1737/1379
f 1010/1743/1384 990/1740/1382 991/1741/1382
f 991/1741/1382 1011/1742/1383 1010/1743/1384
f 1011/1742/1385 991/1741/1385 992/1744/1385
f 992/1744/1385 1012/1745/1386 1011/1742/1385
f 1012/1745/1388 992/1744/1387 993/1746/1387
f 993/1746/1387 1013/1747/1387 1012/1745/1388
f 1013/1747/1391 993/1746/1389 994/1748/1390
f 994/1748/1390 1014/1749/1391 1013/1747/1391
f 1014/1753/1392 994/1750/1392 995/1751/1392
f 995/1751/1392 1015/1752/1392 1014/1753/1392
f 1015/1752/1394 995/1751/1393 996/1754/1394
f 996/1754/1394 1016/1755/1393 1015/1752/1394
f 1016/1755/1396 996/1754/1395 997/1756/1396
f 997/1756/1396 1017/1757/1395 1016/1755/1396
f 1017/1757/1399 997/1756/1397 979/1710/1398
f 979/1710/1398 999/1713/1398 1017/1757/1399
f 958/1761/1301 1017/1758/1400 999/1759/1401
f 999/1759/1401 959/1760/1302 958/1761/1301
f 959/1760/1302 999/1759/1401 998/1762/1402
f 998/1762/1402 960/1763/1303 959/1760/1302
f 960/1763/1303 998/1762/1402 1000/1764/1403
f 1000/1764/1403 961/1765/1304 960/1763/1303
f 961/1765/1304 1000/1764/1403 1001/1766/1404
f 1001/1766/1404 962/1767/1305 961/1765/1304
f 962/1767/1305 1001/1766/1404 1002/1768/1405
f 1002/1768/1405 963/1769/1306 962/1767/1305
f 963/1769/1306 1002/1768/1405 1003/1770/1406
f 1003/1770/1406 964/1771/1307 963/1769/1306
f 964/1771/1307 1003/1770/1406 1004/1772/1407
f 1004/1772/1407 965/1773/1308 964/1771/1307
f 965/1773/1308 1004/1772/1407 1005/1774/1408
f 1005/1774/1408 966/1775/1309 965/1773/1308
f 966/1775/1309 1005/1774/1408 1006/1776/1409
f 1006/1776/1409 967/1777/1310 966/1775/1309
f 967/1777/1310 1006/1776/1409 1007/1778/1410
f 1007/1778/1410 968/1779/1311 967/1777/1310
f 968/1779/1311 1007/1778/1410 1008/1780/1411
f 1008/1780/1411 969/1781/1312 968/1779/1311
f 969/1781/1312 1008/1780/1411 1009/1782/1412
f 1009/1782/1412 970/1783/1313 969/1781/1312
f 970/1783/1313 1009/1782/1412 1010/1784/1413
f 1010/1784/1413 971/1785/1314 970/1783/1313
f 971/1785/1314 1010/1784/1413 1011/1786/1414
f 1011/1786/1414 972/1787/1315 971/1785/1314
f 972/1787/1315 1011/1786/1414 1012/1788/1415
f 1012/1788/1415 973/1789/1316 972/1787/1315
f 973/1789/1316 1012/1788/1415 1013/1790/1416
f 1013/1790/1416 974/1791/1317 973/1789/1316
f 974/1791/1317 1013/1790/1416 1014/1792/1417
f 1014/1792/1417 975/1793/1318 974/1791/1317
f 975/1793/1318 1014/1792/1417 1015/1794/1418
f 1015/1794/1418 976/1795/1319 975/1793/1318
f 976/1795/1319 1015/1794/1418 1016/1796/1419
f 1016/1796/1419 977/1797/1320 976/1795/1319
f 977/1797/1320 1016/1796/1419 1017/1758/1400
f 1017/1758/1400 958/1761/1301 977/1797/1320

# Mesh
g pCube6
usemtl lambert6
f 1021/1801/1421 1018/1798/1420 1019/1799/1420
f 1019/1799/1420 1020/1800/1421 1021/1801/1421
f 1025/1805/1423 1022/1802/1422 1023/1803/1422
f 1023/1803/1422 1024/1804/1423 1025/1805/1423
f 1029/1809/1425 1026/1806/1424 1027/1807/1424
f 1027/1807/1424 1028/1808/1425 1029/1809/1425
f 1033/1813/1427 1030/1810/1426 1031/1811/1426
f 1031/1811/1426 1032/1812/1427 1033/1813/1427
f 1033/1813/1427 1032/1812/1427 1034/1814/1428
f 1034/1814/1428 1035/1815/1428 1033/1813/1427
f 1035/1815/1428 1034/1814/1428 1036/1816/1429
f 1036/1816/1429 1037/1817/1429 1035/1815/1428
f 1037/1817/1429 1036/1816/1429 1038/1818/1430
f 1038/1818/1430 1039/1819/1430 1037/1817/1429
f 1039/1819/1430 1038/1818/1430 1040/1820/1431
f 1040/1820/1431 1041/1821/1431 1039/1819/1430
f 1041/1825/1431 1040/1822/1431 1042/1823/1432
f 1042/1823/1432 1043/1824/1432 1041/1825/1431
f 1043/1824/1432 1042/1823/1432 1019/1799/1420
f 1019/1799/1420 1018/1798/1420 1043/1824/1432
f 1021/1801/1421 1020/1800/1421 1044/1826/1433
f 1044/1826/1433 1045/1827/1433 1021/1801/1421
f 1045/1827/1433 1044/1826/1433 1046/1828/1434
f 1046/1828/1434 1047/1829/1434 1045/1827/1433
f 1047/1833/1434 1046/1830/1434 1048/1831/1435
f 1048/1831/1435 1049/1832/1435 1047/1833/1434
f 1049/1832/1435 1048/1831/1435 1050/1834/1436
f 1050/1834/1436 1051/1835/1436 1049/1832/1435
f 1051/1835/1436 1050/1834/1436 1052/1836/1437
f 1052/1836/1437 1053/1837/1437 1051/1835/1436
f 1053/1837/1437 1052/1836/1437 1027/1807/1424
f 1027/1807/1424 1026/1806/1424 1053/1837/1437
f 1031/1811/1426 1030/1810/1426 1054/1838/1438
f 1054/1838/1438 1055/1839/1438 1031/1811/1426
f 1055/1839/1438 1054/1838/1438 1056/1840/1439
f 1056/1840/1439 1057/1841/1439 1055/1839/1438
f 1057/1841/1439 1056/1840/1439 1058/1842/1440
f 1058/1842/1440 1059/1843/1440 1057/1841/1439
f 1059/1843/1440 1058/1842/1440 1060/1844/1441
f 1060/1844/1441 1061/1845/1441 1059/1843/1440
f 1061/1849/1441 1060/1846/1441 1062/1847/1442
f 1062/1847/1442 1063/1848/1442 1061/1849/1441
f 1063/1848/1442 1062/1847/1442 1023/1803/1422
f 1023/1803/1422 1022/1802/1422 1063/1848/1442
f 1025/1805/1423 1024/1804/1423 1064/1850/1443
f 1064/1850/1443 1065/1851/1443 1025/1805/1423
f 1065/1851/1443 1064/1850/1443 1066/1852/1444
f 1066/1852/1444 1067/1853/1444 1065/1851/1443
f 1067/1857/1444 1066/1854/1444 1068/1855/1445
f 1068/1855/1445 1069/1856/1445 1067/1857/1444
f 1069/1856/1445 1068/1855/1445 1070/1858/1446
f 1070/1858/1446 1071/1859/1446 1069/1856/1445
f 1071/1859/1446 1070/1858/1446 1072/1860/1447
f 1072/1860/1447 1073/1861/1447 1071/1859/1446
f 1073/1861/1447 1072/1860/1447 1029/1809/1425
f 1029/1809/1425 1028/1808/1425 1073/1861/1447
f 1029/1889/1448 1072/1862/1448 1070/1863/1449
f 1029/1889/1448 1070/1863/1449 1068/1864/1450
f 1029/1889/1448 1068/1864/1450 1066/1865/1448
f 1029/1889/1448 1066/1865/1448 1064/1866/1449
f 1029/1889/1448 1064/1866/1449 1024/1867/1449
f 1029/1889/1448 1024/1867/1449 1023/1868/1448
f 1029/1889/1448 1023/1868/1448 1062/1869/1451
f 1029/1889/1448 1062/1869/1451 1060/1870/1448
f 1029/1889/1448 1060/1870/1448 1058/1871/1449
f 1029/1889/1448 1058/1871/1449 1056/1872/1452
f 1029/1889/1448 1056/1872/1452 1054/1873/1451
f 1029/1889/1448 1054/1873/1451 1030/1874/1451
f 1029/1889/1448 1030/1874/1451 1033/1875/1452
f 1029/1889/1448 1033/1875/1452 1035/1876/1449
f 1029/1889/1448 1035/1876/1449 1037/1877/1448
f 1029/1889/1448 1037/1877/1448 1039/1878/1448
f 1029/1889/1448 1039/1878/1448 1041/1879/1449
f 1029/1889/1448 1041/1879/1449 1043/1880/1451
f 1029/1889/1448 1043/1880/1451 1018/1881/1450
f 1029/1889/1448 1018/1881/1450 1021/1882/1451
f 1029/1889/1448 1021/1882/1451 1045/1883/1450
f 1029/1889/1448 1045/1883/1450 1047/1884/1449
f 1029/1889/1448 1047/1884/1449 1049/1885/1450
f 1029/1889/1448 1049/1885/1450 1051/1886/1451
f 1029/1889/1448 1051/1886/1451 1053/1887/1449
f 1053/1887/1449 1026/1888/1448 1029/1889/1448
f 1073/1917/1456 1028/1890/1453 1027/1891/1453
f 1073/1917/1456 1027/1891/1453 1052/1892/1454
f 1073/1917/1456 1052/1892/1454 1050/1893/1455
f 1073/1917/1456 1050/1893/1455 1048/1894/1453
f 1073/1917/1456 1048/1894/1453 1046/1895/1455
f 1073/1917/1456 1046/1895/1455 1044/1896/1455
f 1073/1917/1456 1044/1896/1455 1020/1897/1456
f 1073/1917/1456 1020/1897/1456 1019/1898/1453
f 1073/1917/1456 1019/1898/1453 1042/1899/1456
f 1073/1917/1456 1042/1899/1456 1040/1900/1456
f 1073/1917/1456 1040/1900/1456 1038/1901/1453
f 1073/1917/1456 1038/1901/1453 1036/1902/1453
f 1073/1917/1456 1036/1902/1453 1034/1903/1455
f 1073/1917/1456 1034/1903/1455 1032/1904/1453
f 1073/1917/1456 1032/1904/1453 1031/1905/1454
f 1073/1917/1456 1031/1905/1454 1055/1906/1456
f 1073/1917/1456 1055/1906/1456 1057/1907/1453
f 1073/1917/1456 1057/1907/1453 1059/1908/1455
f 1073/1917/1456 1059/1908/1455 1061/1909/1454
f 1073/1917/1456 1061/1909/1454 1063/1910/1453
f 1073/1917/1456 1063/1910/1453 1022/1911/1455
f 1073/1917/1456 1022/1911/1455 1025/1912/1455
f 1073/1917/1456 1025/1912/1455 1065/1913/1455
f 1073/1917/1456 1065/1913/1455 1067/1914/1456
f 1073/1917/1456 1067/1914/1456 1069/1915/1456
f 1069/1915/1456 1071/1916/1455 1073/1917/1456

# Mesh
g smallspheretop1
usemtl lambert6
f 1077/1921/1457 1074/1918/1457 1075/1919/1458
f 1075/1919/1458 1076/1920/1458 1077/1921/1457
f 1076/1920/1458 1075/1919/1458 1078/1922/1459
f 1078/1922/1459 1079/1923/1459 1076/1920/1458
f 1079/1927/1459 1078/1924/1459 1080/1925/1460
f 1080/1925/1460 1081/1926/1460 1079/1927/1459
f 1081/1926/1460 1080/1925/1460 1082/1928/1461
f 1082/1928/1461 1083/1929/1461 1081/1926/1460
f 1083/1933/1461 1082/1930/1461 1084/1931/1462
f 1084/1931/1462 1085/1932/1462 1083/1933/1461
f 1085/1932/1462 1084/1931/1462 1086/1934/1463
f 1086/1934/1463 1087/1935/1463 1085/1932/1462
f 1087/1939/1463 1086/1936/1463 1088/1937/1464
f 1088/1937/1464 1089/1938/1464 1087/1939/1463
f 1089/1938/1464 1088/1937/1464 1090/1940/1465
f 1090/1940/1465 1091/1941/1465 1089/1938/1464
f 1091/1941/1465 1090/1940/1465 1092/1942/34
f 1092/1942/34 1093/1943/34 1091/1941/1465
f 1093/1947/34 1092/1944/34 1094/1945/1466
f 1094/1945/1466 1095/1946/1466 1093/1947/34
f 1095/1946/1466 1094/1945/1466 1096/1948/1467
f 1096/1948/1467 1097/1949/1467 1095/1946/1466
f 1097/1949/1467 1096/1948/1467 1098/1950/1468
f 1098/1950/1468 1099/1951/1468 1097/1949/1467
f 1099/1955/1468 1098/1952/1468 1100/1953/1469
f 1100/1953/1469 1101/1954/1469 1099/1955/1468
f 1101/1954/1469 1100/1953/1469 1102/1956/1334
f 1102/1956/1334 1103/1957/1334 1101/1954/1469
f 1103/1961/1334 1102/1958/1334 1104/1959/1470
f 1104/1959/1470 1105/1960/1470 1103/1961/1334
f 1105/1960/1470 1104/1959/1470 1106/1962/1471
f 1106/1962/1471 1107/1963/1471 1105/1960/1470
f 1107/1967/1471 1106/1964/1471 1108/1965/1472
f 1108/1965/1472 1109/1966/1472 1107/1967/1471
f 1109/1966/1472 1108/1965/1472 1110/1968/1473
f 1110/1968/1473 1111/1969/1473 1109/1966/1472
f 1111/1969/1473 1110/1968/1473 1112/1970/1474
f 1112/1970/1474 1113/1971/1474 1111/1969/1473
f 1113/1973/1474 1112/1972/1474 1074/1918/1457
f 1074/1918/1457 1077/1921/1457 1113/1973/1474
f 1077/1974/1475 1076/1975/1476 1114/1976/1477
f 1076/1975/1476 1079/1977/2 1114/1976/1477
f 1079/1977/2 1081/1978/2 1114/1976/1477
f 1081/1978/2 1083/1979/2 1114/1976/1477
f 1083/1980/2 1085/1981/2 1114/1982/1477
f 1085/1981/2 1087/1983/1478 1114/1982/1477
f 1087/1983/1478 1089/1984/1479 1114/1982/1477
f 1089/1984/1479 1091/1985/1480 1114/1982/1477
f 1091/1985/1480 1093/1986/2 1114/1982/1477
f 1093/1987/2 1095/1988/1481 1114/1989/1477
f 1095/1988/1481 1097/1990/1482 1114/1989/1477
f 1097/1990/1482 1099/1991/2 1114/1989/1477
f 1099/1991/2 1101/1992/2 1114/1989/1477
f 1101/1992/2 1103/1993/2 1114/1989/1477
f 1103/1994/2 1105/1995/2 1114/1996/1477
f 1105/1995/2 1107/1997/2 1114/1996/1477
f 1107/1997/2 1109/1998/2 1114/1996/1477
f 1109/1998/2 1111/1999/1483 1114/1996/1477
f 1111/1999/1483 1113/2000/1484 1114/1996/1477
f 1113/2001/1484 1077/1974/1475 1114/1976/1477

# Mesh
g polySurface8
usemtl lambert6
f 1118/2005/1486 1115/2002/1485 1116/2003/1485
f 1116/2003/1485 1117/2004/1486 1118/2005/1486
f 1120/2007/1487 1118/2005/1486 1117/2004/1486
f 1117/2004/1486 1119/2006/1487 1120/2007/1487
f 1122/2011/1489 1121/2008/1488 1115/2009/1489
f 1115/2009/1489 1118/2010/1490 1122/2011/1489
f 1115/2002/1485 1123/2012/1491 1124/2013/1491
f 1124/2013/1491 1116/2003/1485 1115/2002/1485
f 1116/2017/1492 1125/2014/1492 1126/2015/1493
f 1126/2015/1493 1117/2016/1494 1116/2017/1492
f 1128/2019/1495 1127/2018/1495 1120/2007/1487
f 1120/2007/1487 1119/2006/1487 1128/2019/1495
f 1129/2023/1499 1122/2020/1496 1118/2021/1497
f 1118/2021/1497 1120/2022/1498 1129/2023/1499
f 1117/2016/1502 1126/2015/1500 1130/2024/1501
f 1130/2024/1501 1119/2025/1500 1117/2016/1502
f 1121/2008/1506 1131/2026/1503 1123/2027/1504
f 1123/2027/1504 1115/2009/1505 1121/2008/1506
f 1133/2031/1507 1132/2028/1507 1121/2029/1507
f 1121/2029/1507 1122/2030/1507 1133/2031/1507
f 1123/2035/1491 1134/2032/1508 1135/2033/1508
f 1135/2033/1508 1124/2034/1491 1123/2035/1491
f 1124/2037/1512 1136/2036/1509 1125/2014/1510
f 1125/2014/1510 1116/2017/1511 1124/2037/1512
f 1126/2041/1515 1125/2038/1513 1137/2039/1514
f 1137/2039/1514 1138/2040/1514 1126/2041/1515
f 1140/2043/1516 1139/2042/1516 1127/2018/1495
f 1127/2018/1495 1128/2019/1495 1140/2043/1516
f 1127/2045/1517 1141/2044/1517 1129/2023/1518
f 1129/2023/1518 1120/2022/1519 1127/2045/1517
f 1130/2024/1523 1142/2046/1520 1128/2047/1521
f 1128/2047/1521 1119/2025/1522 1130/2024/1523
f 1143/2049/1524 1133/2031/1524 1122/2030/1524
f 1122/2030/1524 1129/2048/1524 1143/2049/1524
f 1130/2051/1525 1126/2041/1515 1138/2040/1514
f 1138/2040/1514 1144/2050/1525 1130/2051/1525
f 1131/2026/1529 1145/2052/1526 1134/2053/1527
f 1134/2053/1527 1123/2027/1528 1131/2026/1529
f 1132/2028/1530 1146/2054/1530 1131/2055/1530
f 1131/2055/1530 1121/2029/1530 1132/2028/1530
f 1148/2059/1532 1147/2056/1531 1132/2057/1532
f 1132/2057/1532 1133/2058/1532 1148/2059/1532
f 1134/2032/1508 1149/2060/1533 1150/2061/1533
f 1150/2061/1533 1135/2033/1508 1134/2032/1508
f 1135/2063/1537 1151/2062/1534 1136/2036/1535
f 1136/2036/1535 1124/2037/1536 1135/2063/1537
f 1125/2038/1513 1136/2064/922 1152/2065/922
f 1152/2065/922 1137/2039/1514 1125/2038/1513
f 1137/2069/1541 1153/2066/1538 1154/2067/1539
f 1154/2067/1539 1138/2068/1540 1137/2069/1541
f 1156/2071/1542 1155/2070/1542 1139/2042/1516
f 1139/2042/1516 1140/2043/1516 1156/2071/1542
f 1139/2075/1545 1157/2072/1543 1141/2073/1544
f 1141/2073/1544 1127/2074/1543 1139/2075/1545
f 1142/2046/1546 1158/2076/1546 1140/2077/1547
f 1140/2077/1547 1128/2047/1548 1142/2046/1546
f 1141/2079/1549 1159/2078/1549 1143/2049/1549
f 1143/2049/1549 1129/2048/1549 1141/2079/1549
f 1160/2081/1550 1142/2080/1550 1130/2051/1525
f 1130/2051/1525 1144/2050/1525 1160/2081/1550
f 1161/2083/922 1148/2059/1532 1133/2058/1532
f 1133/2058/1532 1143/2082/922 1161/2083/922
f 1138/2068/1540 1154/2067/1539 1162/2084/1551
f 1162/2084/1551 1144/2085/1552 1138/2068/1540
f 1145/2089/1555 1163/2086/1553 1149/2087/1553
f 1149/2087/1553 1134/2088/1554 1145/2089/1555
f 1146/2093/1556 1164/2090/1556 1145/2091/1556
f 1145/2091/1556 1131/2092/1556 1146/2093/1556
f 1147/2056/1531 1165/2094/922 1146/2095/922
f 1146/2095/922 1132/2057/1532 1147/2056/1531
f 1167/2099/1557 1166/2096/1557 1147/2097/1557
f 1147/2097/1557 1148/2098/1557 1167/2099/1557
f 1149/2060/1533 1168/2100/1558 1169/2101/1558
f 1169/2101/1558 1150/2061/1533 1149/2060/1533
f 1150/2103/1562 1170/2102/1559 1151/2062/1560
f 1151/2062/1560 1135/2063/1561 1150/2103/1562
f 1136/2064/922 1151/2104/922 1171/2105/922
f 1171/2105/922 1152/2065/922 1136/2064/922
f 1152/2107/1564 1172/2106/1563 1153/2066/1538
f 1153/2066/1538 1137/2069/1541 1152/2107/1564
f 1153/2066/1538 1173/2108/1565 1174/2109/1566
f 1174/2109/1566 1154/2067/1539 1153/2066/1538
f 1176/2113/1567 1175/2110/1567 1155/2111/1542
f 1155/2111/1542 1156/2112/1542 1176/2113/1567
f 1155/2115/1569 1177/2114/1568 1157/2072/1569
f 1157/2072/1569 1139/2075/1570 1155/2115/1569
f 1158/2076/1574 1178/2116/1571 1156/2117/1572
f 1156/2117/1572 1140/2077/1573 1158/2076/1574
f 1157/2119/1575 1179/2118/1575 1159/2078/1575
f 1159/2078/1575 1141/2079/1575 1157/2119/1575
f 1180/2121/1576 1158/2120/1576 1142/2080/1550
f 1142/2080/1550 1160/2081/1577 1180/2121/1576
f 1159/2123/1578 1181/2122/1578 1161/2083/1579
f 1161/2083/1579 1143/2082/1578 1159/2123/1578
f 1162/2084/1551 1182/2124/1580 1160/2125/1581
f 1160/2125/1581 1144/2085/1552 1162/2084/1551
f 1183/2127/1582 1167/2099/1582 1148/2098/1582
f 1148/2098/1582 1161/2126/1582 1183/2127/1582
f 1154/2067/1539 1174/2109/1566 1184/2128/1583
f 1184/2128/1583 1162/2084/1551 1154/2067/1539
f 1185/2130/1585 1168/2129/1584 1149/2087/1584
f 1149/2087/1584 1163/2086/1584 1185/2130/1585
f 1164/2090/1586 1186/2131/1586 1163/2132/1586
f 1163/2132/1586 1145/2091/1586 1164/2090/1586
f 1165/2094/922 1187/2133/922 1164/2134/922
f 1164/2134/922 1146/2095/922 1165/2094/922
f 1166/2096/1587 1188/2135/1587 1165/2136/1587
f 1165/2136/1587 1147/2097/1587 1166/2096/1587
f 1190/2140/1591 1166/2137/1588 1167/2138/1589
f 1167/2138/1589 1189/2139/1590 1190/2140/1591
f 1168/2100/1558 1191/2141/1592 1192/2142/1592
f 1192/2142/1592 1169/2101/1558 1168/2100/1558
f 1150/2103/1596 1169/2143/1593 1193/2144/1594
f 1193/2144/1594 1170/2102/1595 1150/2103/1596
f 1151/2104/922 1170/2145/922 1194/2146/922
f 1194/2146/922 1171/2105/922 1151/2104/922
f 1171/2148/1598 1195/2147/1597 1172/2106/1563
f 1172/2106/1563 1152/2107/1564 1171/2148/1598
f 1172/2106/1563 1196/2149/1599 1173/2108/1565
f 1173/2108/1565 1153/2066/1538 1172/2106/1563
f 1173/2108/1334 1197/2150/1334 1198/2151/1334
f 1198/2151/1334 1174/2109/1334 1173/2108/1334
f 1200/2153/1600 1199/2152/1600 1175/2110/1567
f 1175/2110/1567 1176/2113/1567 1200/2153/1600
f 1175/2155/1604 1201/2154/1601 1177/2114/1602
f 1177/2114/1602 1155/2115/1603 1175/2155/1604
f 1178/2116/1608 1202/2156/1605 1176/2157/1606
f 1176/2157/1606 1156/2117/1607 1178/2116/1608
f 1177/2159/1609 1203/2158/1609 1179/2118/1609
f 1179/2118/1609 1157/2119/1609 1177/2159/1609
f 1204/2161/1612 1178/2160/1610 1158/2120/1611
f 1158/2120/1611 1180/2121/1610 1204/2161/1612
f 1179/2163/1614 1205/2162/1613 1181/2122/1613
f 1181/2122/1613 1159/2123/1613 1179/2163/1614
f 1182/2124/1580 1206/2164/1615 1180/2165/1616
f 1180/2165/1616 1160/2125/1581 1182/2124/1580
f 1181/2167/1617 1207/2166/1617 1183/2127/1617
f 1183/2127/1617 1161/2126/1617 1181/2167/1617
f 1184/2128/1583 1208/2168/1618 1182/2124/1580
f 1182/2124/1580 1162/2084/1551 1184/2128/1583
f 1189/2139/1622 1167/2138/1619 1183/2169/1620
f 1183/2169/1620 1209/2170/1621 1189/2139/1622
f 1174/2109/1623 1198/2151/1623 1210/2171/1623
f 1210/2171/1623 1184/2128/1624 1174/2109/1623
f 1211/2175/1626 1191/2172/1625 1168/2173/1626
f 1168/2173/1626 1185/2174/1627 1211/2175/1626
f 1186/2131/1628 1212/2176/1628 1185/2177/1628
f 1185/2177/1628 1163/2132/1628 1186/2131/1628
f 1187/2133/1629 1213/2178/1629 1186/2179/1629
f 1186/2179/1629 1164/2134/1630 1187/2133/1629
f 1188/2183/1631 1214/2180/1631 1187/2181/1631
f 1187/2181/1631 1165/2182/1631 1188/2183/1631
f 1215/2185/1632 1188/2184/1632 1166/2137/1632
f 1166/2137/1632 1190/2140/1633 1215/2185/1632
f 1217/2189/1634 1216/2186/1634 1190/2187/1634
f 1190/2187/1634 1189/2188/1634 1217/2189/1634
f 1191/2193/1592 1218/2190/1635 1219/2191/1635
f 1219/2191/1635 1192/2192/1592 1191/2193/1592
f 1169/2143/1636 1192/2194/1636 1220/2195/1637
f 1220/2195/1637 1193/2144/1638 1169/2143/1636
f 1193/2197/1639 1221/2196/1639 1194/2146/922
f 1194/2146/922 1170/2145/922 1193/2197/1639
f 1194/2199/1641 1222/2198/1640 1195/2147/1597
f 1195/2147/1597 1171/2148/1598 1194/2199/1641
f 1195/2147/1597 1223/2200/1642 1196/2149/1599
f 1196/2149/1599 1172/2106/1563 1195/2147/1597
f 1196/2149/1334 1224/2201/1334 1197/2150/1334
f 1197/2150/1334 1173/2108/1334 1196/2149/1334
f 1197/2150/1646 1225/2202/1643 1226/2203/1644
f 1226/2203/1644 1198/2151/1645 1197/2150/1646
f 1228/2205/1647 1227/2204/1647 1199/2152/1600
f 1199/2152/1600 1200/2153/1600 1228/2205/1647
f 1175/2209/1650 1199/2206/1648 1229/2207/1649
f 1229/2207/1649 1201/2208/1649 1175/2209/1650
f 1230/2211/1653 1200/2210/1651 1176/2157/1652
f 1176/2157/1652 1202/2156/1653 1230/2211/1653
f 1201/2215/1654 1231/2212/1654 1203/2213/1654
f 1203/2213/1654 1177/2214/1654 1201/2215/1654
f 1232/2217/1655 1202/2216/1655 1178/2160/1610
f 1178/2160/1610 1204/2161/1612 1232/2217/1655
f 1203/2219/922 1233/2218/922 1205/2162/1613
f 1205/2162/1613 1179/2163/1614 1203/2219/922
f 1206/2164/1615 1234/2220/1656 1204/2221/1657
f 1204/2221/1657 1180/2165/1616 1206/2164/1615
f 1205/2223/1658 1235/2222/1658 1207/2166/1658
f 1207/2166/1658 1181/2167/1658 1205/2223/1658
f 1208/2168/1618 1236/2224/1659 1206/2164/1615
f 1206/2164/1615 1182/2124/1580 1208/2168/1618
f 1183/2169/1663 1207/2225/1660 1237/2226/1661
f 1237/2226/1661 1209/2170/1662 1183/2169/1663
f 1210/2171/1665 1238/2227/1664 1208/2168/1664
f 1208/2168/1664 1184/2128/1664 1210/2171/1665
f 1239/2229/1666 1217/2189/1666 1189/2188/1666
f 1189/2188/1666 1209/2228/1666 1239/2229/1666
f 1198/2151/1670 1226/2203/1667 1240/2230/1668
f 1240/2230/1668 1210/2171/1669 1198/2151/1670
f 1241/2232/1674 1218/2231/1671 1191/2172/1672
f 1191/2172/1672 1211/2175/1673 1241/2232/1674
f 1212/2176/1675 1242/2233/1675 1211/2234/1675
f 1211/2234/1675 1185/2177/1675 1212/2176/1675
f 1243/2236/1676 1212/2235/1676 1186/2179/1629
f 1186/2179/1629 1213/2178/1629 1243/2236/1676
f 1214/2180/1677 1244/2237/1677 1213/2238/1677
f 1213/2238/1677 1187/2181/1677 1214/2180/1677
f 1245/2240/1678 1214/2239/1678 1188/2184/1678
f 1188/2184/1678 1215/2185/1678 1245/2240/1678
f 1216/2186/1679 1246/2241/1679 1215/2242/1679
f 1215/2242/1679 1190/2187/1679 1216/2186/1679
f 1218/2190/1635 1247/2243/1680 1248/2244/1680
f 1248/2244/1680 1219/2191/1635 1218/2190/1635
f 1192/2194/1681 1219/2245/1681 1249/2246/1681
f 1249/2246/1681 1220/2195/1682 1192/2194/1681
f 1220/2248/1683 1250/2247/1683 1221/2196/1683
f 1221/2196/1683 1193/2197/1639 1220/2248/1683
f 1194/2199/1641 1221/2249/1684 1251/2250/1685
f 1251/2250/1685 1222/2198/1640 1194/2199/1641
f 1222/2198/1640 1252/2251/1686 1223/2200/1642
f 1223/2200/1642 1195/2147/1597 1222/2198/1640
f 1223/2200/1334 1253/2252/1334 1224/2201/1334
f 1224/2201/1334 1196/2149/1334 1223/2200/1334
f 1224/2201/1688 1254/2253/1687 1225/2202/1688
f 1225/2202/1688 1197/2150/1689 1224/2201/1688
f 1225/2257/1693 1255/2254/1690 1256/2255/1691
f 1256/2255/1691 1226/2256/1692 1225/2257/1693
f 1258/2259/1694 1257/2258/1694 1227/2204/1647
f 1227/2204/1647 1228/2205/1647 1258/2259/1694
f 1199/2206/1698 1227/2260/1695 1259/2261/1696
f 1259/2261/1696 1229/2207/1697 1199/2206/1698
f 1260/2263/1702 1228/2262/1699 1200/2210/1700
f 1200/2210/1700 1230/2211/1701 1260/2263/1702
f 1229/2265/1703 1261/2264/1703 1231/2212/1703
f 1231/2212/1703 1201/2215/1703 1229/2265/1703
f 1232/2217/922 1262/2266/922 1230/2267/922
f 1230/2267/922 1202/2216/1655 1232/2217/922
f 1231/2269/1704 1263/2268/1704 1233/2218/922
f 1233/2218/922 1203/2219/922 1231/2269/1704
f 1234/2220/1656 1264/2270/1705 1232/2271/1706
f 1232/2271/1706 1204/2221/1657 1234/2220/1656
f 1233/2273/1707 1265/2272/1707 1235/2222/1707
f 1235/2222/1707 1205/2223/1707 1233/2273/1707
f 1236/2224/1659 1266/2274/1708 1234/2220/1656
f 1234/2220/1656 1206/2164/1615 1236/2224/1659
f 1207/2225/1712 1235/2275/1709 1267/2276/1710
f 1267/2276/1710 1237/2226/1711 1207/2225/1712
f 1238/2227/1334 1268/2277/1334 1236/2224/1334
f 1236/2224/1334 1208/2168/1334 1238/2227/1334
f 1237/2279/1713 1269/2278/1713 1239/2229/1713
f 1239/2229/1713 1209/2228/1713 1237/2279/1713
f 1240/2230/1717 1270/2280/1714 1238/2227/1715
f 1238/2227/1715 1210/2171/1716 1240/2230/1717
f 1226/2256/1721 1256/2255/1718 1271/2281/1719
f 1271/2281/1719 1240/2282/1720 1226/2256/1721
f 1272/2284/1725 1247/2283/1722 1218/2231/1723
f 1218/2231/1723 1241/2232/1724 1272/2284/1725
f 1242/2288/1726 1273/2285/1726 1241/2286/1726
f 1241/2286/1726 1211/2287/1726 1242/2288/1726
f 1274/2290/1728 1242/2289/1727 1212/2235/1676
f 1212/2235/1676 1243/2236/1676 1274/2290/1728
f 1244/2237/1729 1275/2291/1729 1243/2292/1729
f 1243/2292/1729 1213/2238/1729 1244/2237/1729
f 1276/2294/1733 1244/2293/1730 1214/2239/1731
f 1214/2239/1731 1245/2240/1732 1276/2294/1733
f 1246/2298/1734 1277/2295/1734 1245/2296/1734
f 1245/2296/1734 1215/2297/1734 1246/2298/1734
f 1247/2243/1680 1278/2299/34 1279/2300/34
f 1279/2300/34 1248/2244/1680 1247/2243/1680
f 1219/2245/1737 1248/2301/1735 1280/2302/1736
f 1280/2302/1736 1249/2246/1735 1219/2245/1737
f 1249/2304/1739 1281/2303/1738 1250/2247/1738
f 1250/2247/1738 1220/2248/1683 1249/2304/1739
f 1221/2249/1684 1250/2305/1740 1282/2306/1741
f 1282/2306/1741 1251/2250/1685 1221/2249/1684
f 1222/2198/1640 1251/2250/1685 1283/2307/1742
f 1283/2307/1742 1252/2251/1686 1222/2198/1640
f 1223/2200/1334 1252/2251/1334 1284/2308/1334
f 1284/2308/1334 1253/2252/1334 1223/2200/1334
f 1253/2252/1744 1285/2309/1743 1254/2253/1744
f 1254/2253/1744 1224/2201/1745 1253/2252/1744
f 1254/2311/1748 1286/2310/1746 1255/2254/1747
f 1255/2254/1747 1225/2257/1746 1254/2311/1748
f 1255/2315/1749 1287/2312/1749 1288/2313/1750
f 1288/2313/1750 1256/2314/1751 1255/2315/1749
f 1290/2319/1752 1289/2316/1752 1257/2317/1694
f 1257/2317/1694 1258/2318/1694 1290/2319/1752
f 1227/2323/1753 1257/2320/1753 1291/2321/1753
f 1291/2321/1753 1259/2322/1753 1227/2323/1753
f 1292/2325/1757 1258/2324/1754 1228/2262/1755
f 1228/2262/1755 1260/2263/1756 1292/2325/1757
f 1259/2327/1758 1293/2326/1758 1261/2264/1758
f 1261/2264/1758 1229/2265/1758 1259/2327/1758
f 1262/2266/922 1294/2328/922 1260/2329/922
f 1260/2329/922 1230/2267/922 1262/2266/922
f 1231/2269/1704 1261/2330/922 1295/2331/922
f 1295/2331/922 1263/2268/1704 1231/2269/1704
f 1296/2333/1760 1262/2332/1759 1232/2271/1706
f 1232/2271/1706 1264/2270/1705 1296/2333/1760
f 1263/2337/1761 1297/2334/1761 1265/2335/1761
f 1265/2335/1761 1233/2336/1761 1263/2337/1761
f 1266/2274/1708 1298/2338/1762 1264/2270/1705
f 1264/2270/1705 1234/2220/1656 1266/2274/1708
f 1235/2275/1763 1265/2339/1763 1299/2340/1764
f 1299/2340/1764 1267/2276/1763 1235/2275/1763
f 1268/2277/1334 1300/2341/1334 1266/2274/1334
f 1266/2274/1334 1236/2224/1334 1268/2277/1334
f 1267/2343/1765 1301/2342/1765 1269/2278/1765
f 1269/2278/1765 1237/2279/1765 1267/2343/1765
f 1270/2280/1769 1302/2344/1766 1268/2277/1767
f 1268/2277/1767 1238/2227/1768 1270/2280/1769
f 1271/2281/1771 1303/2345/1770 1270/2346/1771
f 1270/2346/1771 1240/2282/1771 1271/2281/1771
f 1256/2314/1334 1288/2313/1750 1304/2347/1334
f 1304/2347/1334 1271/2348/1334 1256/2314/1334
f 1305/2352/1774 1278/2349/1772 1247/2350/1772
f 1247/2350/1772 1272/2351/1773 1305/2352/1774
f 1273/2285/1775 1306/2353/1775 1272/2354/1775
f 1272/2354/1775 1241/2286/1775 1273/2285/1775
f 1307/2356/1776 1273/2355/1776 1242/2289/1776
f 1242/2289/1776 1274/2290/1777 1307/2356/1776
f 1275/2291/1778 1308/2357/1778 1274/2358/1778
f 1274/2358/1778 1243/2292/1778 1275/2291/1778
f 1276/2294/1782 1309/2359/1779 1275/2360/1780
f 1275/2360/1780 1244/2293/1781 1276/2294/1782
f 1277/2295/1783 1310/2361/1783 1276/2362/1783
f 1276/2362/1783 1245/2296/1783 1277/2295/1783
f 1279/2300/34 1278/2299/34 1311/2363/1784
f 1311/2363/1784 1312/2364/1784 1279/2300/34
f 1248/2301/1787 1279/2365/1785 1313/2366/1786
f 1313/2366/1786 1280/2302/1787 1248/2301/1787
f 1280/2368/1789 1314/2367/1788 1281/2303/1789
f 1281/2303/1789 1249/2304/1790 1280/2368/1789
f 1250/2305/1740 1281/2369/1791 1315/2370/1792
f 1315/2370/1792 1282/2306/1741 1250/2305/1740
f 1251/2250/1685 1282/2306/1741 1316/2371/1793
f 1316/2371/1793 1283/2307/1742 1251/2250/1685
f 1252/2251/1334 1283/2307/1334 1317/2372/1334
f 1317/2372/1334 1284/2308/1334 1252/2251/1334
f 1253/2252/1795 1284/2308/1794 1318/2373/1795
f 1318/2373/1795 1285/2309/1796 1253/2252/1795
f 1285/2375/1799 1319/2374/1797 1286/2310/1797
f 1286/2310/1797 1254/2311/1798 1285/2375/1799
f 1286/2377/1334 1320/2376/1334 1287/2312/1749
f 1287/2312/1749 1255/2315/1749 1286/2377/1334
f 1287/2381/1800 1321/2378/1800 1322/2379/1800
f 1322/2379/1800 1288/2380/1800 1287/2381/1800
f 1312/2364/1784 1311/2363/1784 1289/2316/1752
f 1289/2316/1752 1290/2319/1752 1312/2364/1784
f 1257/2320/1804 1289/2382/1801 1323/2383/1802
f 1323/2383/1802 1291/2321/1803 1257/2320/1804
f 1324/2385/1807 1290/2384/1805 1258/2324/1805
f 1258/2324/1805 1292/2325/1806 1324/2385/1807
f 1291/2387/1808 1325/2386/1808 1293/2326/1808
f 1293/2326/1808 1259/2327/1808 1291/2387/1808
f 1294/2328/922 1326/2388/922 1292/2389/922
f 1292/2389/922 1260/2329/922 1294/2328/922
f 1261/2330/922 1293/2390/922 1327/2391/922
f 1327/2391/922 1295/2331/922 1261/2330/922
f 1328/2393/1810 1294/2392/1809 1262/2332/1759
f 1262/2332/1759 1296/2333/1760 1328/2393/1810
f 1295/2395/1811 1329/2394/1811 1297/2334/1811
f 1297/2334/1811 1263/2337/1811 1295/2395/1811
f 1330/2396/1812 1296/2333/1760 1264/2270/1705
f 1264/2270/1705 1298/2338/1762 1330/2396/1812
f 1265/2339/1816 1297/2397/1813 1331/2398/1814
f 1331/2398/1814 1299/2340/1815 1265/2339/1816
f 1300/2341/1817 1332/2399/1817 1298/2338/1817
f 1298/2338/1817 1266/2274/1817 1300/2341/1817
f 1299/2401/1818 1333/2400/1818 1301/2342/1818
f 1301/2342/1818 1267/2343/1818 1299/2401/1818
f 1302/2344/1820 1334/2402/1819 1300/2341/1820
f 1300/2341/1820 1268/2277/1821 1302/2344/1820
f 1303/2345/1824 1335/2403/1822 1302/2404/1823
f 1302/2404/1823 1270/2346/1823 1303/2345/1824
f 1304/2347/1334 1336/2405/1334 1303/2406/1334
f 1303/2406/1334 1271/2348/1334 1304/2347/1334
f 1288/2380/1825 1322/2379/1825 1337/2407/1825
f 1337/2407/1825 1304/2408/1825 1288/2380/1825
f 1311/2410/1826 1278/2349/1826 1305/2352/1827
f 1305/2352/1827 1338/2409/1827 1311/2410/1826
f 1306/2353/1828 1339/2411/1828 1305/2412/1828
f 1305/2412/1828 1272/2354/1828 1306/2353/1828
f 1340/2414/1829 1306/2413/1829 1273/2355/1830
f 1273/2355/1830 1307/2356/1830 1340/2414/1829
f 1308/2418/1831 1341/2415/1831 1307/2416/1831
f 1307/2416/1831 1274/2417/1831 1308/2418/1831
f 1309/2359/1832 1342/2419/1832 1308/2420/1833
f 1308/2420/1833 1275/2360/1834 1309/2359/1832
f 1310/2361/1835 1343/2421/1835 1309/2422/1835
f 1309/2422/1835 1276/2362/1835 1310/2361/1835
f 1313/2366/1839 1279/2365/1836 1312/2423/1837
f 1312/2423/1837 1344/2424/1838 1313/2366/1839
f 1313/2426/1840 1345/2425/1840 1314/2367/1841
f 1314/2367/1841 1280/2368/1840 1313/2426/1840
f 1281/2369/1791 1314/2427/1842 1346/2428/1843
f 1346/2428/1843 1315/2370/1792 1281/2369/1791
f 1282/2306/1741 1315/2370/1792 1347/2429/1844
f 1347/2429/1844 1316/2371/1793 1282/2306/1741
f 1283/2307/1334 1316/2371/1334 1348/2430/1334
f 1348/2430/1334 1317/2372/1334 1283/2307/1334
f 1284/2308/1846 1317/2372/1845 1349/2431/1846
f 1349/2431/1846 1318/2373/1847 1284/2308/1846
f 1318/2433/1851 1350/2432/1848 1319/2374/1849
f 1319/2374/1849 1285/2375/1850 1318/2433/1851
f 1319/2435/1334 1351/2434/1334 1320/2376/1334
f 1320/2376/1334 1286/2377/1334 1319/2435/1334
f 1320/2437/1852 1352/2436/1852 1321/2378/1852
f 1321/2378/1852 1287/2381/1852 1320/2437/1852
f 1289/2382/1856 1311/2438/1853 1338/2439/1854
f 1338/2439/1854 1323/2383/1855 1289/2382/1856
f 1344/2424/1859 1312/2423/1857 1290/2384/1858
f 1290/2384/1858 1324/2385/1857 1344/2424/1859
f 1323/2443/1860 1353/2440/1860 1325/2441/1860
f 1325/2441/1860 1291/2442/1860 1323/2443/1860
f 1326/2388/922 1354/2444/922 1324/2445/922
f 1324/2445/922 1292/2389/922 1326/2388/922
f 1293/2390/1861 1325/2446/1861 1355/2447/1862
f 1355/2447/1862 1327/2391/1861 1293/2390/1861
f 1356/2449/1864 1326/2448/1863 1294/2392/1809
f 1294/2392/1809 1328/2393/1810 1356/2449/1864
f 1327/2451/1865 1357/2450/1865 1329/2394/1865
f 1329/2394/1865 1295/2395/1865 1327/2451/1865
f 1358/2452/1866 1328/2393/1810 1296/2333/1760
f 1296/2333/1760 1330/2396/1812 1358/2452/1866
f 1329/2454/1870 1359/2453/1867 1331/2398/1868
f 1331/2398/1868 1297/2397/1869 1329/2454/1870
f 1360/2455/1871 1330/2396/1871 1298/2338/1871
f 1298/2338/1871 1332/2399/1871 1360/2455/1871
f 1331/2459/1872 1361/2456/1872 1333/2457/1872
f 1333/2457/1872 1299/2458/1872 1331/2459/1872
f 1334/2402/1876 1362/2460/1873 1332/2399/1874
f 1332/2399/1874 1300/2341/1875 1334/2402/1876
f 1335/2403/1877 1363/2461/1877 1334/2462/1878
f 1334/2462/1878 1302/2404/1877 1335/2403/1877
f 1336/2405/1334 1364/2463/1334 1335/2464/1334
f 1335/2464/1334 1303/2406/1334 1336/2405/1334
f 1337/2407/1879 1365/2465/1879 1336/2466/1879
f 1336/2466/1879 1304/2408/1879 1337/2407/1879
f 1367/2470/1334 1366/2467/1334 1337/2468/1880
f 1337/2468/1880 1322/2469/1881 1367/2470/1334
f 1305/2412/1882 1339/2411/1882 1368/2471/1882
f 1368/2471/1882 1338/2472/1882 1305/2412/1882
f 1369/2474/922 1339/2473/922 1306/2413/922
f 1306/2413/922 1340/2414/922 1369/2474/922
f 1341/2415/1883 1370/2475/1883 1340/2476/1883
f 1340/2476/1883 1307/2416/1883 1341/2415/1883
f 1342/2419/1884 1371/2477/1884 1341/2478/1884
f 1341/2478/1884 1308/2420/1885 1342/2419/1884
f 1343/2421/1886 1372/2479/1886 1342/2480/1886
f 1342/2480/1886 1309/2422/1886 1343/2421/1886
f 1373/2482/922 1345/2425/922 1313/2426/922
f 1313/2426/922 1344/2481/922 1373/2482/922
f 1314/2427/1842 1345/2483/1887 1374/2484/1888
f 1374/2484/1888 1346/2428/1843 1314/2427/1842
f 1315/2370/1792 1346/2428/1843 1375/2485/1889
f 1375/2485/1889 1347/2429/1844 1315/2370/1792
f 1316/2371/1334 1347/2429/1334 1376/2486/1334
f 1376/2486/1334 1348/2430/1334 1316/2371/1334
f 1317/2372/1891 1348/2430/1890 1377/2487/1891
f 1377/2487/1891 1349/2431/1892 1317/2372/1891
f 1318/2433/1894 1349/2488/1893 1378/2489/1894
f 1378/2489/1894 1350/2432/1894 1318/2433/1894
f 1350/2491/1334 1379/2490/1334 1351/2434/1334
f 1351/2434/1334 1319/2435/1334 1350/2491/1334
f 1351/2495/1895 1380/2492/1895 1352/2493/1895
f 1352/2493/1895 1320/2494/1895 1351/2495/1895
f 1338/2472/1896 1368/2471/1896 1353/2440/1896
f 1353/2440/1896 1323/2443/1896 1338/2472/1896
f 1354/2444/922 1373/2482/922 1344/2481/922
f 1344/2481/922 1324/2445/922 1354/2444/922
f 1325/2446/1861 1353/2496/922 1381/2497/922
f 1381/2497/922 1355/2447/1862 1325/2446/1861
f 1382/2499/1898 1354/2498/1897 1326/2448/1863
f 1326/2448/1863 1356/2449/1864 1382/2499/1898
f 1355/2501/1899 1383/2500/1899 1357/2450/1899
f 1357/2450/1899 1327/2451/1899 1355/2501/1899
f 1384/2502/1900 1356/2449/1864 1328/2393/1810
f 1328/2393/1810 1358/2452/1866 1384/2502/1900
f 1357/2504/1903 1385/2503/1901 1359/2453/1902
f 1359/2453/1902 1329/2454/1902 1357/2504/1903
f 1386/2505/1334 1358/2452/1334 1330/2396/1334
f 1330/2396/1334 1360/2455/1334 1386/2505/1334
f 1359/2507/1703 1387/2506/1703 1361/2456/1703
f 1361/2456/1703 1331/2459/1703 1359/2507/1703
f 1388/2508/1907 1360/2455/1904 1332/2399/1905
f 1332/2399/1905 1362/2460/1906 1388/2508/1907
f 1363/2461/1909 1389/2509/1908 1362/2510/1909
f 1362/2510/1909 1334/2462/1910 1363/2461/1909
f 1364/2463/1912 1390/2511/1911 1363/2512/1911
f 1363/2512/1911 1335/2464/1911 1364/2463/1912
f 1365/2465/1913 1391/2513/1913 1364/2514/1913
f 1364/2514/1913 1336/2466/1913 1365/2465/1913
f 1366/2467/1334 1392/2515/1334 1365/2516/1914
f 1365/2516/1914 1337/2468/1880 1366/2467/1334
f 1368/2518/1916 1339/2473/922 1369/2474/922
f 1369/2474/922 1393/2517/1915 1368/2518/1916
f 1370/2475/1917 1394/2519/1917 1369/2520/1917
f 1369/2520/1917 1340/2476/1917 1370/2475/1917
f 1371/2477/1920 1395/2521/1918 1370/2522/1919
f 1370/2522/1919 1341/2478/1919 1371/2477/1920
f 1372/2526/1921 1396/2523/1921 1371/2524/1921
f 1371/2524/1921 1342/2525/1921 1372/2526/1921
f 1374/2484/1888 1345/2483/1887 1373/2527/1922
f 1373/2527/1922 1397/2528/1923 1374/2484/1888
f 1346/2428/1843 1374/2484/1888 1398/2529/1924
f 1398/2529/1924 1375/2485/1889 1346/2428/1843
f 1347/2429/1334 1375/2485/1334 1399/2530/1334
f 1399/2530/1334 1376/2486/1334 1347/2429/1334
f 1348/2430/1928 1376/2486/1925 1400/2531/1926
f 1400/2531/1926 1377/2487/1927 1348/2430/1928
f 1349/2488/1932 1377/2532/1929 1401/2533/1930
f 1401/2533/1930 1378/2489/1931 1349/2488/1932
f 1350/2491/1334 1378/2534/1933 1402/2535/1934
f 1402/2535/1934 1379/2490/1334 1350/2491/1334
f 1379/2537/1935 1403/2536/1935 1380/2492/1935
f 1380/2492/1935 1351/2495/1935 1379/2537/1935
f 1380/2541/1936 1404/2538/1334 1405/2539/1334
f 1405/2539/1334 1352/2540/1334 1380/2541/1936
f 1353/2496/922 1368/2518/922 1393/2517/922
f 1393/2517/922 1381/2497/922 1353/2496/922
f 1397/2528/1923 1373/2527/1922 1354/2498/1897
f 1354/2498/1897 1382/2499/1898 1397/2528/1923
f 1381/2545/1937 1406/2542/1937 1383/2543/1937
f 1383/2543/1937 1355/2544/1937 1381/2545/1937
f 1407/2546/1938 1382/2499/1898 1356/2449/1864
f 1356/2449/1864 1384/2502/1900 1407/2546/1938
f 1383/2548/1939 1408/2547/1939 1385/2503/1939
f 1385/2503/1939 1357/2504/1940 1383/2548/1939
f 1409/2549/1334 1384/2502/1334 1358/2452/1334
f 1358/2452/1334 1386/2505/1334 1409/2549/1334
f 1385/2551/1941 1410/2550/1941 1387/2506/1941
f 1387/2506/1941 1359/2507/1941 1385/2551/1941
f 1411/2552/1944 1386/2505/1942 1360/2455/1942
f 1360/2455/1942 1388/2508/1943 1411/2552/1944
f 1412/2554/1948 1388/2553/1945 1362/2510/1946
f 1362/2510/1946 1389/2509/1947 1412/2554/1948
f 1390/2511/1911 1413/2555/1334 1389/2556/1334
f 1389/2556/1334 1363/2512/1911 1390/2511/1911
f 1391/2513/1949 1414/2557/1949 1390/2558/1949
f 1390/2558/1949 1364/2514/1949 1391/2513/1949
f 1369/2520/1950 1394/2519/1950 1415/2559/1950
f 1415/2559/1950 1393/2560/1950 1369/2520/1950
f 1395/2521/1954 1416/2561/1951 1394/2562/1952
f 1394/2562/1952 1370/2522/1953 1395/2521/1954
f 1396/2523/1955 1417/2563/1955 1395/2564/1955
f 1395/2564/1955 1371/2524/1955 1396/2523/1955
f 1398/2529/1924 1374/2484/1888 1397/2528/1923
f 1397/2528/1923 1418/2565/1956 1398/2529/1924
f 1375/2485/1334 1398/2529/1334 1419/2566/1334
f 1419/2566/1334 1399/2530/1334 1375/2485/1334
f 1376/2486/1959 1399/2530/1957 1420/2567/1958
f 1420/2567/1958 1400/2531/1958 1376/2486/1959
f 1377/2532/1961 1400/2568/1960 1421/2569/1960
f 1421/2569/1960 1401/2533/1961 1377/2532/1961
f 1378/2534/1334 1401/2570/1334 1422/2571/1334
f 1422/2571/1334 1402/2535/1934 1378/2534/1334
f 1402/2573/1962 1423/2572/1962 1403/2536/1962
f 1403/2536/1962 1379/2537/1962 1402/2573/1962
f 1403/2575/1963 1424/2574/1334 1404/2538/1334
f 1404/2538/1334 1380/2541/1936 1403/2575/1963
f 1393/2560/1964 1415/2559/1964 1406/2542/1964
f 1406/2542/1964 1381/2545/1964 1393/2560/1964
f 1418/2565/1956 1397/2528/1923 1382/2499/1898
f 1382/2499/1898 1407/2546/1938 1418/2565/1956
f 1406/2577/1965 1425/2576/1965 1408/2547/1965
f 1408/2547/1965 1383/2548/1965 1406/2577/1965
f 1426/2578/1967 1407/2546/1966 1384/2502/1967
f 1384/2502/1967 1409/2549/1967 1426/2578/1967
f 1408/2580/1968 1427/2579/1968 1410/2550/1968
f 1410/2550/1968 1385/2551/1968 1408/2580/1968
f 1428/2581/1972 1409/2549/1969 1386/2505/1970
f 1386/2505/1970 1411/2552/1971 1428/2581/1972
f 1429/2583/1976 1411/2582/1973 1388/2553/1974
f 1388/2553/1974 1412/2554/1975 1429/2583/1976
f 1430/2585/1334 1412/2584/1334 1389/2556/1334
f 1389/2556/1334 1413/2555/1334 1430/2585/1334
f 1414/2589/1977 1431/2586/1977 1413/2587/1977
f 1413/2587/1977 1390/2588/1977 1414/2589/1977
f 1394/2562/1980 1416/2561/1978 1432/2590/1979
f 1432/2590/1979 1415/2591/1979 1394/2562/1980
f 1417/2563/1981 1433/2592/1981 1416/2593/1981
f 1416/2593/1981 1395/2564/1981 1417/2563/1981
f 1419/2566/1334 1398/2529/1334 1418/2565/1334
f 1418/2565/1334 1434/2594/1334 1419/2566/1334
f 1399/2530/1982 1419/2566/1982 1435/2595/1983
f 1435/2595/1983 1420/2567/1984 1399/2530/1982
f 1400/2568/1988 1420/2596/1985 1436/2597/1986
f 1436/2597/1986 1421/2569/1987 1400/2568/1988
f 1401/2570/1334 1421/2598/1334 1437/2599/1334
f 1437/2599/1334 1422/2571/1334 1401/2570/1334
f 1422/2601/1989 1438/2600/1989 1423/2572/1989
f 1423/2572/1989 1402/2573/1989 1422/2601/1989
f 1403/2575/1963 1423/2602/1990 1439/2603/1334
f 1439/2603/1334 1424/2574/1334 1403/2575/1963
f 1415/2591/1991 1432/2590/1991 1425/2576/1991
f 1425/2576/1991 1406/2577/1992 1415/2591/1991
f 1434/2594/1993 1418/2565/1993 1407/2546/1994
f 1407/2546/1994 1426/2578/1995 1434/2594/1993
f 1425/2607/1996 1440/2604/1996 1427/2605/1996
f 1427/2605/1996 1408/2606/1996 1425/2607/1996
f 1441/2608/2000 1426/2578/1997 1409/2549/1998
f 1409/2549/1998 1428/2581/1999 1441/2608/2000
f 1442/2610/2004 1428/2609/2001 1411/2582/2002
f 1411/2582/2002 1429/2583/2003 1442/2610/2004
f 1443/2612/2005 1429/2611/2005 1412/2584/1334
f 1412/2584/1334 1430/2585/2006 1443/2612/2005
f 1431/2586/2007 1444/2613/2007 1430/2614/2007
f 1430/2614/2007 1413/2587/2007 1431/2586/2007
f 1446/2618/1334 1445/2615/1334 1431/2616/1334
f 1431/2616/1334 1414/2617/2008 1446/2618/1334
f 1416/2593/2009 1433/2592/2009 1447/2619/2009
f 1447/2619/2009 1432/2620/2009 1416/2593/2009
f 1435/2595/2012 1419/2566/2010 1434/2594/2011
f 1434/2594/2011 1448/2621/2012 1435/2595/2012
f 1420/2596/2016 1435/2622/2013 1449/2623/2014
f 1449/2623/2014 1436/2597/2015 1420/2596/2016
f 1421/2598/1334 1436/2624/1334 1450/2625/1334
f 1450/2625/1334 1437/2599/1334 1421/2598/1334
f 1437/2629/2017 1451/2626/2017 1438/2627/2017
f 1438/2627/2017 1422/2628/2017 1437/2629/2017
f 1423/2602/1990 1438/2630/2018 1452/2631/1334
f 1452/2631/1334 1439/2603/1334 1423/2602/1990
f 1432/2620/2019 1447/2619/2019 1440/2604/2019
f 1440/2604/2019 1425/2607/2019 1432/2620/2019
f 1448/2621/2022 1434/2594/2020 1426/2578/2021
f 1426/2578/2021 1441/2608/2020 1448/2621/2022
f 1453/2633/2024 1441/2632/2023 1428/2609/2024
f 1428/2609/2024 1442/2610/2023 1453/2633/2024
f 1454/2635/1334 1442/2634/1334 1429/2611/2005
f 1429/2611/2005 1443/2612/2005 1454/2635/1334
f 1444/2613/2025 1455/2636/2025 1443/2637/2025
f 1443/2637/2025 1430/2614/2025 1444/2613/2025
f 1456/2639/1334 1444/2638/1334 1431/2616/1334
f 1431/2616/1334 1445/2615/1334 1456/2639/1334
f 1449/2623/2028 1435/2622/2026 1448/2640/2027
f 1448/2640/2027 1457/2641/2027 1449/2623/2028
f 1436/2624/1334 1449/2642/2029 1458/2643/2030
f 1458/2643/2030 1450/2625/1334 1436/2624/1334
f 1450/2645/2031 1459/2644/2031 1451/2626/2031
f 1451/2626/2031 1437/2629/2031 1450/2645/2031
f 1457/2641/2032 1448/2640/2032 1441/2632/2033
f 1441/2632/2033 1453/2633/2034 1457/2641/2032
f 1460/2647/1334 1453/2646/1334 1442/2634/1334
f 1442/2634/1334 1454/2635/1334 1460/2647/1334
f 1455/2636/2035 1461/2648/2035 1454/2649/2035
f 1454/2649/2035 1443/2637/2035 1455/2636/2035
f 1462/2651/1334 1455/2650/2036 1444/2638/1334
f 1444/2638/1334 1456/2639/1334 1462/2651/1334
f 1458/2643/2030 1449/2642/1334 1457/2652/1334
f 1457/2652/1334 1463/2653/1334 1458/2643/2030
f 1458/2655/2037 1464/2654/2037 1459/2644/2037
f 1459/2644/2037 1450/2645/2037 1458/2655/2037
f 1463/2653/1334 1457/2652/1334 1453/2646/1334
f 1453/2646/1334 1460/2647/1334 1463/2653/1334
f 1461/2659/2038 1465/2656/2038 1460/2657/2038
f 1460/2657/2038 1454/2658/2038 1461/2659/2038
f 1466/2661/1334 1461/2660/2039 1455/2650/2036
f 1455/2650/2036 1462/2651/1334 1466/2661/1334
f 1467/2663/2040 1464/2654/2040 1458/2655/2040
f 1458/2655/2040 1463/2662/2040 1467/2663/2040
f 1459/2667/2041 1464/2664/1334 1468/2665/1334
f 1468/2665/1334 1469/2666/1334 1459/2667/2041
f 1465/2656/2042 1467/2663/2042 1463/2662/2042
f 1463/2662/2042 1460/2657/2042 1465/2656/2042
f 1468/2665/1334 1464/2664/1334 1467/2668/2043
f 1467/2668/2043 1470/2669/1334 1468/2665/1334
f 1474/2673/2047 1471/2670/2044 1472/2671/2045
f 1472/2671/2045 1473/2672/2046 1474/2673/2047
f 1478/2677/2051 1475/2674/2048 1476/2675/2049
f 1476/2675/2049 1477/2676/2050 1478/2677/2051
f 1475/2681/2048 1479/2678/2052 1480/2679/2053
f 1480/2679/2053 1476/2680/2049 1475/2681/2048
f 1484/2685/2057 1481/2682/2054 1482/2683/2055
f 1482/2683/2055 1483/2684/2056 1484/2685/2057
f 1488/2689/2061 1485/2686/2058 1486/2687/2059
f 1486/2687/2059 1487/2688/2060 1488/2689/2061
f 1485/2686/2058 1489/2690/2062 1490/2691/2063
f 1490/2691/2063 1486/2687/2059 1485/2686/2058
f 1494/2695/2067 1491/2692/2064 1492/2693/2065
f 1492/2693/2065 1493/2694/2066 1494/2695/2067
f 1493/2694/2066 1492/2693/2065 1495/2696/2068
f 1495/2696/2068 1496/2697/2069 1493/2694/2066
f 1500/2701/2073 1497/2698/2070 1498/2699/2071
f 1498/2699/2071 1499/2700/2072 1500/2701/2073
f 1504/2705/2077 1501/2702/2074 1502/2703/2075
f 1502/2703/2075 1503/2704/2076 1504/2705/2077
f 1508/2709/2081 1505/2706/2078 1506/2707/2079
f 1506/2707/2079 1507/2708/2080 1508/2709/2081
f 1507/2708/2080 1506/2707/2079 1509/2710/2082
f 1509/2710/2082 1510/2711/2083 1507/2708/2080
f 1471/2670/2044 1478/2677/2051 1477/2676/2050
f 1477/2676/2050 1472/2671/2045 1471/2670/2044
f 1321/2716/1334 1511/2712/1334 1508/2713/1334
f 1321/2716/1334 1508/2713/1334 1507/2714/1334
f 1321/2716/1334 1507/2714/1334 1510/2715/1334
f 1510/2715/1334 1367/2470/1334 1322/2469/1881
f 1510/2715/1334 1322/2469/1881 1321/2716/1334
f 1473/2672/2046 1392/2717/2084 1366/2718/2085
f 1366/2718/2085 1367/2719/2086 1510/2711/2083
f 1366/2718/2085 1510/2711/2083 1509/2710/2082
f 1366/2718/2085 1509/2710/2082 1474/2673/2047
f 1366/2718/2085 1474/2673/2047 1473/2672/2046
f 1459/2667/2041 1469/2666/1334 1494/2720/1334
f 1459/2667/2041 1494/2720/1334 1493/2721/1334
f 1496/2722/1334 1512/2723/1334 1451/2724/2087
f 1451/2724/2087 1459/2667/2041 1493/2721/1334
f 1493/2721/1334 1496/2722/1334 1451/2724/2087
f 1465/2725/2088 1513/2726/1334 1487/2727/1334
f 1465/2725/2088 1487/2727/1334 1486/2728/1334
f 1490/2729/1334 1470/2669/1334 1467/2668/2043
f 1467/2668/2043 1465/2725/2088 1486/2728/1334
f 1467/2668/2043 1486/2728/1334 1490/2729/1334
f 1490/2691/2063 1489/2690/2062 1491/2692/2064
f 1490/2691/2063 1491/2692/2064 1494/2695/2067
f 1494/2695/2067 1469/2730/2089 1468/2731/2090
f 1494/2695/2067 1468/2731/2090 1470/2732/2091
f 1494/2695/2067 1470/2732/2091 1490/2691/2063
f 1352/2540/1334 1405/2539/1334 1504/2733/1334
f 1352/2540/1334 1504/2733/1334 1503/2734/1334
f 1352/2540/1334 1503/2734/1334 1511/2712/1334
f 1511/2712/1334 1321/2716/1334 1352/2540/1334
f 1472/2738/1334 1477/2735/1334 1391/2736/2092
f 1472/2738/1334 1391/2736/2092 1365/2516/1914
f 1365/2516/1914 1392/2515/1334 1473/2737/1334
f 1365/2516/1914 1473/2737/1334 1472/2738/1334
f 1438/2630/2018 1451/2724/2087 1512/2723/1334
f 1438/2630/2018 1512/2723/1334 1500/2739/1334
f 1438/2630/2018 1500/2739/1334 1499/2740/1334
f 1499/2740/1334 1452/2631/1334 1438/2630/2018
f 1513/2726/1334 1465/2725/2088 1461/2660/2039
f 1461/2660/2039 1466/2661/1334 1483/2741/1334
f 1461/2660/2039 1483/2741/1334 1482/2742/1334
f 1461/2660/2039 1482/2742/1334 1513/2726/1334
f 1480/2744/1334 1446/2618/1334 1414/2617/2008
f 1414/2617/2008 1391/2736/2092 1477/2735/1334
f 1414/2617/2008 1477/2735/1334 1476/2743/1334
f 1414/2617/2008 1476/2743/1334 1480/2744/1334
f 1491/2764/1334 1489/2745/1334 1485/2746/1334
f 1491/2764/1334 1485/2746/1334 1488/2747/1334
f 1491/2764/1334 1488/2747/1334 1481/2748/1334
f 1491/2764/1334 1481/2748/1334 1484/2749/1334
f 1491/2764/1334 1484/2749/1334 1479/2750/1334
f 1491/2764/1334 1479/2750/1334 1475/2751/1334
f 1491/2764/1334 1475/2751/1334 1478/2752/1334
f 1491/2764/1334 1478/2752/1334 1471/2753/1334
f 1491/2764/1334 1471/2753/1334 1474/2754/1334
f 1491/2764/1334 1474/2754/1334 1509/2755/1334
f 1491/2764/1334 1509/2755/1334 1506/2756/1334
f 1491/2764/1334 1506/2756/1334 1505/2757/1334
f 1491/2764/1334 1505/2757/1334 1502/2758/1334
f 1491/2764/1334 1502/2758/1334 1501/2759/1334
f 1491/2764/1334 1501/2759/1334 1498/2760/1334
f 1491/2764/1334 1498/2760/1334 1497/2761/1334
f 1491/2764/1334 1497/2761/1334 1495/2762/1334
f 1495/2762/1334 1492/2763/1334 1491/2764/1334
f 1503/2767/2076 1502/2765/2075 1505/2706/2078
f 1503/2767/2076 1505/2706/2078 1508/2709/2081
f 1508/2709/2081 1511/2766/2093 1503/2767/2076
f 1481/2770/2054 1488/2689/2061 1487/2688/2060
f 1481/2770/2054 1487/2688/2060 1513/2768/2094
f 1513/2768/2094 1482/2769/2055 1481/2770/2054
f 1496/2697/2069 1495/2696/2068 1497/2771/2070
f 1496/2697/2069 1497/2771/2070 1500/2772/2073
f 1500/2772/2073 1512/2773/2095 1496/2697/2069
f 1479/2678/2052 1484/2685/2057 1483/2684/2056
f 1479/2678/2052 1483/2684/2056 1466/2774/2096
f 1479/2678/2052 1466/2774/2096 1462/2775/2097
f 1479/2678/2052 1462/2775/2097 1456/2776/2098
f 1479/2678/2052 1456/2776/2098 1445/2777/2099
f 1479/2678/2052 1445/2777/2099 1446/2778/2100
f 1446/2778/2100 1480/2679/2053 1479/2678/2052
f 1499/2700/2072 1498/2699/2071 1501/2702/2074
f 1499/2700/2072 1501/2702/2074 1504/2705/2077
f 1504/2705/2077 1405/2779/2101 1404/2780/2102
f 1404/2780/2102 1424/2781/2103 1439/2782/2104
f 1404/2780/2102 1439/2782/2104 1452/2783/2105
f 1404/2780/2102 1452/2783/2105 1499/2700/2072
f 1504/2705/2077 1404/2780/2102 1499/2700/2072

# Mesh
g pCube7
usemtl lambert6
f 1517/2787/1334 1514/2784/1334 1515/2785/1334
f 1515/2785/1334 1516/2786/1334 1517/2787/1334
f 1519/2791/2 1517/2788/2 1516/2789/2
f 1516/2789/2 1518/2790/2 1519/2791/2
f 1523/2795/922 1520/2792/922 1521/2793/922
f 1521/2793/922 1522/2794/922 1523/2795/922
f 1514/2799/44 1524/2796/44 1525/2797/44
f 1525/2797/44 1515/2798/44 1514/2799/44
f 1516/2805/2106 1515/2800/2106 1525/2801/2106
f 1516/2805/2106 1525/2801/2106 1526/2802/2107
f 1516/2805/2106 1526/2802/2107 1527/2803/2107
f 1527/2803/2107 1518/2804/2107 1516/2805/2106
f 1529/2811/2109 1524/2806/2108 1514/2807/2108
f 1529/2811/2109 1514/2807/2108 1517/2808/2108
f 1529/2811/2109 1517/2808/2108 1519/2809/2109
f 1519/2809/2109 1528/2810/2109 1529/2811/2109
f 1518/2790/2111 1527/2812/2110 1528/2813/2110
f 1528/2813/2110 1519/2791/2111 1518/2790/2111
f 1526/2815/2112 1529/2814/2112 1528/2813/2110
f 1528/2813/2110 1527/2812/2110 1526/2815/2112
f 1531/2817/922 1529/2814/922 1526/2815/922
f 1526/2815/922 1530/2816/922 1531/2817/922
f 1530/2816/2114 1526/2815/2113 1525/2818/2113
f 1525/2818/2113 1532/2819/2114 1530/2816/2114
f 1532/2819/922 1525/2818/922 1524/2820/922
f 1524/2820/922 1533/2821/922 1532/2819/922
f 1533/2821/2116 1524/2820/2115 1529/2814/2115
f 1529/2814/2115 1531/2817/2116 1533/2821/2116
f 1520/2825/44 1531/2822/44 1530/2823/44
f 1530/2823/44 1521/2824/44 1520/2825/44
f 1521/2829/34 1530/2826/34 1532/2827/34
f 1532/2827/34 1522/2828/34 1521/2829/34
f 1522/2833/2 1532/2830/2 1533/2831/2
f 1533/2831/2 1523/2832/2 1522/2833/2
f 1523/2837/54 1533/2834/54 1531/2835/54
f 1531/2835/54 1520/2836/54 1523/2837/54

# Mesh
g leftspheretop1
usemtl lambert6
f 1537/2841/2117 1534/2838/2117 1535/2839/2117
f 1535/2839/2117 1536/2840/2117 1537/2841/2117
f 1539/2843/2118 1538/2842/2118 1534/2838/2118
f 1534/2838/2118 1537/2841/2118 1539/2843/2118
f 1541/2845/2119 1540/2844/2119 1538/2842/2119
f 1538/2842/2119 1539/2843/2119 1541/2845/2119
f 1543/2847/2120 1542/2846/2120 1540/2844/2120
f 1540/2844/2120 1541/2845/2120 1543/2847/2120
f 1545/2851/2121 1544/2848/2121 1542/2849/2121
f 1542/2849/2121 1543/2850/2121 1545/2851/2121
f 1547/2853/2122 1546/2852/2122 1544/2848/2122
f 1544/2848/2122 1545/2851/2122 1547/2853/2122
f 1549/2855/2123 1548/2854/2123 1546/2852/2123
f 1546/2852/2123 1547/2853/2123 1549/2855/2123
f 1551/2857/2124 1550/2856/2124 1548/2854/2124
f 1548/2854/2124 1549/2855/2124 1551/2857/2124
f 1553/2859/2125 1552/2858/2125 1550/2856/2125
f 1550/2856/2125 1551/2857/2125 1553/2859/2125
f 1555/2861/2126 1554/2860/2126 1552/2858/2126
f 1552/2858/2126 1553/2859/2126 1555/2861/2126
f 1557/2863/2127 1556/2862/2127 1554/2860/2127
f 1554/2860/2127 1555/2861/2127 1557/2863/2127
f 1559/2865/2128 1558/2864/2128 1556/2862/2128
f 1556/2862/2128 1557/2863/2128 1559/2865/2128
f 1561/2867/2129 1560/2866/2129 1558/2864/2129
f 1558/2864/2129 1559/2865/2129 1561/2867/2129
f 1563/2869/2130 1562/2868/2130 1560/2866/2130
f 1560/2866/2130 1561/2867/2130 1563/2869/2130
f 1565/2871/2131 1564/2870/2131 1562/2868/2131
f 1562/2868/2131 1563/2869/2131 1565/2871/2131
f 1567/2873/2132 1566/2872/2132 1564/2870/2132
f 1564/2870/2132 1565/2871/2132 1567/2873/2132
f 1569/2875/2133 1568/2874/2133 1566/2872/2133
f 1566/2872/2133 1567/2873/2133 1569/2875/2133
f 1571/2877/2134 1570/2876/2134 1568/2874/2134
f 1568/2874/2134 1569/2875/2134 1571/2877/2134
f 1573/2879/2135 1572/2878/2135 1570/2876/2135
f 1570/2876/2135 1571/2877/2135 1573/2879/2135
f 1536/2840/2136 1535/2839/2136 1572/2878/2136
f 1572/2878/2136 1573/2879/2136 1536/2840/2136
f 1577/2883/2140 1574/2880/2137 1575/2881/2138
f 1575/2881/2138 1576/2882/2139 1577/2883/2140
f 1576/2882/2139 1575/2881/2138 1578/2884/2141
f 1578/2884/2141 1579/2885/2142 1576/2882/2139
f 1579/2885/2142 1578/2884/2141 1580/2886/2143
f 1580/2886/2143 1581/2887/2144 1579/2885/2142
f 1581/2887/2144 1580/2886/2143 1582/2888/2145
f 1582/2888/2145 1583/2889/2146 1581/2887/2144
f 1583/2893/2146 1582/2890/2145 1584/2891/2147
f 1584/2891/2147 1585/2892/2148 1583/2893/2146
f 1585/2892/2148 1584/2891/2147 1586/2894/2149
f 1586/2894/2149 1587/2895/2150 1585/2892/2148
f 1587/2895/2150 1586/2894/2149 1588/2896/2151
f 1588/2896/2151 1589/2897/2152 1587/2895/2150
f 1589/2897/2152 1588/2896/2151 1590/2898/2153
f 1590/2898/2153 1591/2899/2154 1589/2897/2152
f 1591/2899/2154 1590/2898/2153 1592/2900/2155
f 1592/2900/2155 1593/2901/2156 1591/2899/2154
f 1593/2901/2156 1592/2900/2155 1594/2902/2157
f 1594/2902/2157 1595/2903/2158 1593/2901/2156
f 1595/2903/2158 1594/2902/2157 1596/2904/2159
f 1596/2904/2159 1597/2905/2160 1595/2903/2158
f 1597/2905/2160 1596/2904/2159 1598/2906/2161
f 1598/2906/2161 1599/2907/2162 1597/2905/2160
f 1599/2907/2162 1598/2906/2161 1600/2908/2163
f 1600/2908/2163 1601/2909/2164 1599/2907/2162
f 1601/2909/2164 1600/2908/2163 1602/2910/2165
f 1602/2910/2165 1603/2911/2166 1601/2909/2164
f 1603/2911/2166 1602/2910/2165 1604/2912/2167
f 1604/2912/2167 1605/2913/2168 1603/2911/2166
f 1605/2913/2168 1604/2912/2167 1606/2914/2169
f 1606/2914/2169 1607/2915/2170 1605/2913/2168
f 1607/2915/2170 1606/2914/2169 1608/2916/2171
f 1608/2916/2171 1609/2917/2172 1607/2915/2170
f 1609/2917/2172 1608/2916/2171 1610/2918/2173
f 1610/2918/2173 1611/2919/2174 1609/2917/2172
f 1611/2919/2174 1610/2918/2173 1612/2920/2175
f 1612/2920/2175 1613/2921/2176 1611/2919/2174
f 1613/2921/2176 1612/2920/2175 1574/2880/2137
f 1574/2880/2137 1577/2883/2140 1613/2921/2176
f 1617/2925/2180 1614/2922/2177 1615/2923/2178
f 1615/2923/2178 1616/2924/2179 1617/2925/2180
f 1619/2927/2182 1618/2926/2181 1614/2922/2177
f 1614/2922/2177 1617/2925/2180 1619/2927/2182
f 1621/2929/2184 1620/2928/2183 1618/2926/2181
f 1618/2926/2181 1619/2927/2182 1621/2929/2184
f 1623/2931/2186 1622/2930/2185 1620/2928/2183
f 1620/2928/2183 1621/2929/2184 1623/2931/2186
f 1625/2935/2188 1624/2932/2187 1622/2933/2185
f 1622/2933/2185 1623/2934/2186 1625/2935/2188
f 1627/2937/2190 1626/2936/2189 1624/2932/2187
f 1624/2932/2187 1625/2935/2188 1627/2937/2190
f 1629/2939/2192 1628/2938/2191 1626/2936/2189
f 1626/2936/2189 1627/2937/2190 1629/2939/2192
f 1631/2941/2194 1630/2940/2193 1628/2938/2191
f 1628/2938/2191 1629/2939/2192 1631/2941/2194
f 1633/2943/2196 1632/2942/2195 1630/2940/2193
f 1630/2940/2193 1631/2941/2194 1633/2943/2196
f 1635/2945/2198 1634/2944/2197 1632/2942/2195
f 1632/2942/2195 1633/2943/2196 1635/2945/2198
f 1637/2947/2200 1636/2946/2199 1634/2944/2197
f 1634/2944/2197 1635/2945/2198 1637/2947/2200
f 1639/2949/2202 1638/2948/2201 1636/2946/2199
f 1636/2946/2199 1637/2947/2200 1639/2949/2202
f 1641/2951/2204 1640/2950/2203 1638/2948/2201
f 1638/2948/2201 1639/2949/2202 1641/2951/2204
f 1643/2953/2206 1642/2952/2205 1640/2950/2203
f 1640/2950/2203 1641/2951/2204 1643/2953/2206
f 1645/2955/2208 1644/2954/2207 1642/2952/2205
f 1642/2952/2205 1643/2953/2206 1645/2955/2208
f 1647/2957/2210 1646/2956/2209 1644/2954/2207
f 1644/2954/2207 1645/2955/2208 1647/2957/2210
f 1649/2959/2212 1648/2958/2211 1646/2956/2209
f 1646/2956/2209 1647/2957/2210 1649/2959/2212
f 1651/2961/2214 1650/2960/2213 1648/2958/2211
f 1648/2958/2211 1649/2959/2212 1651/2961/2214
f 1653/2963/2216 1652/2962/2215 1650/2960/2213
f 1650/2960/2213 1651/2961/2214 1653/2963/2216
f 1616/2924/2179 1615/2923/2178 1652/2962/2215
f 1652/2962/2215 1653/2963/2216 1616/2924/2179
f 1575/2967/2138 1574/2964/2137 1654/2965/2217
f 1654/2965/2217 1655/2966/2218 1575/2967/2138
f 1655/2966/2218 1654/2965/2217 1615/2923/2178
f 1615/2923/2178 1614/2922/2177 1655/2966/2218
f 1578/2969/2141 1575/2967/2138 1655/2966/2218
f 1655/2966/2218 1656/2968/2219 1578/2969/2141
f 1656/2968/2219 1655/2966/2218 1614/2922/2177
f 1614/2922/2177 1618/2926/2181 1656/2968/2219
f 1580/2971/2143 1578/2969/2141 1656/2968/2219
f 1656/2968/2219 1657/2970/2220 1580/2971/2143
f 1657/2970/2220 1656/2968/2219 1618/2926/2181
f 1618/2926/2181 1620/2928/2183 1657/2970/2220
f 1582/2973/2145 1580/2971/2143 1657/2970/2220
f 1657/2970/2220 1658/2972/2221 1582/2973/2145
f 1658/2972/2221 1657/2970/2220 1620/2928/2183
f 1620/2928/2183 1622/2930/2185 1658/2972/2221
f 1584/2977/2147 1582/2974/2145 1658/2975/2221
f 1658/2975/2221 1659/2976/2222 1584/2977/2147
f 1659/2976/2222 1658/2975/2221 1622/2933/2185
f 1622/2933/2185 1624/2932/2187 1659/2976/2222
f 1586/2979/2149 1584/2977/2147 1659/2976/2222
f 1659/2976/2222 1660/2978/2223 1586/2979/2149
f 1660/2978/2223 1659/2976/2222 1624/2932/2187
f 1624/2932/2187 1626/2936/2189 1660/2978/2223
f 1588/2981/2151 1586/2979/2149 1660/2978/2223
f 1660/2978/2223 1661/2980/2224 1588/2981/2151
f 1661/2980/2224 1660/2978/2223 1626/2936/2189
f 1626/2936/2189 1628/2938/2191 1661/2980/2224
f 1590/2983/2153 1588/2981/2151 1661/2980/2224
f 1661/2980/2224 1662/2982/2225 1590/2983/2153
f 1662/2982/2225 1661/2980/2224 1628/2938/2191
f 1628/2938/2191 1630/2940/2193 1662/2982/2225
f 1592/2985/2155 1590/2983/2153 1662/2982/2225
f 1662/2982/2225 1663/2984/2226 1592/2985/2155
f 1663/2984/2226 1662/2982/2225 1630/2940/2193
f 1630/2940/2193 1632/2942/2195 1663/2984/2226
f 1594/2987/2157 1592/2985/2155 1663/2984/2226
f 1663/2984/2226 1664/2986/2227 1594/2987/2157
f 1664/2986/2227 1663/2984/2226 1632/2942/2195
f 1632/2942/2195 1634/2944/2197 1664/2986/2227
f 1596/2989/2159 1594/2987/2157 1664/2986/2227
f 1664/2986/2227 1665/2988/2228 1596/2989/2159
f 1665/2988/2228 1664/2986/2227 1634/2944/2197
f 1634/2944/2197 1636/2946/2199 1665/2988/2228
f 1598/2991/2161 1596/2989/2159 1665/2988/2228
f 1665/2988/2228 1666/2990/2229 1598/2991/2161
f 1666/2990/2229 1665/2988/2228 1636/2946/2199
f 1636/2946/2199 1638/2948/2201 1666/2990/2229
f 1600/2993/2163 1598/2991/2161 1666/2990/2229
f 1666/2990/2229 1667/2992/2230 1600/2993/2163
f 1667/2992/2230 1666/2990/2229 1638/2948/2201
f 1638/2948/2201 1640/2950/2203 1667/2992/2230
f 1602/2995/2165 1600/2993/2163 1667/2992/2230
f 1667/2992/2230 1668/2994/2231 1602/2995/2165
f 1668/2994/2231 1667/2992/2230 1640/2950/2203
f 1640/2950/2203 1642/2952/2205 1668/2994/2231
f 1604/2997/2167 1602/2995/2165 1668/2994/2231
f 1668/2994/2231 1669/2996/2232 1604/2997/2167
f 1669/2996/2232 1668/2994/2231 1642/2952/2205
f 1642/2952/2205 1644/2954/2207 1669/2996/2232
f 1606/2999/2169 1604/2997/2167 1669/2996/2232
f 1669/2996/2232 1670/2998/2233 1606/2999/2169
f 1670/2998/2233 1669/2996/2232 1644/2954/2207
f 1644/2954/2207 1646/2956/2209 1670/2998/2233
f 1608/3001/2171 1606/2999/2169 1670/2998/2233
f 1670/2998/2233 1671/3000/2234 1608/3001/2171
f 1671/3000/2234 1670/2998/2233 1646/2956/2209
f 1646/2956/2209 1648/2958/2211 1671/3000/2234
f 1610/3003/2173 1608/3001/2171 1671/3000/2234
f 1671/3000/2234 1672/3002/2235 1610/3003/2173
f 1672/3002/2235 1671/3000/2234 1648/2958/2211
f 1648/2958/2211 1650/2960/2213 1672/3002/2235
f 1612/3005/2175 1610/3003/2173 1672/3002/2235
f 1672/3002/2235 1673/3004/2236 1612/3005/2175
f 1673/3004/2236 1672/3002/2235 1650/2960/2213
f 1650/2960/2213 1652/2962/2215 1673/3004/2236
f 1652/2962/2215 1615/2923/2178 1654/2965/2217
f 1654/2965/2217 1673/3004/2236 1652/2962/2215
f 1673/3004/2236 1654/2965/2217 1574/2964/2137
f 1574/2964/2137 1612/3005/2175 1673/3004/2236
f 1613/3009/2176 1577/3006/2140 1674/3007/2237
f 1674/3007/2237 1675/3008/2238 1613/3009/2176
f 1675/3008/2238 1674/3007/2237 1676/3010/2239
f 1676/3010/2239 1677/3011/2240 1675/3008/2238
f 1679/3013/2242 1676/3010/2239 1674/3007/2237
f 1674/3007/2237 1678/3012/2241 1679/3013/2242
f 1678/3012/2241 1674/3007/2237 1577/3006/2140
f 1577/3006/2140 1576/3014/2139 1678/3012/2241
f 1681/3016/2244 1679/3013/2242 1678/3012/2241
f 1678/3012/2241 1680/3015/2243 1681/3016/2244
f 1680/3015/2243 1678/3012/2241 1576/3014/2139
f 1576/3014/2139 1579/3017/2142 1680/3015/2243
f 1683/3019/2246 1681/3016/2244 1680/3015/2243
f 1680/3015/2243 1682/3018/2245 1683/3019/2246
f 1682/3018/2245 1680/3015/2243 1579/3017/2142
f 1579/3017/2142 1581/3020/2144 1682/3018/2245
f 1685/3022/2248 1683/3019/2246 1682/3018/2245
f 1682/3018/2245 1684/3021/2247 1685/3022/2248
f 1684/3021/2247 1682/3018/2245 1581/3020/2144
f 1581/3020/2144 1583/3023/2146 1684/3021/2247
f 1687/3027/2250 1685/3024/2248 1684/3025/2247
f 1684/3025/2247 1686/3026/2249 1687/3027/2250
f 1686/3026/2249 1684/3025/2247 1583/3028/2146
f 1583/3028/2146 1585/3029/2148 1686/3026/2249
f 1689/3031/2252 1687/3027/2250 1686/3026/2249
f 1686/3026/2249 1688/3030/2251 1689/3031/2252
f 1688/3030/2251 1686/3026/2249 1585/3029/2148
f 1585/3029/2148 1587/3032/2150 1688/3030/2251
f 1691/3034/2254 1689/3031/2252 1688/3030/2251
f 1688/3030/2251 1690/3033/2253 1691/3034/2254
f 1690/3033/2253 1688/3030/2251 1587/3032/2150
f 1587/3032/2150 1589/3035/2152 1690/3033/2253
f 1693/3037/2256 1691/3034/2254 1690/3033/2253
f 1690/3033/2253 1692/3036/2255 1693/3037/2256
f 1692/3036/2255 1690/3033/2253 1589/3035/2152
f 1589/3035/2152 1591/3038/2154 1692/3036/2255
f 1695/3040/2258 1693/3037/2256 1692/3036/2255
f 1692/3036/2255 1694/3039/2257 1695/3040/2258
f 1694/3039/2257 1692/3036/2255 1591/3038/2154
f 1591/3038/2154 1593/3041/2156 1694/3039/2257
f 1697/3043/2260 1695/3040/2258 1694/3039/2257
f 1694/3039/2257 1696/3042/2259 1697/3043/2260
f 1696/3042/2259 1694/3039/2257 1593/3041/2156
f 1593/3041/2156 1595/3044/2158 1696/3042/2259
f 1699/3046/2262 1697/3043/2260 1696/3042/2259
f 1696/3042/2259 1698/3045/2261 1699/3046/2262
f 1698/3045/2261 1696/3042/2259 1595/3044/2158
f 1595/3044/2158 1597/3047/2160 1698/3045/2261
f 1701/3049/2264 1699/3046/2262 1698/3045/2261
f 1698/3045/2261 1700/3048/2263 1701/3049/2264
f 1700/3048/2263 1698/3045/2261 1597/3047/2160
f 1597/3047/2160 1599/3050/2162 1700/3048/2263
f 1703/3052/2266 1701/3049/2264 1700/3048/2263
f 1700/3048/2263 1702/3051/2265 1703/3052/2266
f 1702/3051/2265 1700/3048/2263 1599/3050/2162
f 1599/3050/2162 1601/3053/2164 1702/3051/2265
f 1705/3055/2268 1703/3052/2266 1702/3051/2265
f 1702/3051/2265 1704/3054/2267 1705/3055/2268
f 1704/3054/2267 1702/3051/2265 1601/3053/2164
f 1601/3053/2164 1603/3056/2166 1704/3054/2267
f 1707/3058/2270 1705/3055/2268 1704/3054/2267
f 1704/3054/2267 1706/3057/2269 1707/3058/2270
f 1706/3057/2269 1704/3054/2267 1603/3056/2166
f 1603/3056/2166 1605/3059/2168 1706/3057/2269
f 1709/3061/2272 1707/3058/2270 1706/3057/2269
f 1706/3057/2269 1708/3060/2271 1709/3061/2272
f 1708/3060/2271 1706/3057/2269 1605/3059/2168
f 1605/3059/2168 1607/3062/2170 1708/3060/2271
f 1711/3064/2274 1709/3061/2272 1708/3060/2271
f 1708/3060/2271 1710/3063/2273 1711/3064/2274
f 1710/3063/2273 1708/3060/2271 1607/3062/2170
f 1607/3062/2170 1609/3065/2172 1710/3063/2273
f 1713/3067/2276 1711/3064/2274 1710/3063/2273
f 1710/3063/2273 1712/3066/2275 1713/3067/2276
f 1712/3066/2275 1710/3063/2273 1609/3065/2172
f 1609/3065/2172 1611/3068/2174 1712/3066/2275
f 1677/3011/2240 1713/3067/2276 1712/3066/2275
f 1712/3066/2275 1675/3008/2238 1677/3011/2240
f 1675/3008/2238 1712/3066/2275 1611/3068/2174
f 1611/3068/2174 1613/3009/2176 1675/3008/2238
f 1534/3070/2278 1617/2925/2180 1616/2924/2179
f 1616/2924/2179 1535/3069/2277 1534/3070/2278
f 1538/3071/2279 1619/2927/2182 1617/2925/2180
f 1617/2925/2180 1534/3070/2278 1538/3071/2279
f 1540/3072/2280 1621/2929/2184 1619/2927/2182
f 1619/2927/2182 1538/3071/2279 1540/3072/2280
f 1542/3073/2281 1623/2931/2186 1621/2929/2184
f 1621/2929/2184 1540/3072/2280 1542/3073/2281
f 1544/3075/2282 1625/2935/2188 1623/2934/2186
f 1623/2934/2186 1542/3074/2281 1544/3075/2282
f 1546/3076/2283 1627/2937/2190 1625/2935/2188
f 1625/2935/2188 1544/3075/2282 1546/3076/2283
f 1548/3077/2284 1629/2939/2192 1627/2937/2190
f 1627/2937/2190 1546/3076/2283 1548/3077/2284
f 1550/3078/2285 1631/2941/2194 1629/2939/2192
f 1629/2939/2192 1548/3077/2284 1550/3078/2285
f 1552/3079/2286 1633/2943/2196 1631/2941/2194
f 1631/2941/2194 1550/3078/2285 1552/3079/2286
f 1554/3080/2287 1635/2945/2198 1633/2943/2196
f 1633/2943/2196 1552/3079/2286 1554/3080/2287
f 1556/3081/2288 1637/2947/2200 1635/2945/2198
f 1635/2945/2198 1554/3080/2287 1556/3081/2288
f 1558/3082/2289 1639/2949/2202 1637/2947/2200
f 1637/2947/2200 1556/3081/2288 1558/3082/2289
f 1560/3083/2290 1641/2951/2204 1639/2949/2202
f 1639/2949/2202 1558/3082/2289 1560/3083/2290
f 1562/3084/2291 1643/2953/2206 1641/2951/2204
f 1641/2951/2204 1560/3083/2290 1562/3084/2291
f 1564/3085/2292 1645/2955/2208 1643/2953/2206
f 1643/2953/2206 1562/3084/2291 1564/3085/2292
f 1566/3086/2293 1647/2957/2210 1645/2955/2208
f 1645/2955/2208 1564/3085/2292 1566/3086/2293
f 1568/3087/2294 1649/2959/2212 1647/2957/2210
f 1647/2957/2210 1566/3086/2293 1568/3087/2294
f 1570/3088/2295 1651/2961/2214 1649/2959/2212
f 1649/2959/2212 1568/3087/2294 1570/3088/2295
f 1572/3089/2296 1653/2963/2216 1651/2961/2214
f 1651/2961/2214 1570/3088/2295 1572/3089/2296
f 1535/3069/2277 1616/2924/2179 1653/2963/2216
f 1653/2963/2216 1572/3089/2296 1535/3069/2277
f 1714/3090/2297 1715/3091/2298 1716/3092/2299
f 1715/3091/2298 1717/3093/2300 1716/3092/2299
f 1717/3093/2300 1718/3094/2301 1716/3092/2299
f 1718/3094/2301 1719/3095/2302 1716/3092/2299
f 1719/3095/2302 1720/3096/2303 1716/3092/2299
f 1720/3096/2303 1721/3097/2304 1716/3092/2299
f 1721/3097/2304 1722/3098/2305 1716/3092/2299
f 1722/3098/2305 1723/3099/2306 1716/3092/2299
f 1723/3099/2306 1724/3100/2307 1716/3092/2299
f 1724/3100/2307 1725/3101/2308 1716/3092/2299
f 1725/3101/2308 1726/3102/2309 1716/3092/2299
f 1726/3102/2309 1727/3103/2310 1716/3092/2299
f 1727/3103/2310 1728/3104/2311 1716/3092/2299
f 1728/3104/2311 1729/3105/2312 1716/3092/2299
f 1729/3105/2312 1730/3106/2313 1716/3092/2299
f 1730/3106/2313 1731/3107/2314 1716/3092/2299
f 1731/3107/2314 1732/3108/2315 1716/3092/2299
f 1732/3108/2315 1733/3109/2316 1716/3092/2299
f 1733/3109/2316 1734/3110/2317 1716/3092/2299
f 1734/3110/2317 1714/3090/2297 1716/3092/2299
f 1736/3112/2319 1676/3010/2239 1679/3013/2242
f 1679/3013/2242 1735/3111/2318 1736/3112/2319
f 1735/3111/2318 1679/3013/2242 1681/3016/2244
f 1681/3016/2244 1737/3113/2320 1735/3111/2318
f 1737/3113/2320 1681/3016/2244 1683/3019/2246
f 1683/3019/2246 1738/3114/2321 1737/3113/2320
f 1738/3114/2321 1683/3019/2246 1685/3022/2248
f 1685/3022/2248 1739/3115/2322 1738/3114/2321
f 1739/3117/2322 1685/3024/2248 1687/3027/2250
f 1687/3027/2250 1740/3116/2323 1739/3117/2322
f 1740/3116/2323 1687/3027/2250 1689/3031/2252
f 1689/3031/2252 1741/3118/2324 1740/3116/2323
f 1741/3118/2324 1689/3031/2252 1691/3034/2254
f 1691/3034/2254 1742/3119/2325 1741/3118/2324
f 1742/3119/2325 1691/3034/2254 1693/3037/2256
f 1693/3037/2256 1743/3120/2326 1742/3119/2325
f 1743/3120/2326 1693/3037/2256 1695/3040/2258
f 1695/3040/2258 1744/3121/2327 1743/3120/2326
f 1744/3121/2327 1695/3040/2258 1697/3043/2260
f 1697/3043/2260 1745/3122/2328 1744/3121/2327
f 1745/3122/2328 1697/3043/2260 1699/3046/2262
f 1699/3046/2262 1746/3123/2329 1745/3122/2328
f 1746/3123/2329 1699/3046/2262 1701/3049/2264
f 1701/3049/2264 1747/3124/2330 1746/3123/2329
f 1747/3124/2330 1701/3049/2264 1703/3052/2266
f 1703/3052/2266 1748/3125/2331 1747/3124/2330
f 1748/3125/2331 1703/3052/2266 1705/3055/2268
f 1705/3055/2268 1749/3126/2332 1748/3125/2331
f 1749/3126/2332 1705/3055/2268 1707/3058/2270
f 1707/3058/2270 1750/3127/2333 1749/3126/2332
f 1750/3127/2333 1707/3058/2270 1709/3061/2272
f 1709/3061/2272 1751/3128/2334 1750/3127/2333
f 1751/3128/2334 1709/3061/2272 1711/3064/2274
f 1711/3064/2274 1752/3129/2335 1751/3128/2334
f 1752/3129/2335 1711/3064/2274 1713/3067/2276
f 1713/3067/2276 1753/3130/2336 1752/3129/2335
f 1753/3130/2336 1713/3067/2276 1677/3011/2240
f 1677/3011/2240 1754/3131/2337 1753/3130/2336
f 1754/3131/2337 1677/3011/2240 1676/3010/2239
f 1676/3010/2239 1736/3112/2319 1754/3131/2337
f 1715/3135/2298 1714/3132/2297 1755/3133/2338
f 1755/3133/2338 1756/3134/2339 1715/3135/2298
f 1756/3134/2339 1755/3133/2338 1736/3112/2319
f 1736/3112/2319 1735/3111/2318 1756/3134/2339
f 1717/3137/2300 1715/3135/2298 1756/3134/2339
f 1756/3134/2339 1757/3136/2340 1717/3137/2300
f 1757/3136/2340 1756/3134/2339 1735/3111/2318
f 1735/3111/2318 1737/3113/2320 1757/3136/2340
f 1718/3139/2301 1717/3137/2300 1757/3136/2340
f 1757/3136/2340 1758/3138/2341 1718/3139/2301
f 1758/3138/2341 1757/3136/2340 1737/3113/2320
f 1737/3113/2320 1738/3114/2321 1758/3138/2341
f 1719/3141/2302 1718/3139/2301 1758/3138/2341
f 1758/3138/2341 1759/3140/2342 1719/3141/2302
f 1759/3140/2342 1758/3138/2341 1738/3114/2321
f 1738/3114/2321 1739/3115/2322 1759/3140/2342
f 1720/3145/2303 1719/3142/2302 1759/3143/2342
f 1759/3143/2342 1760/3144/2343 1720/3145/2303
f 1760/3144/2343 1759/3143/2342 1739/3117/2322
f 1739/3117/2322 1740/3116/2323 1760/3144/2343
f 1721/3147/2304 1720/3145/2303 1760/3144/2343
f 1760/3144/2343 1761/3146/2344 1721/3147/2304
f 1761/3146/2344 1760/3144/2343 1740/3116/2323
f 1740/3116/2323 1741/3118/2324 1761/3146/2344
f 1722/3149/2305 1721/3147/2304 1761/3146/2344
f 1761/3146/2344 1762/3148/2345 1722/3149/2305
f 1762/3148/2345 1761/3146/2344 1741/3118/2324
f 1741/3118/2324 1742/3119/2325 1762/3148/2345
f 1723/3151/2306 1722/3149/2305 1762/3148/2345
f 1762/3148/2345 1763/3150/2346 1723/3151/2306
f 1763/3150/2346 1762/3148/2345 1742/3119/2325
f 1742/3119/2325 1743/3120/2326 1763/3150/2346
f 1724/3153/2307 1723/3151/2306 1763/3150/2346
f 1763/3150/2346 1764/3152/2347 1724/3153/2307
f 1764/3152/2347 1763/3150/2346 1743/3120/2326
f 1743/3120/2326 1744/3121/2327 1764/3152/2347
f 1725/3155/2308 1724/3153/2307 1764/3152/2347
f 1764/3152/2347 1765/3154/2348 1725/3155/2308
f 1765/3154/2348 1764/3152/2347 1744/3121/2327
f 1744/3121/2327 1745/3122/2328 1765/3154/2348
f 1726/3157/2309 1725/3155/2308 1765/3154/2348
f 1765/3154/2348 1766/3156/2349 1726/3157/2309
f 1766/3156/2349 1765/3154/2348 1745/3122/2328
f 1745/3122/2328 1746/3123/2329 1766/3156/2349
f 1727/3159/2310 1726/3157/2309 1766/3156/2349
f 1766/3156/2349 1767/3158/2350 1727/3159/2310
f 1767/3158/2350 1766/3156/2349 1746/3123/2329
f 1746/3123/2329 1747/3124/2330 1767/3158/2350
f 1728/3161/2311 1727/3159/2310 1767/3158/2350
f 1767/3158/2350 1768/3160/2351 1728/3161/2311
f 1768/3160/2351 1767/3158/2350 1747/3124/2330
f 1747/3124/2330 1748/3125/2331 1768/3160/2351
f 1729/3163/2312 1728/3161/2311 1768/3160/2351
f 1768/3160/2351 1769/3162/2352 1729/3163/2312
f 1769/3162/2352 1768/3160/2351 1748/3125/2331
f 1748/3125/2331 1749/3126/2332 1769/3162/2352
f 1730/3165/2313 1729/3163/2312 1769/3162/2352
f 1769/3162/2352 1770/3164/2353 1730/3165/2313
f 1770/3164/2353 1769/3162/2352 1749/3126/2332
f 1749/3126/2332 1750/3127/2333 1770/3164/2353
f 1731/3167/2314 1730/3165/2313 1770/3164/2353
f 1770/3164/2353 1771/3166/2354 1731/3167/2314
f 1771/3166/2354 1770/3164/2353 1750/3127/2333
f 1750/3127/2333 1751/3128/2334 1771/3166/2354
f 1732/3169/2315 1731/3167/2314 1771/3166/2354
f 1771/3166/2354 1772/3168/2355 1732/3169/2315
f 1772/3168/2355 1771/3166/2354 1751/3128/2334
f 1751/3128/2334 1752/3129/2335 1772/3168/2355
f 1733/3171/2316 1732/3169/2315 1772/3168/2355
f 1772/3168/2355 1773/3170/2356 1733/3171/2316
f 1773/3170/2356 1772/3168/2355 1752/3129/2335
f 1752/3129/2335 1753/3130/2336 1773/3170/2356
f 1734/3173/2317 1733/3171/2316 1773/3170/2356
f 1773/3170/2356 1774/3172/2357 1734/3173/2317
f 1774/3172/2357 1773/3170/2356 1753/3130/2336
f 1753/3130/2336 1754/3131/2337 1774/3172/2357
f 1754/3131/2337 1736/3112/2319 1755/3133/2338
f 1755/3133/2338 1774/3172/2357 1754/3131/2337
f 1774/3172/2357 1755/3133/2338 1714/3132/2297
f 1714/3132/2297 1734/3173/2317 1774/3172/2357

# Mesh
g pCube8
usemtl lambert6
f 1778/3177/2361 1775/3174/2358 1776/3175/2359
f 1776/3175/2359 1777/3176/2360 1778/3177/2361
f 1777/3181/2360 1776/3178/2359 1779/3179/2362
f 1779/3179/2362 1780/3180/2363 1777/3181/2360
f 1780/3185/2366 1779/3182/2362 1781/3183/2364
f 1781/3183/2364 1782/3184/2365 1780/3185/2366
f 1786/3189/2370 1783/3186/2367 1784/3187/2368
f 1784/3187/2368 1785/3188/2369 1786/3189/2370
f 1785/3193/2369 1784/3190/2368 1787/3191/2371
f 1787/3191/2371 1788/3192/2372 1785/3193/2369
f 1788/3196/2372 1787/3194/2371 1775/3174/2358
f 1775/3174/2358 1789/3195/2373 1788/3196/2372
f 1792/3199/2376 1786/3189/2370 1790/3197/2374
f 1790/3197/2374 1791/3198/2375 1792/3199/2376
f 1791/3203/2375 1790/3200/2374 1793/3201/2377
f 1793/3201/2377 1794/3202/2378 1791/3203/2375
f 1794/3207/2378 1793/3204/2377 1795/3205/2379
f 1795/3205/2379 1796/3206/2380 1794/3207/2378
f 1799/3210/2383 1795/3205/2379 1797/3208/2381
f 1797/3208/2381 1798/3209/2382 1799/3210/2383
f 1798/3214/2382 1797/3211/2381 1800/3212/2384
f 1800/3212/2384 1801/3213/2385 1798/3214/2382
f 1801/3217/2385 1800/3215/2384 1789/3195/2373
f 1789/3195/2373 1802/3216/2386 1801/3217/2385
f 1805/3220/2389 1799/3210/2383 1803/3218/2387
f 1803/3218/2387 1804/3219/2388 1805/3220/2389
f 1804/3224/2388 1803/3221/2387 1806/3222/2390
f 1806/3222/2390 1807/3223/2391 1804/3224/2388
f 1807/3228/2391 1806/3225/2390 1808/3226/2392
f 1808/3226/2392 1809/3227/2393 1807/3228/2391
f 1789/3195/2373 1775/3174/2358 1778/3177/2361
f 1778/3177/2361 1802/3216/2386 1789/3195/2373
f 1796/3206/2380 1795/3205/2379 1799/3210/2383
f 1799/3210/2383 1805/3220/2389 1796/3206/2380
f 1781/3183/2364 1810/3229/2394 1811/3230/2395
f 1811/3230/2395 1782/3184/2365 1781/3183/2364
f 1808/3226/2392 1782/3184/2396 1811/3230/2397
f 1811/3230/2397 1809/3227/2393 1808/3226/2392
f 1792/3199/2376 1812/3231/2398 1783/3186/2367
f 1783/3186/2367 1786/3189/2370 1792/3199/2376
f 1813/3232/2400 1780/3185/2399 1782/3184/2396
f 1782/3184/2396 1808/3226/2392 1813/3232/2400
f 1802/3216/2386 1778/3177/2361 1777/3176/2360
f 1777/3176/2360 1814/3233/2401 1802/3216/2386
f 1814/3235/2401 1777/3181/2360 1780/3180/2399
f 1780/3180/2399 1813/3234/2400 1814/3235/2401
f 1815/3236/2405 1794/3207/2402 1796/3206/2403
f 1796/3206/2403 1810/3229/2404 1815/3236/2405
f 1812/3231/2398 1792/3199/2376 1791/3198/2406
f 1791/3198/2406 1816/3237/2407 1812/3231/2398
f 1816/3239/2409 1791/3203/2408 1794/3202/2402
f 1794/3202/2402 1815/3238/2405 1816/3239/2409
f 1810/3229/2394 1781/3183/2364 1817/3240/2410
f 1817/3240/2410 1815/3236/2411 1810/3229/2394
f 1815/3238/2411 1817/3241/2410 1818/3242/2412
f 1818/3242/2412 1816/3239/2407 1815/3238/2411
f 1816/3237/2407 1818/3243/2412 1783/3186/2367
f 1783/3186/2367 1812/3231/2398 1816/3237/2407
f 1819/3244/2413 1784/3187/2368 1783/3186/2367
f 1783/3186/2367 1818/3243/2412 1819/3244/2413
f 1820/3246/2414 1819/3245/2413 1818/3242/2412
f 1818/3242/2412 1817/3241/2410 1820/3246/2414
f 1820/3247/2414 1817/3240/2410 1781/3183/2364
f 1781/3183/2364 1779/3182/2362 1820/3247/2414
f 1821/3249/2415 1820/3248/2414 1779/3179/2362
f 1779/3179/2362 1776/3178/2359 1821/3249/2415
f 1821/3250/2415 1776/3175/2359 1775/3174/2358
f 1775/3174/2358 1787/3194/2371 1821/3250/2415
f 1819/3252/2413 1821/3251/2415 1787/3191/2371
f 1787/3191/2371 1784/3190/2368 1819/3252/2413
f 1819/3253/2413 1820/3254/2414 1821/3255/2415
f 1822/3256/2416 1797/3208/2381 1795/3205/2379
f 1795/3205/2379 1793/3204/2377 1822/3256/2416
f 1823/3258/2417 1822/3257/2416 1793/3201/2377
f 1793/3201/2377 1790/3200/2374 1823/3258/2417
f 1823/3259/2417 1790/3197/2374 1786/3189/2370
f 1786/3189/2370 1785/3188/2369 1823/3259/2417
f 1824/3261/2418 1823/3260/2417 1785/3193/2369
f 1785/3193/2369 1788/3192/2372 1824/3261/2418
f 1824/3262/2418 1788/3196/2372 1789/3195/2373
f 1789/3195/2373 1800/3215/2384 1824/3262/2418
f 1822/3264/2416 1824/3263/2418 1800/3212/2384
f 1800/3212/2384 1797/3211/2381 1822/3264/2416
f 1822/3265/2416 1823/3266/2417 1824/3267/2418
f 1825/3268/2419 1813/3232/2400 1808/3226/2392
f 1808/3226/2392 1806/3225/2390 1825/3268/2419
f 1826/3270/2420 1825/3269/2419 1806/3222/2390
f 1806/3222/2390 1803/3221/2387 1826/3270/2420
f 1826/3271/2420 1803/3218/2387 1799/3210/2383
f 1799/3210/2383 1798/3209/2382 1826/3271/2420
f 1827/3273/2421 1826/3272/2420 1798/3214/2382
f 1798/3214/2382 1801/3213/2385 1827/3273/2421
f 1827/3274/2421 1801/3217/2385 1802/3216/2386
f 1802/3216/2386 1814/3233/2401 1827/3274/2421
f 1825/3276/2419 1827/3275/2421 1814/3235/2401
f 1814/3235/2401 1813/3234/2400 1825/3276/2419
f 1825/3277/2419 1826/3278/2420 1827/3279/2421

# Mesh
g smspheretoptop1
usemtl lambert6
f 1831/3283/2422 1828/3280/2422 1829/3281/2422
f 1829/3281/2422 1830/3282/2422 1831/3283/2422
f 1833/3285/2423 1832/3284/2423 1828/3280/2423
f 1828/3280/2423 1831/3283/2423 1833/3285/2423
f 1835/3287/2424 1834/3286/2424 1832/3284/2424
f 1832/3284/2424 1833/3285/2424 1835/3287/2424
f 1837/3289/2425 1836/3288/2425 1834/3286/2425
f 1834/3286/2425 1835/3287/2425 1837/3289/2425
f 1839/3293/2426 1838/3290/2426 1836/3291/2426
f 1836/3291/2426 1837/3292/2426 1839/3293/2426
f 1841/3295/2427 1840/3294/2427 1838/3290/2427
f 1838/3290/2427 1839/3293/2427 1841/3295/2427
f 1843/3297/2428 1842/3296/2428 1840/3294/2428
f 1840/3294/2428 1841/3295/2428 1843/3297/2428
f 1845/3299/2429 1844/3298/2429 1842/3296/2429
f 1842/3296/2429 1843/3297/2429 1845/3299/2429
f 1847/3301/2430 1846/3300/2430 1844/3298/2430
f 1844/3298/2430 1845/3299/2430 1847/3301/2430
f 1849/3303/2431 1848/3302/2431 1846/3300/2431
f 1846/3300/2431 1847/3301/2431 1849/3303/2431
f 1851/3305/2432 1850/3304/2432 1848/3302/2432
f 1848/3302/2432 1849/3303/2432 1851/3305/2432
f 1853/3307/2433 1852/3306/2433 1850/3304/2433
f 1850/3304/2433 1851/3305/2433 1853/3307/2433
f 1855/3309/2434 1854/3308/2434 1852/3306/2434
f 1852/3306/2434 1853/3307/2434 1855/3309/2434
f 1857/3311/2435 1856/3310/2435 1854/3308/2435
f 1854/3308/2435 1855/3309/2435 1857/3311/2435
f 1859/3313/2436 1858/3312/2436 1856/3310/2436
f 1856/3310/2436 1857/3311/2436 1859/3313/2436
f 1861/3315/2437 1860/3314/2437 1858/3312/2437
f 1858/3312/2437 1859/3313/2437 1861/3315/2437
f 1863/3317/2438 1862/3316/2438 1860/3314/2438
f 1860/3314/2438 1861/3315/2438 1863/3317/2438
f 1865/3319/2439 1864/3318/2439 1862/3316/2439
f 1862/3316/2439 1863/3317/2439 1865/3319/2439
f 1867/3321/2440 1866/3320/2440 1864/3318/2440
f 1864/3318/2440 1865/3319/2440 1867/3321/2440
f 1830/3282/2441 1829/3281/2441 1866/3320/2441
f 1866/3320/2441 1867/3321/2441 1830/3282/2441
f 1871/3325/2445 1868/3322/2442 1869/3323/2443
f 1869/3323/2443 1870/3324/2444 1871/3325/2445
f 1870/3324/2444 1869/3323/2443 1872/3326/2446
f 1872/3326/2446 1873/3327/2447 1870/3324/2444
f 1873/3327/2447 1872/3326/2446 1874/3328/2448
f 1874/3328/2448 1875/3329/2449 1873/3327/2447
f 1875/3329/2449 1874/3328/2448 1876/3330/2450
f 1876/3330/2450 1877/3331/2451 1875/3329/2449
f 1877/3335/2451 1876/3332/2450 1878/3333/2452
f 1878/3333/2452 1879/3334/2453 1877/3335/2451
f 1879/3334/2453 1878/3333/2452 1880/3336/2454
f 1880/3336/2454 1881/3337/2455 1879/3334/2453
f 1881/3337/2455 1880/3336/2454 1882/3338/2456
f 1882/3338/2456 1883/3339/2457 1881/3337/2455
f 1883/3339/2457 1882/3338/2456 1884/3340/2458
f 1884/3340/2458 1885/3341/2459 1883/3339/2457
f 1885/3341/2459 1884/3340/2458 1886/3342/2460
f 1886/3342/2460 1887/3343/2461 1885/3341/2459
f 1887/3343/2461 1886/3342/2460 1888/3344/2462
f 1888/3344/2462 1889/3345/2463 1887/3343/2461
f 1889/3345/2463 1888/3344/2462 1890/3346/2464
f 1890/3346/2464 1891/3347/2465 1889/3345/2463
f 1891/3347/2465 1890/3346/2464 1892/3348/2466
f 1892/3348/2466 1893/3349/2467 1891/3347/2465
f 1893/3349/2467 1892/3348/2466 1894/3350/2468
f 1894/3350/2468 1895/3351/2469 1893/3349/2467
f 1895/3351/2469 1894/3350/2468 1896/3352/2470
f 1896/3352/2470 1897/3353/2471 1895/3351/2469
f 1897/3353/2471 1896/3352/2470 1898/3354/2472
f 1898/3354/2472 1899/3355/2473 1897/3353/2471
f 1899/3355/2473 1898/3354/2472 1900/3356/2474
f 1900/3356/2474 1901/3357/2475 1899/3355/2473
f 1901/3357/2475 1900/3356/2474 1902/3358/2476
f 1902/3358/2476 1903/3359/2477 1901/3357/2475
f 1903/3359/2477 1902/3358/2476 1904/3360/2478
f 1904/3360/2478 1905/3361/2479 1903/3359/2477
f 1905/3361/2479 1904/3360/2478 1906/3362/2480
f 1906/3362/2480 1907/3363/2481 1905/3361/2479
f 1907/3363/2481 1906/3362/2480 1868/3322/2442
f 1868/3322/2442 1871/3325/2445 1907/3363/2481
f 1911/3367/2485 1908/3364/2482 1909/3365/2483
f 1909/3365/2483 1910/3366/2484 1911/3367/2485
f 1913/3369/2487 1912/3368/2486 1908/3364/2482
f 1908/3364/2482 1911/3367/2485 1913/3369/2487
f 1915/3371/2489 1914/3370/2488 1912/3368/2486
f 1912/3368/2486 1913/3369/2487 1915/3371/2489
f 1917/3373/2491 1916/3372/2490 1914/3370/2488
f 1914/3370/2488 1915/3371/2489 1917/3373/2491
f 1919/3377/2493 1918/3374/2492 1916/3375/2490
f 1916/3375/2490 1917/3376/2491 1919/3377/2493
f 1921/3379/2495 1920/3378/2494 1918/3374/2492
f 1918/3374/2492 1919/3377/2493 1921/3379/2495
f 1923/3381/2497 1922/3380/2496 1920/3378/2494
f 1920/3378/2494 1921/3379/2495 1923/3381/2497
f 1925/3383/2499 1924/3382/2498 1922/3380/2496
f 1922/3380/2496 1923/3381/2497 1925/3383/2499
f 1927/3385/2501 1926/3384/2500 1924/3382/2498
f 1924/3382/2498 1925/3383/2499 1927/3385/2501
f 1929/3387/2503 1928/3386/2502 1926/3384/2500
f 1926/3384/2500 1927/3385/2501 1929/3387/2503
f 1931/3389/2505 1930/3388/2504 1928/3386/2502
f 1928/3386/2502 1929/3387/2503 1931/3389/2505
f 1933/3391/2507 1932/3390/2506 1930/3388/2504
f 1930/3388/2504 1931/3389/2505 1933/3391/2507
f 1935/3393/2509 1934/3392/2508 1932/3390/2506
f 1932/3390/2506 1933/3391/2507 1935/3393/2509
f 1937/3395/2511 1936/3394/2510 1934/3392/2508
f 1934/3392/2508 1935/3393/2509 1937/3395/2511
f 1939/3397/2513 1938/3396/2512 1936/3394/2510
f 1936/3394/2510 1937/3395/2511 1939/3397/2513
f 1941/3399/2515 1940/3398/2514 1938/3396/2512
f 1938/3396/2512 1939/3397/2513 1941/3399/2515
f 1943/3401/2517 1942/3400/2516 1940/3398/2514
f 1940/3398/2514 1941/3399/2515 1943/3401/2517
f 1945/3403/2519 1944/3402/2518 1942/3400/2516
f 1942/3400/2516 1943/3401/2517 1945/3403/2519
f 1947/3405/2521 1946/3404/2520 1944/3402/2518
f 1944/3402/2518 1945/3403/2519 1947/3405/2521
f 1910/3366/2484 1909/3365/2483 1946/3404/2520
f 1946/3404/2520 1947/3405/2521 1910/3366/2484
f 1869/3409/2443 1868/3406/2442 1948/3407/2522
f 1948/3407/2522 1949/3408/2523 1869/3409/2443
f 1949/3408/2523 1948/3407/2522 1909/3365/2483
f 1909/3365/2483 1908/3364/2482 1949/3408/2523
f 1872/3411/2446 1869/3409/2443 1949/3408/2523
f 1949/3408/2523 1950/3410/2524 1872/3411/2446
f 1950/3410/2524 1949/3408/2523 1908/3364/2482
f 1908/3364/2482 1912/3368/2486 1950/3410/2524
f 1874/3413/2448 1872/3411/2446 1950/3410/2524
f 1950/3410/2524 1951/3412/2525 1874/3413/2448
f 1951/3412/2525 1950/3410/2524 1912/3368/2486
f 1912/3368/2486 1914/3370/2488 1951/3412/2525
f 1876/3415/2450 1874/3413/2448 1951/3412/2525
f 1951/3412/2525 1952/3414/2526 1876/3415/2450
f 1952/3414/2526 1951/3412/2525 1914/3370/2488
f 1914/3370/2488 1916/3372/2490 1952/3414/2526
f 1878/3419/2452 1876/3416/2450 1952/3417/2526
f 1952/3417/2526 1953/3418/2527 1878/3419/2452
f 1953/3418/2527 1952/3417/2526 1916/3375/2490
f 1916/3375/2490 1918/3374/2492 1953/3418/2527
f 1880/3421/2454 1878/3419/2452 1953/3418/2527
f 1953/3418/2527 1954/3420/2528 1880/3421/2454
f 1954/3420/2528 1953/3418/2527 1918/3374/2492
f 1918/3374/2492 1920/3378/2494 1954/3420/2528
f 1882/3423/2456 1880/3421/2454 1954/3420/2528
f 1954/3420/2528 1955/3422/2529 1882/3423/2456
f 1955/3422/2529 1954/3420/2528 1920/3378/2494
f 1920/3378/2494 1922/3380/2496 1955/3422/2529
f 1884/3425/2458 1882/3423/2456 1955/3422/2529
f 1955/3422/2529 1956/3424/2530 1884/3425/2458
f 1956/3424/2530 1955/3422/2529 1922/3380/2496
f 1922/3380/2496 1924/3382/2498 1956/3424/2530
f 1886/3427/2460 1884/3425/2458 1956/3424/2530
f 1956/3424/2530 1957/3426/2531 1886/3427/2460
f 1957/3426/2531 1956/3424/2530 1924/3382/2498
f 1924/3382/2498 1926/3384/2500 1957/3426/2531
f 1888/3429/2462 1886/3427/2460 1957/3426/2531
f 1957/3426/2531 1958/3428/2532 1888/3429/2462
f 1958/3428/2532 1957/3426/2531 1926/3384/2500
f 1926/3384/2500 1928/3386/2502 1958/3428/2532
f 1890/3431/2464 1888/3429/2462 1958/3428/2532
f 1958/3428/2532 1959/3430/2533 1890/3431/2464
f 1959/3430/2533 1958/3428/2532 1928/3386/2502
f 1928/3386/2502 1930/3388/2504 1959/3430/2533
f 1892/3433/2466 1890/3431/2464 1959/3430/2533
f 1959/3430/2533 1960/3432/2534 1892/3433/2466
f 1960/3432/2534 1959/3430/2533 1930/3388/2504
f 1930/3388/2504 1932/3390/2506 1960/3432/2534
f 1894/3435/2468 1892/3433/2466 1960/3432/2534
f 1960/3432/2534 1961/3434/2535 1894/3435/2468
f 1961/3434/2535 1960/3432/2534 1932/3390/2506
f 1932/3390/2506 1934/3392/2508 1961/3434/2535
f 1896/3437/2470 1894/3435/2468 1961/3434/2535
f 1961/3434/2535 1962/3436/2536 1896/3437/2470
f 1962/3436/2536 1961/3434/2535 1934/3392/2508
f 1934/3392/2508 1936/3394/2510 1962/3436/2536
f 1898/3439/2472 1896/3437/2470 1962/3436/2536
f 1962/3436/2536 1963/3438/2537 1898/3439/2472
f 1963/3438/2537 1962/3436/2536 1936/3394/2510
f 1936/3394/2510 1938/3396/2512 1963/3438/2537
f 1900/3441/2474 1898/3439/2472 1963/3438/2537
f 1963/3438/2537 1964/3440/2538 1900/3441/2474
f 1964/3440/2538 1963/3438/2537 1938/3396/2512
f 1938/3396/2512 1940/3398/2514 1964/3440/2538
f 1902/3443/2476 1900/3441/2474 1964/3440/2538
f 1964/3440/2538 1965/3442/2539 1902/3443/2476
f 1965/3442/2539 1964/3440/2538 1940/3398/2514
f 1940/3398/2514 1942/3400/2516 1965/3442/2539
f 1904/3445/2478 1902/3443/2476 1965/3442/2539
f 1965/3442/2539 1966/3444/2540 1904/3445/2478
f 1966/3444/2540 1965/3442/2539 1942/3400/2516
f 1942/3400/2516 1944/3402/2518 1966/3444/2540
f 1906/3447/2480 1904/3445/2478 1966/3444/2540
f 1966/3444/2540 1967/3446/2541 1906/3447/2480
f 1967/3446/2541 1966/3444/2540 1944/3402/2518
f 1944/3402/2518 1946/3404/2520 1967/3446/2541
f 1946/3404/2520 1909/3365/2483 1948/3407/2522
f 1948/3407/2522 1967/3446/2541 1946/3404/2520
f 1967/3446/2541 1948/3407/2522 1868/3406/2442
f 1868/3406/2442 1906/3447/2480 1967/3446/2541
f 1907/3451/2481 1871/3448/2445 1968/3449/2542
f 1968/3449/2542 1969/3450/2543 1907/3451/2481
f 1969/3450/2543 1968/3449/2542 1970/3452/2544
f 1970/3452/2544 1971/3453/2545 1969/3450/2543
f 1973/3455/2547 1970/3452/2544 1968/3449/2542
f 1968/3449/2542 1972/3454/2546 1973/3455/2547
f 1972/3454/2546 1968/3449/2542 1871/3448/2445
f 1871/3448/2445 1870/3456/2444 1972/3454/2546
f 1975/3458/2549 1973/3455/2547 1972/3454/2546
f 1972/3454/2546 1974/3457/2548 1975/3458/2549
f 1974/3457/2548 1972/3454/2546 1870/3456/2444
f 1870/3456/2444 1873/3459/2447 1974/3457/2548
f 1977/3461/2551 1975/3458/2549 1974/3457/2548
f 1974/3457/2548 1976/3460/2550 1977/3461/2551
f 1976/3460/2550 1974/3457/2548 1873/3459/2447
f 1873/3459/2447 1875/3462/2449 1976/3460/2550
f 1979/3464/2553 1977/3461/2551 1976/3460/2550
f 1976/3460/2550 1978/3463/2552 1979/3464/2553
f 1978/3463/2552 1976/3460/2550 1875/3462/2449
f 1875/3462/2449 1877/3465/2451 1978/3463/2552
f 1981/3469/2555 1979/3466/2553 1978/3467/2552
f 1978/3467/2552 1980/3468/2554 1981/3469/2555
f 1980/3468/2554 1978/3467/2552 1877/3470/2451
f 1877/3470/2451 1879/3471/2453 1980/3468/2554
f 1983/3473/2557 1981/3469/2555 1980/3468/2554
f 1980/3468/2554 1982/3472/2556 1983/3473/2557
f 1982/3472/2556 1980/3468/2554 1879/3471/2453
f 1879/3471/2453 1881/3474/2455 1982/3472/2556
f 1985/3476/2559 1983/3473/2557 1982/3472/2556
f 1982/3472/2556 1984/3475/2558 1985/3476/2559
f 1984/3475/2558 1982/3472/2556 1881/3474/2455
f 1881/3474/2455 1883/3477/2457 1984/3475/2558
f 1987/3479/2561 1985/3476/2559 1984/3475/2558
f 1984/3475/2558 1986/3478/2560 1987/3479/2561
f 1986/3478/2560 1984/3475/2558 1883/3477/2457
f 1883/3477/2457 1885/3480/2459 1986/3478/2560
f 1989/3482/2563 1987/3479/2561 1986/3478/2560
f 1986/3478/2560 1988/3481/2562 1989/3482/2563
f 1988/3481/2562 1986/3478/2560 1885/3480/2459
f 1885/3480/2459 1887/3483/2461 1988/3481/2562
f 1991/3485/2565 1989/3482/2563 1988/3481/2562
f 1988/3481/2562 1990/3484/2564 1991/3485/2565
f 1990/3484/2564 1988/3481/2562 1887/3483/2461
f 1887/3483/2461 1889/3486/2463 1990/3484/2564
f 1993/3488/2567 1991/3485/2565 1990/3484/2564
f 1990/3484/2564 1992/3487/2566 1993/3488/2567
f 1992/3487/2566 1990/3484/2564 1889/3486/2463
f 1889/3486/2463 1891/3489/2465 1992/3487/2566
f 1995/3491/2569 1993/3488/2567 1992/3487/2566
f 1992/3487/2566 1994/3490/2568 1995/3491/2569
f 1994/3490/2568 1992/3487/2566 1891/3489/2465
f 1891/3489/2465 1893/3492/2467 1994/3490/2568
f 1997/3494/2571 1995/3491/2569 1994/3490/2568
f 1994/3490/2568 1996/3493/2570 1997/3494/2571
f 1996/3493/2570 1994/3490/2568 1893/3492/2467
f 1893/3492/2467 1895/3495/2469 1996/3493/2570
f 1999/3497/2573 1997/3494/2571 1996/3493/2570
f 1996/3493/2570 1998/3496/2572 1999/3497/2573
f 1998/3496/2572 1996/3493/2570 1895/3495/2469
f 1895/3495/2469 1897/3498/2471 1998/3496/2572
f 2001/3500/2575 1999/3497/2573 1998/3496/2572
f 1998/3496/2572 2000/3499/2574 2001/3500/2575
f 2000/3499/2574 1998/3496/2572 1897/3498/2471
f 1897/3498/2471 1899/3501/2473 2000/3499/2574
f 2003/3503/2577 2001/3500/2575 2000/3499/2574
f 2000/3499/2574 2002/3502/2576 2003/3503/2577
f 2002/3502/2576 2000/3499/2574 1899/3501/2473
f 1899/3501/2473 1901/3504/2475 2002/3502/2576
f 2005/3506/2579 2003/3503/2577 2002/3502/2576
f 2002/3502/2576 2004/3505/2578 2005/3506/2579
f 2004/3505/2578 2002/3502/2576 1901/3504/2475
f 1901/3504/2475 1903/3507/2477 2004/3505/2578
f 2007/3509/2581 2005/3506/2579 2004/3505/2578
f 2004/3505/2578 2006/3508/2580 2007/3509/2581
f 2006/3508/2580 2004/3505/2578 1903/3507/2477
f 1903/3507/2477 1905/3510/2479 2006/3508/2580
f 1971/3453/2545 2007/3509/2581 2006/3508/2580
f 2006/3508/2580 1969/3450/2543 1971/3453/2545
f 1969/3450/2543 2006/3508/2580 1905/3510/2479
f 1905/3510/2479 1907/3451/2481 1969/3450/2543
f 1828/3512/2583 1911/3367/2485 1910/3366/2484
f 1910/3366/2484 1829/3511/2582 1828/3512/2583
f 1832/3513/2584 1913/3369/2487 1911/3367/2485
f 1911/3367/2485 1828/3512/2583 1832/3513/2584
f 1834/3514/2585 1915/3371/2489 1913/3369/2487
f 1913/3369/2487 1832/3513/2584 1834/3514/2585
f 1836/3515/2586 1917/3373/2491 1915/3371/2489
f 1915/3371/2489 1834/3514/2585 1836/3515/2586
f 1838/3517/2587 1919/3377/2493 1917/3376/2491
f 1917/3376/2491 1836/3516/2586 1838/3517/2587
f 1840/3518/2588 1921/3379/2495 1919/3377/2493
f 1919/3377/2493 1838/3517/2587 1840/3518/2588
f 1842/3519/2589 1923/3381/2497 1921/3379/2495
f 1921/3379/2495 1840/3518/2588 1842/3519/2589
f 1844/3520/2590 1925/3383/2499 1923/3381/2497
f 1923/3381/2497 1842/3519/2589 1844/3520/2590
f 1846/3521/2591 1927/3385/2501 1925/3383/2499
f 1925/3383/2499 1844/3520/2590 1846/3521/2591
f 1848/3522/2592 1929/3387/2503 1927/3385/2501
f 1927/3385/2501 1846/3521/2591 1848/3522/2592
f 1850/3523/2593 1931/3389/2505 1929/3387/2503
f 1929/3387/2503 1848/3522/2592 1850/3523/2593
f 1852/3524/2594 1933/3391/2507 1931/3389/2505
f 1931/3389/2505 1850/3523/2593 1852/3524/2594
f 1854/3525/2595 1935/3393/2509 1933/3391/2507
f 1933/3391/2507 1852/3524/2594 1854/3525/2595
f 1856/3526/2596 1937/3395/2511 1935/3393/2509
f 1935/3393/2509 1854/3525/2595 1856/3526/2596
f 1858/3527/2597 1939/3397/2513 1937/3395/2511
f 1937/3395/2511 1856/3526/2596 1858/3527/2597
f 1860/3528/2598 1941/3399/2515 1939/3397/2513
f 1939/3397/2513 1858/3527/2597 1860/3528/2598
f 1862/3529/2599 1943/3401/2517 1941/3399/2515
f 1941/3399/2515 1860/3528/2598 1862/3529/2599
f 1864/3530/2600 1945/3403/2519 1943/3401/2517
f 1943/3401/2517 1862/3529/2599 1864/3530/2600
f 1866/3531/2601 1947/3405/2521 1945/3403/2519
f 1945/3403/2519 1864/3530/2600 1866/3531/2601
f 1829/3511/2582 1910/3366/2484 1947/3405/2521
f 1947/3405/2521 1866/3531/2601 1829/3511/2582
f 2008/3532/2602 2009/3533/2603 2010/3534/2604
f 2009/3533/2603 2011/3535/2605 2010/3534/2604
f 2011/3535/2605 2012/3536/2606 2010/3534/2604
f 2012/3536/2606 2013/3537/2607 2010/3534/2604
f 2013/3537/2607 2014/3538/2608 2010/3534/2604
f 2014/3538/2608 2015/3539/2609 2010/3534/2604
f 2015/3539/2609 2016/3540/2610 2010/3534/2604
f 2016/3540/2610 2017/3541/2611 2010/3534/2604
f 2017/3541/2611 2018/3542/2612 2010/3534/2604
f 2018/3542/2612 2019/3543/2613 2010/3534/2604
f 2019/3543/2613 2020/3544/2614 2010/3534/2604
f 2020/3544/2614 2021/3545/2615 2010/3534/2604
f 2021/3545/2615 2022/3546/2616 2010/3534/2604
f 2022/3546/2616 2023/3547/2617 2010/3534/2604
f 2023/3547/2617 2024/3548/2618 2010/3534/2604
f 2024/3548/2618 2025/3549/2619 2010/3534/2604
f 2025/3549/2619 2026/3550/2620 2010/3534/2604
f 2026/3550/2620 2027/3551/2621 2010/3534/2604
f 2027/3551/2621 2028/3552/2622 2010/3534/2604
f 2028/3552/2622 2008/3532/2602 2010/3534/2604
f 2030/3554/2624 1970/3452/2544 1973/3455/2547
f 1973/3455/2547 2029/3553/2623 2030/3554/2624
f 2029/3553/2623 1973/3455/2547 1975/3458/2549
f 1975/3458/2549 2031/3555/2625 2029/3553/2623
f 2031/3555/2625 1975/3458/2549 1977/3461/2551
f 1977/3461/2551 2032/3556/2626 2031/3555/2625
f 2032/3556/2626 1977/3461/2551 1979/3464/2553
f 1979/3464/2553 2033/3557/2627 2032/3556/2626
f 2033/3559/2627 1979/3466/2553 1981/3469/2555
f 1981/3469/2555 2034/3558/2628 2033/3559/2627
f 2034/3558/2628 1981/3469/2555 1983/3473/2557
f 1983/3473/2557 2035/3560/2629 2034/3558/2628
f 2035/3560/2629 1983/3473/2557 1985/3476/2559
f 1985/3476/2559 2036/3561/2630 2035/3560/2629
f 2036/3561/2630 1985/3476/2559 1987/3479/2561
f 1987/3479/2561 2037/3562/2631 2036/3561/2630
f 2037/3562/2631 1987/3479/2561 1989/3482/2563
f 1989/3482/2563 2038/3563/2632 2037/3562/2631
f 2038/3563/2632 1989/3482/2563 1991/3485/2565
f 1991/3485/2565 2039/3564/2633 2038/3563/2632
f 2039/3564/2633 1991/3485/2565 1993/3488/2567
f 1993/3488/2567 2040/3565/2634 2039/3564/2633
f 2040/3565/2634 1993/3488/2567 1995/3491/2569
f 1995/3491/2569 2041/3566/2635 2040/3565/2634
f 2041/3566/2635 1995/3491/2569 1997/3494/2571
f 1997/3494/2571 2042/3567/2636 2041/3566/2635
f 2042/3567/2636 1997/3494/2571 1999/3497/2573
f 1999/3497/2573 2043/3568/2637 2042/3567/2636
f 2043/3568/2637 1999/3497/2573 2001/3500/2575
f 2001/3500/2575 2044/3569/2638 2043/3568/2637
f 2044/3569/2638 2001/3500/2575 2003/3503/2577
f 2003/3503/2577 2045/3570/2639 2044/3569/2638
f 2045/3570/2639 2003/3503/2577 2005/3506/2579
f 2005/3506/2579 2046/3571/2640 2045/3570/2639
f 2046/3571/2640 2005/3506/2579 2007/3509/2581
f 2007/3509/2581 2047/3572/2641 2046/3571/2640
f 2047/3572/2641 2007/3509/2581 1971/3453/2545
f 1971/3453/2545 2048/3573/2642 2047/3572/2641
f 2048/3573/2642 1971/3453/2545 1970/3452/2544
f 1970/3452/2544 2030/3554/2624 2048/3573/2642
f 2009/3577/2603 2008/3574/2602 2049/3575/2643
f 2049/3575/2643 2050/3576/2644 2009/3577/2603
f 2050/3576/2644 2049/3575/2643 2030/3554/2624
f 2030/3554/2624 2029/3553/2623 2050/3576/2644
f 2011/3579/2605 2009/3577/2603 2050/3576/2644
f 2050/3576/2644 2051/3578/2645 2011/3579/2605
f 2051/3578/2645 2050/3576/2644 2029/3553/2623
f 2029/3553/2623 2031/3555/2625 2051/3578/2645
f 2012/3581/2606 2011/3579/2605 2051/3578/2645
f 2051/3578/2645 2052/3580/2646 2012/3581/2606
f 2052/3580/2646 2051/3578/2645 2031/3555/2625
f 2031/3555/2625 2032/3556/2626 2052/3580/2646
f 2013/3583/2607 2012/3581/2606 2052/3580/2646
f 2052/3580/2646 2053/3582/2647 2013/3583/2607
f 2053/3582/2647 2052/3580/2646 2032/3556/2626
f 2032/3556/2626 2033/3557/2627 2053/3582/2647
f 2014/3587/2608 2013/3584/2607 2053/3585/2647
f 2053/3585/2647 2054/3586/2648 2014/3587/2608
f 2054/3586/2648 2053/3585/2647 2033/3559/2627
f 2033/3559/2627 2034/3558/2628 2054/3586/2648
f 2015/3589/2609 2014/3587/2608 2054/3586/2648
f 2054/3586/2648 2055/3588/2649 2015/3589/2609
f 2055/3588/2649 2054/3586/2648 2034/3558/2628
f 2034/3558/2628 2035/3560/2629 2055/3588/2649
f 2016/3591/2610 2015/3589/2609 2055/3588/2649
f 2055/3588/2649 2056/3590/2650 2016/3591/2610
f 2056/3590/2650 2055/3588/2649 2035/3560/2629
f 2035/3560/2629 2036/3561/2630 2056/3590/2650
f 2017/3593/2611 2016/3591/2610 2056/3590/2650
f 2056/3590/2650 2057/3592/2651 2017/3593/2611
f 2057/3592/2651 2056/3590/2650 2036/3561/2630
f 2036/3561/2630 2037/3562/2631 2057/3592/2651
f 2018/3595/2612 2017/3593/2611 2057/3592/2651
f 2057/3592/2651 2058/3594/2652 2018/3595/2612
f 2058/3594/2652 2057/3592/2651 2037/3562/2631
f 2037/3562/2631 2038/3563/2632 2058/3594/2652
f 2019/3597/2613 2018/3595/2612 2058/3594/2652
f 2058/3594/2652 2059/3596/2653 2019/3597/2613
f 2059/3596/2653 2058/3594/2652 2038/3563/2632
f 2038/3563/2632 2039/3564/2633 2059/3596/2653
f 2020/3599/2614 2019/3597/2613 2059/3596/2653
f 2059/3596/2653 2060/3598/2654 2020/3599/2614
f 2060/3598/2654 2059/3596/2653 2039/3564/2633
f 2039/3564/2633 2040/3565/2634 2060/3598/2654
f 2021/3601/2615 2020/3599/2614 2060/3598/2654
f 2060/3598/2654 2061/3600/2655 2021/3601/2615
f 2061/3600/2655 2060/3598/2654 2040/3565/2634
f 2040/3565/2634 2041/3566/2635 2061/3600/2655
f 2022/3603/2616 2021/3601/2615 2061/3600/2655
f 2061/3600/2655 2062/3602/2656 2022/3603/2616
f 2062/3602/2656 2061/3600/2655 2041/3566/2635
f 2041/3566/2635 2042/3567/2636 2062/3602/2656
f 2023/3605/2617 2022/3603/2616 2062/3602/2656
f 2062/3602/2656 2063/3604/2657 2023/3605/2617
f 2063/3604/2657 2062/3602/2656 2042/3567/2636
f 2042/3567/2636 2043/3568/2637 2063/3604/2657
f 2024/3607/2618 2023/3605/2617 2063/3604/2657
f 2063/3604/2657 2064/3606/2658 2024/3607/2618
f 2064/3606/2658 2063/3604/2657 2043/3568/2637
f 2043/3568/2637 2044/3569/2638 2064/3606/2658
f 2025/3609/2619 2024/3607/2618 2064/3606/2658
f 2064/3606/2658 2065/3608/2659 2025/3609/2619
f 2065/3608/2659 2064/3606/2658 2044/3569/2638
f 2044/3569/2638 2045/3570/2639 2065/3608/2659
f 2026/3611/2620 2025/3609/2619 2065/3608/2659
f 2065/3608/2659 2066/3610/2660 2026/3611/2620
f 2066/3610/2660 2065/3608/2659 2045/3570/2639
f 2045/3570/2639 2046/3571/2640 2066/3610/2660
f 2027/3613/2621 2026/3611/2620 2066/3610/2660
f 2066/3610/2660 2067/3612/2661 2027/3613/2621
f 2067/3612/2661 2066/3610/2660 2046/3571/2640
f 2046/3571/2640 2047/3572/2641 2067/3612/2661
f 2028/3615/2622 2027/3613/2621 2067/3612/2661
f 2067/3612/2661 2068/3614/2662 2028/3615/2622
f 2068/3614/2662 2067/3612/2661 2047/3572/2641
f 2047/3572/2641 2048/3573/2642 2068/3614/2662
f 2048/3573/2642 2030/3554/2624 2049/3575/2643
f 2049/3575/2643 2068/3614/2662 2048/3573/2642
f 2068/3614/2662 2049/3575/2643 2008/3574/2602
f 2008/3574/2602 2028/3615/2622 2068/3614/2662

# Mesh
g polySurface9
usemtl lambert6
f 2072/3619/2666 2069/3616/2663 2070/3617/2664
f 2070/3617/2664 2071/3618/2665 2072/3619/2666
f 2074/3623/2670 2073/3620/2667 2069/3621/2668
f 2069/3621/2668 2072/3622/2669 2074/3623/2670
f 2069/3616/2663 2075/3624/2671 2076/3625/2672
f 2076/3625/2672 2070/3617/2664 2069/3616/2663
f 2071/3618/2665 2070/3617/2664 2077/3626/2673
f 2077/3626/2673 2078/3627/2674 2071/3618/2665
f 2080/3631/2676 2079/3628/2675 2073/3629/2667
f 2073/3629/2667 2074/3630/2670 2080/3631/2676
f 2073/3620/2667 2081/3632/2677 2075/3633/2678
f 2075/3633/2678 2069/3621/2668 2073/3620/2667
f 2083/3635/2680 2074/3623/2670 2072/3622/2669
f 2072/3622/2669 2082/3634/2679 2083/3635/2680
f 2075/3624/2671 2084/3636/2671 2085/3637/2681
f 2085/3637/2681 2076/3625/2672 2075/3624/2671
f 2070/3617/2664 2076/3625/2672 2086/3638/2682
f 2086/3638/2682 2077/3626/2673 2070/3617/2664
f 2078/3627/2674 2077/3626/2673 2087/3639/2683
f 2087/3639/2683 2088/3640/2684 2078/3627/2674
f 2090/3642/2686 2071/3618/2665 2078/3627/2674
f 2078/3627/2674 2089/3641/2685 2090/3642/2686
f 2092/3646/2688 2079/3643/2675 2080/3644/2676
f 2080/3644/2676 2091/3645/2687 2092/3646/2688
f 2079/3628/2675 2093/3647/2689 2081/3648/2677
f 2081/3648/2677 2073/3629/2667 2079/3628/2675
f 2081/3632/2677 2094/3649/2690 2084/3650/2678
f 2084/3650/2678 2075/3633/2678 2081/3632/2677
f 2084/3636/2671 2095/3651/2691 2096/3652/2692
f 2096/3652/2692 2085/3637/2681 2084/3636/2671
f 2077/3626/2673 2086/3638/2682 2097/3653/2693
f 2097/3653/2693 2087/3639/2683 2077/3626/2673
f 2088/3640/2684 2087/3639/2683 2098/3654/2694
f 2098/3654/2694 2099/3655/2695 2088/3640/2684
f 2089/3641/2685 2078/3627/2674 2088/3640/2684
f 2088/3640/2684 2100/3656/2696 2089/3641/2685
f 2102/3658/2700 2090/3642/2697 2089/3641/2698
f 2089/3641/2698 2101/3657/2699 2102/3658/2700
f 2102/3658/2700 2103/3659/2701 2082/3660/2679
f 2082/3660/2679 2090/3642/2697 2102/3658/2700
f 2104/3662/2702 2093/3661/2689 2079/3643/2675
f 2079/3643/2675 2092/3646/2688 2104/3662/2702
f 2091/3645/2687 2080/3644/2676 2105/3663/2703
f 2105/3663/2703 2106/3664/2704 2091/3645/2687
f 2092/3646/2688 2091/3645/2687 2107/3665/2705
f 2107/3665/2705 2108/3666/34 2092/3646/2688
f 2093/3647/2689 2109/3667/2706 2094/3668/2690
f 2094/3668/2690 2081/3648/2677 2093/3647/2689
f 2094/3649/2690 2110/3669/2707 2095/3670/2708
f 2095/3670/2708 2084/3650/2678 2094/3649/2690
f 2111/3674/2709 2105/3671/2703 2083/3672/2680
f 2083/3672/2680 2103/3673/2701 2111/3674/2709
f 2086/3638/2682 2112/3675/2710 2113/3676/2711
f 2113/3676/2711 2097/3653/2693 2086/3638/2682
f 2085/3637/2681 2096/3652/2692 2114/3677/2712
f 2114/3677/2712 2115/3678/2713 2085/3637/2681
f 2118/3681/2716 2116/3679/2714 2117/3680/2715
f 2117/3680/2715 2112/3675/2710 2118/3681/2716
f 2095/3651/2691 2119/3682/2717 2120/3683/2718
f 2120/3683/2718 2096/3652/2692 2095/3651/2691
f 2087/3639/2683 2097/3653/2693 2121/3684/2719
f 2121/3684/2719 2098/3654/2694 2087/3639/2683
f 2099/3688/2723 2098/3685/2720 2122/3686/2721
f 2122/3686/2721 2123/3687/2722 2099/3688/2723
f 2101/3657/2699 2089/3641/2698 2100/3656/2724
f 2100/3656/2724 2124/3689/2725 2101/3657/2699
f 2126/3693/2727 2125/3690/2726 2102/3691/2700
f 2102/3691/2700 2101/3692/2699 2126/3693/2727
f 2127/3695/2728 2109/3694/2706 2093/3661/2689
f 2093/3661/2689 2104/3662/2702 2127/3695/2728
f 2104/3662/2702 2092/3646/2688 2108/3666/34
f 2108/3666/34 2128/3696/2729 2104/3662/2702
f 2129/3698/2730 2106/3664/2704 2105/3663/2703
f 2105/3663/2703 2111/3697/2709 2129/3698/2730
f 2107/3665/2705 2091/3645/2687 2106/3664/2704
f 2106/3664/2704 2130/3699/2731 2107/3665/2705
f 2108/3666/34 2107/3665/2705 2131/3700/2732
f 2131/3700/2732 2132/3701/2733 2108/3666/34
f 2109/3667/2706 2133/3702/2734 2110/3703/2707
f 2110/3703/2707 2094/3668/2690 2109/3667/2706
f 2110/3669/2707 2134/3704/2735 2119/3705/2736
f 2119/3705/2736 2095/3670/2708 2110/3669/2707
f 2097/3653/2693 2113/3676/2711 2135/3706/2737
f 2135/3706/2737 2121/3684/2719 2097/3653/2693
f 2113/3676/2711 2112/3675/2710 2117/3680/2715
f 2117/3680/2715 2136/3707/2738 2113/3676/2711
f 2119/3682/2717 2137/3708/2739 2138/3709/2740
f 2138/3709/2740 2120/3683/2718 2119/3682/2717
f 2098/3685/2720 2121/3710/2741 2139/3711/2742
f 2139/3711/2742 2122/3686/2721 2098/3685/2720
f 2123/3715/2746 2122/3712/2743 2140/3713/2744
f 2140/3713/2744 2141/3714/2745 2123/3715/2746
f 2143/3717/2748 2142/3716/2747 2099/3688/2723
f 2099/3688/2723 2123/3687/2722 2143/3717/2748
f 2144/3719/2749 2124/3689/2725 2100/3656/2724
f 2100/3656/2724 2142/3718/2747 2144/3719/2749
f 2126/3693/2727 2101/3692/2699 2124/3720/2725
f 2124/3720/2725 2145/3721/2750 2126/3693/2727
f 2147/3725/2752 2146/3722/2751 2125/3723/2726
f 2125/3723/2726 2126/3724/2727 2147/3725/2752
f 2127/3695/2728 2104/3662/2702 2128/3696/2729
f 2128/3696/2729 2148/3726/2753 2127/3695/2728
f 2149/3728/2754 2133/3727/2734 2109/3694/2706
f 2109/3694/2706 2127/3695/2728 2149/3728/2754
f 2128/3696/2729 2108/3666/34 2132/3701/2733
f 2132/3701/2733 2150/3729/2755 2128/3696/2729
f 2146/3722/2751 2129/3730/2730 2111/3731/2709
f 2111/3731/2709 2125/3723/2726 2146/3722/2751
f 2151/3732/2756 2130/3699/2731 2106/3664/2704
f 2106/3664/2704 2129/3698/2730 2151/3732/2756
f 2131/3700/2732 2107/3665/2705 2130/3699/2731
f 2130/3699/2731 2152/3733/2757 2131/3700/2732
f 2132/3701/2733 2131/3700/2732 2153/3734/2758
f 2153/3734/2758 2154/3735/2759 2132/3701/2733
f 2133/3702/2734 2155/3736/2760 2134/3737/2735
f 2134/3737/2735 2110/3703/2707 2133/3702/2734
f 2134/3704/2735 2156/3738/2761 2137/3739/2762
f 2137/3739/2762 2119/3705/2736 2134/3704/2735
f 2121/3710/2741 2135/3740/2763 2157/3741/2764
f 2157/3741/2764 2139/3711/2742 2121/3710/2741
f 2113/3676/2711 2136/3707/2738 2158/3742/2765
f 2158/3742/2765 2135/3706/2737 2113/3676/2711
f 2117/3680/2715 2159/3743/2766 2160/3744/2767
f 2160/3744/2767 2136/3707/2738 2117/3680/2715
f 2137/3708/2739 2161/3745/2768 2162/3746/2769
f 2162/3746/2769 2138/3709/2740 2137/3708/2739
f 2122/3712/2743 2139/3747/2770 2163/3748/2771
f 2163/3748/2771 2140/3713/2744 2122/3712/2743
f 2140/3752/2744 2164/3749/2772 2165/3750/2773
f 2165/3750/2773 2141/3751/2745 2140/3752/2744
f 2167/3754/2775 2166/3753/2774 2146/3722/2751
f 2146/3722/2751 2147/3725/2752 2167/3754/2775
f 2148/3726/2753 2128/3696/2729 2150/3729/2755
f 2150/3729/2755 2168/3755/34 2148/3726/2753
f 2170/3759/2776 2127/3756/2776 2148/3757/2776
f 2148/3757/2776 2169/3758/2776 2170/3759/2776
f 2149/3763/2777 2127/3760/2777 2170/3761/2777
f 2170/3761/2777 2171/3762/2777 2149/3763/2777
f 2172/3765/2778 2155/3764/2760 2133/3727/2734
f 2133/3727/2734 2149/3728/2754 2172/3765/2778
f 2150/3729/2755 2132/3701/2733 2154/3735/2759
f 2154/3735/2759 2173/3766/2779 2150/3729/2755
f 2166/3753/2774 2151/3767/2756 2129/3730/2730
f 2129/3730/2730 2146/3722/2751 2166/3753/2774
f 2174/3768/2780 2152/3733/2757 2130/3699/2731
f 2130/3699/2731 2151/3732/2756 2174/3768/2780
f 2153/3734/2758 2131/3700/2732 2152/3733/2757
f 2152/3733/2757 2175/3769/2781 2153/3734/2758
f 2177/3771/2783 2154/3735/2759 2153/3734/2758
f 2153/3734/2758 2176/3770/2782 2177/3771/2783
f 2134/3737/2735 2155/3736/2760 2178/3772/2784
f 2178/3772/2784 2156/3773/2761 2134/3737/2735
f 2156/3738/2761 2179/3774/2785 2161/3775/2786
f 2161/3775/2786 2137/3739/2762 2156/3738/2761
f 2139/3747/2770 2157/3776/2787 2180/3777/2788
f 2180/3777/2788 2163/3748/2771 2139/3747/2770
f 2135/3740/2763 2158/3778/2789 2181/3779/2790
f 2181/3779/2790 2157/3741/2764 2135/3740/2763
f 2136/3707/2738 2160/3744/2767 2182/3780/2791
f 2182/3780/2791 2158/3742/2765 2136/3707/2738
f 2159/3743/2766 2183/3781/2792 2184/3782/2793
f 2184/3782/2793 2160/3744/2767 2159/3743/2766
f 2138/3709/2740 2162/3746/2769 2185/3783/2794
f 2185/3783/2794 2183/3781/2792 2138/3709/2740
f 2161/3745/2768 2186/3784/2795 2187/3785/2796
f 2187/3785/2796 2162/3746/2769 2161/3745/2768
f 2163/3787/2771 2188/3786/2797 2164/3749/2772
f 2164/3749/2772 2140/3752/2744 2163/3787/2771
f 2164/3749/2772 2189/3788/2798 2190/3789/2799
f 2190/3789/2799 2165/3750/2773 2164/3749/2772
f 2165/3750/2773 2191/3790/2800 2192/3791/2801
f 2192/3791/2801 2141/3751/2745 2165/3750/2773
f 2193/3795/2803 2144/3792/2749 2143/3793/2748
f 2143/3793/2748 2192/3794/2802 2193/3795/2803
f 2195/3799/2805 2194/3796/2804 2145/3797/2750
f 2145/3797/2750 2193/3798/2803 2195/3799/2805
f 2197/3801/2807 2196/3800/2806 2194/3796/2804
f 2194/3796/2804 2195/3799/2805 2197/3801/2807
f 2199/3803/2809 2198/3802/2808 2196/3800/2806
f 2196/3800/2806 2197/3801/2807 2199/3803/2809
f 2201/3805/2811 2200/3804/2810 2198/3802/2808
f 2198/3802/2808 2199/3803/2809 2201/3805/2811
f 2203/3807/2813 2202/3806/2812 2200/3804/2810
f 2200/3804/2810 2201/3805/2811 2203/3807/2813
f 2205/3809/2815 2204/3808/2814 2202/3806/2812
f 2202/3806/2812 2203/3807/2813 2205/3809/2815
f 2209/3813/2819 2206/3810/2816 2207/3811/2817
f 2207/3811/2817 2208/3812/2818 2209/3813/2819
f 2207/3817/2817 2210/3814/2820 2211/3815/2821
f 2211/3815/2821 2212/3816/2822 2207/3817/2817
f 2212/3816/2822 2211/3815/2821 2213/3818/2823
f 2213/3818/2823 2214/3819/2824 2212/3816/2822
f 2214/3819/2824 2213/3818/2823 2215/3820/2825
f 2215/3820/2825 2216/3821/2826 2214/3819/2824
f 2216/3821/2826 2215/3820/2825 2217/3822/2827
f 2217/3822/2827 2218/3823/2828 2216/3821/2826
f 2218/3823/2828 2217/3822/2827 2219/3824/2829
f 2219/3824/2829 2220/3825/2830 2218/3823/2828
f 2220/3825/2830 2219/3824/2829 2166/3753/2774
f 2166/3753/2774 2167/3754/2775 2220/3825/2830
f 2168/3755/34 2150/3729/2755 2173/3766/2779
f 2173/3766/2779 2221/3826/2831 2168/3755/34
f 2169/3758/2776 2148/3757/2776 2168/3827/2832
f 2168/3827/2832 2222/3828/2832 2169/3758/2776
f 2171/3832/2836 2170/3829/2833 2169/3830/2834
f 2169/3830/2834 2223/3831/2835 2171/3832/2836
f 2172/3834/2838 2149/3763/2777 2171/3762/2777
f 2171/3762/2777 2224/3833/2837 2172/3834/2838
f 2178/3836/2784 2155/3764/2760 2172/3765/2778
f 2172/3765/2778 2225/3835/2839 2178/3836/2784
f 2173/3766/2779 2154/3735/2759 2177/3771/2783
f 2177/3771/2783 2226/3837/2840 2173/3766/2779
f 2219/3824/2829 2174/3838/2780 2151/3767/2756
f 2151/3767/2756 2166/3753/2774 2219/3824/2829
f 2227/3839/2841 2175/3769/2781 2152/3733/2757
f 2152/3733/2757 2174/3768/2780 2227/3839/2841
f 2228/3840/2842 2176/3770/2782 2153/3734/2758
f 2153/3734/2758 2175/3769/2781 2228/3840/2842
f 2177/3771/2783 2176/3770/2782 2229/3841/2843
f 2229/3841/2843 2230/3842/2844 2177/3771/2783
f 2178/3772/2784 2231/3843/2845 2179/3844/2785
f 2179/3844/2785 2156/3773/2761 2178/3772/2784
f 2179/3774/2785 2232/3845/2846 2186/3846/2847
f 2186/3846/2847 2161/3775/2786 2179/3774/2785
f 2157/3776/2787 2181/3847/2848 2233/3848/2849
f 2233/3848/2849 2180/3777/2788 2157/3776/2787
f 2158/3778/2789 2182/3849/2850 2234/3850/2851
f 2234/3850/2851 2181/3779/2790 2158/3778/2789
f 2160/3744/2767 2184/3782/2793 2235/3851/2852
f 2235/3851/2852 2182/3780/2791 2160/3744/2767
f 2183/3781/2792 2185/3783/2794 2236/3852/2853
f 2236/3852/2853 2184/3782/2793 2183/3781/2792
f 2162/3746/2769 2187/3785/2796 2237/3853/2854
f 2237/3853/2854 2185/3783/2794 2162/3746/2769
f 2188/3857/2855 2238/3854/2855 2239/3855/2855
f 2239/3855/2855 2164/3856/2855 2188/3857/2855
f 2239/3861/2857 2240/3858/2856 2189/3859/2857
f 2189/3859/2857 2164/3860/2856 2239/3861/2857
f 2242/3863/2859 2241/3862/2858 2190/3789/2799
f 2190/3789/2799 2189/3788/2798 2242/3863/2859
f 2190/3789/2799 2243/3864/2860 2191/3790/2800
f 2191/3790/2800 2165/3750/2773 2190/3789/2799
f 2191/3790/2861 2195/3865/2805 2193/3866/2803
f 2193/3866/2803 2192/3791/2802 2191/3790/2861
f 2243/3864/2862 2197/3867/2807 2195/3865/2805
f 2195/3865/2805 2191/3790/2861 2243/3864/2862
f 2244/3869/2863 2199/3868/2809 2197/3867/2807
f 2197/3867/2807 2243/3864/2862 2244/3869/2863
f 2245/3871/2864 2201/3870/2811 2199/3868/2809
f 2199/3868/2809 2244/3869/2863 2245/3871/2864
f 2246/3873/2865 2203/3872/2813 2201/3870/2811
f 2201/3870/2811 2245/3871/2864 2246/3873/2865
f 2247/3875/2866 2205/3874/2815 2203/3872/2813
f 2203/3872/2813 2246/3873/2865 2247/3875/2866
f 2249/3877/2868 2248/3876/2867 2206/3810/2816
f 2206/3810/2816 2209/3813/2819 2249/3877/2868
f 2210/3814/2820 2250/3878/2869 2251/3879/2870
f 2251/3879/2870 2211/3815/2821 2210/3814/2820
f 2211/3815/2821 2251/3879/2870 2252/3880/2871
f 2252/3880/2871 2213/3818/2823 2211/3815/2821
f 2213/3818/2823 2252/3880/2871 2253/3881/2872
f 2253/3881/2872 2215/3820/2825 2213/3818/2823
f 2215/3820/2825 2253/3881/2872 2227/3882/2841
f 2227/3882/2841 2217/3822/2827 2215/3820/2825
f 2217/3822/2827 2227/3882/2841 2174/3838/2780
f 2174/3838/2780 2219/3824/2829 2217/3822/2827
f 2221/3826/2831 2173/3766/2779 2226/3837/2840
f 2226/3837/2840 2254/3883/2873 2221/3826/2831
f 2222/3828/2832 2168/3827/2832 2221/3884/2874
f 2221/3884/2874 2255/3885/2874 2222/3828/2832
f 2223/3831/2835 2169/3830/2834 2222/3886/34
f 2222/3886/34 2256/3887/34 2223/3831/2835
f 2257/3889/2876 2224/3888/2875 2171/3832/2836
f 2171/3832/2836 2223/3831/2835 2257/3889/2876
f 2225/3891/2878 2172/3834/2838 2224/3833/2837
f 2224/3833/2837 2258/3890/2877 2225/3891/2878
f 2259/3893/2879 2231/3892/2845 2178/3836/2784
f 2178/3836/2784 2225/3835/2839 2259/3893/2879
f 2226/3837/2840 2177/3771/2783 2230/3842/2844
f 2230/3842/2844 2260/3894/2880 2226/3837/2840
f 2253/3895/2872 2228/3840/2842 2175/3769/2781
f 2175/3769/2781 2227/3839/2841 2253/3895/2872
f 2229/3841/2843 2176/3770/2782 2228/3840/2842
f 2228/3840/2842 2261/3896/2881 2229/3841/2843
f 2230/3842/2844 2229/3841/2843 2262/3897/2882
f 2262/3897/2882 2263/3898/2883 2230/3842/2844
f 2231/3843/2845 2264/3899/2884 2232/3900/2846
f 2232/3900/2846 2179/3844/2785 2231/3843/2845
f 2186/3846/2847 2232/3845/2846 2265/3901/2885
f 2265/3901/2885 2266/3902/2886 2186/3846/2847
f 2270/3906/2890 2267/3903/2887 2268/3904/2888
f 2268/3904/2888 2269/3905/2889 2270/3906/2890
f 2271/3908/2891 2238/3854/2855 2188/3857/2855
f 2188/3857/2855 2269/3907/2891 2271/3908/2891
f 2181/3847/2848 2234/3909/2892 2272/3910/2893
f 2272/3910/2893 2233/3848/2849 2181/3847/2848
f 2234/3909/2892 2273/3911/2894 2274/3912/2895
f 2274/3912/2895 2272/3910/2893 2234/3909/2892
f 2273/3911/2894 2275/3913/2896 2276/3914/2897
f 2276/3914/2897 2274/3912/2895 2273/3911/2894
f 2275/3913/2896 2277/3915/2898 2278/3916/2899
f 2278/3916/2899 2276/3914/2897 2275/3913/2896
f 2280/3919/2901 2279/3917/2900 2270/3906/2890
f 2270/3906/2890 2278/3918/2899 2280/3919/2901
f 2182/3849/2850 2235/3920/2902 2273/3921/2903
f 2273/3921/2903 2234/3850/2851 2182/3849/2850
f 2184/3782/2793 2236/3852/2853 2281/3922/2904
f 2281/3922/2904 2235/3851/2852 2184/3782/2793
f 2185/3783/2794 2237/3853/2854 2282/3923/2905
f 2282/3923/2905 2236/3852/2853 2185/3783/2794
f 2237/3853/2854 2187/3785/2796 2283/3924/2906
f 2283/3924/2906 2284/3925/2907 2237/3853/2854
f 2238/3929/2911 2285/3926/2908 2240/3927/2909
f 2240/3927/2909 2239/3928/2910 2238/3929/2911
f 2240/3858/2856 2286/3930/2912 2242/3931/2913
f 2242/3931/2913 2189/3859/2857 2240/3858/2856
f 2288/3933/2915 2287/3932/2914 2241/3862/2858
f 2241/3862/2858 2242/3863/2859 2288/3933/2915
f 2241/3862/2858 2244/3869/2916 2243/3864/2860
f 2243/3864/2860 2190/3789/2799 2241/3862/2858
f 2287/3932/2914 2245/3871/2864 2244/3869/2916
f 2244/3869/2916 2241/3862/2858 2287/3932/2914
f 2289/3934/2917 2246/3873/2865 2245/3871/2864
f 2245/3871/2864 2287/3932/2914 2289/3934/2917
f 2290/3935/2918 2247/3875/2866 2246/3873/2865
f 2246/3873/2865 2289/3934/2917 2290/3935/2918
f 2292/3939/2920 2291/3936/2919 2248/3937/2867
f 2248/3937/2867 2249/3938/2868 2292/3939/2920
f 2250/3943/2869 2293/3940/2921 2294/3941/2922
f 2294/3941/2922 2251/3942/2870 2250/3943/2869
f 2251/3942/2870 2294/3941/2922 2261/3896/2881
f 2261/3896/2881 2252/3944/2871 2251/3942/2870
f 2252/3944/2871 2261/3896/2881 2228/3840/2842
f 2228/3840/2842 2253/3895/2872 2252/3944/2871
f 2254/3883/2873 2226/3837/2840 2260/3894/2880
f 2260/3894/2880 2295/3945/2923 2254/3883/2873
f 2255/3885/2874 2221/3884/2874 2254/3946/2924
f 2254/3946/2924 2296/3947/2924 2255/3885/2874
f 2256/3887/34 2222/3886/34 2255/3948/2925
f 2255/3948/2925 2297/3949/2926 2256/3887/34
f 2299/3953/2927 2298/3950/2927 2223/3951/2927
f 2223/3951/2927 2256/3952/2927 2299/3953/2927
f 2223/3957/2928 2298/3954/2928 2300/3955/2929
f 2300/3955/2929 2257/3956/2929 2223/3957/2928
f 2258/3959/2931 2224/3888/2875 2257/3889/2876
f 2257/3889/2876 2301/3958/2930 2258/3959/2931
f 2259/3961/2932 2225/3891/2878 2258/3890/2877
f 2258/3890/2877 2302/3960/2932 2259/3961/2932
f 2303/3963/2933 2264/3962/2884 2231/3892/2845
f 2231/3892/2845 2259/3893/2879 2303/3963/2933
f 2260/3894/2880 2230/3842/2844 2263/3898/2883
f 2263/3898/2883 2304/3964/2934 2260/3894/2880
f 2262/3897/2882 2229/3841/2843 2261/3896/2881
f 2261/3896/2881 2294/3941/2922 2262/3897/2882
f 2263/3898/2883 2262/3897/2882 2305/3965/2935
f 2305/3965/2935 2306/3966/2936 2263/3898/2883
f 2279/3917/2900 2307/3967/2937 2267/3903/2887
f 2267/3903/2887 2270/3906/2890 2279/3917/2900
f 2309/3969/2939 2308/3968/2938 2268/3904/2888
f 2268/3904/2888 2267/3903/2887 2309/3969/2939
f 2268/3973/2940 2310/3970/2940 2271/3971/2940
f 2271/3971/2940 2269/3972/2940 2268/3973/2940
f 2235/3920/2902 2281/3974/2941 2275/3975/2896
f 2275/3975/2896 2273/3921/2903 2235/3920/2902
f 2281/3974/2941 2311/3976/2942 2277/3977/2898
f 2277/3977/2898 2275/3975/2896 2281/3974/2941
f 2313/3979/2944 2312/3978/2943 2279/3917/2900
f 2279/3917/2900 2280/3919/2901 2313/3979/2944
f 2236/3852/2853 2282/3923/2905 2311/3980/2945
f 2311/3980/2945 2281/3922/2904 2236/3852/2853
f 2282/3923/2905 2237/3853/2854 2284/3925/2907
f 2284/3925/2907 2314/3981/2946 2282/3923/2905
f 2284/3925/2950 2283/3924/2947 2315/3982/2948
f 2315/3982/2948 2316/3983/2949 2284/3925/2950
f 2266/3985/2886 2317/3984/2951 2315/3982/2948
f 2315/3982/2948 2283/3924/2947 2266/3985/2886
f 2285/3926/2908 2318/3986/2952 2286/3987/2953
f 2286/3987/2953 2240/3927/2909 2285/3926/2908
f 2286/3930/2955 2319/3988/2954 2288/3989/2955
f 2288/3989/2955 2242/3931/2954 2286/3930/2955
f 2320/3990/2956 2289/3934/2917 2287/3932/2914
f 2287/3932/2914 2288/3933/2915 2320/3990/2956
f 2322/3994/2958 2321/3991/2957 2247/3992/2866
f 2247/3992/2866 2290/3993/2918 2322/3994/2958
f 2323/3995/2959 2290/3935/2918 2289/3934/2917
f 2289/3934/2917 2320/3990/2956 2323/3995/2959
f 2325/3997/2961 2324/3996/2960 2291/3936/2919
f 2291/3936/2919 2292/3939/2920 2325/3997/2961
f 2305/3965/2935 2262/3897/2882 2294/3941/2922
f 2294/3941/2922 2293/3940/2921 2305/3965/2935
f 2295/3945/2923 2260/3894/2880 2304/3964/2934
f 2304/3964/2934 2326/3998/2962 2295/3945/2923
f 2296/3947/2924 2254/3946/2924 2295/3999/2963
f 2295/3999/2963 2327/4000/2963 2296/3947/2924
f 2297/3949/2926 2255/3948/2925 2296/4001/2964
f 2296/4001/2964 2328/4002/2965 2297/3949/2926
f 2330/4004/2967 2256/3887/34 2297/3949/2926
f 2297/3949/2926 2329/4003/2966 2330/4004/2967
f 2331/4008/2969 2299/4005/2968 2256/4006/2968
f 2256/4006/2968 2330/4007/2969 2331/4008/2969
f 2300/4012/34 2298/4009/34 2299/4010/34
f 2299/4010/34 2331/4011/34 2300/4012/34
f 2257/3956/2929 2300/3955/2929 2332/4013/2970
f 2332/4013/2970 2301/4014/2970 2257/3956/2929
f 2302/4016/2972 2258/3959/2931 2301/3958/2930
f 2301/3958/2930 2333/4015/2971 2302/4016/2972
f 2303/4018/2973 2259/3961/2932 2302/3960/2932
f 2302/3960/2932 2334/4017/2973 2303/4018/2973
f 2336/4020/2975 2264/3962/2884 2303/3963/2933
f 2303/3963/2933 2335/4019/2974 2336/4020/2975
f 2304/3964/2934 2263/3898/2883 2306/3966/2936
f 2306/3966/2936 2337/4021/2976 2304/3964/2934
f 2306/4025/2936 2305/4022/2935 2338/4023/2977
f 2338/4023/2977 2339/4024/2978 2306/4025/2936
f 2265/4029/2885 2336/4026/2975 2340/4027/2979
f 2340/4027/2979 2317/4028/2951 2265/4029/2885
f 2312/3978/2943 2341/4030/2980 2307/3967/2937
f 2307/3967/2937 2279/3917/2900 2312/3978/2943
f 2307/3967/2937 2342/4031/2981 2309/3969/2939
f 2309/3969/2939 2267/3903/2887 2307/3967/2937
f 2344/4033/2983 2343/4032/2982 2308/3968/2938
f 2308/3968/2938 2309/3969/2939 2344/4033/2983
f 2308/4035/2984 2345/4034/2984 2310/3970/2940
f 2310/3970/2940 2268/3973/2940 2308/4035/2984
f 2310/4039/2988 2345/4036/2985 2346/4037/2986
f 2346/4037/2986 2347/4038/2987 2310/4039/2988
f 2349/4042/2990 2285/4040/2989 2347/3908/2990
f 2347/3908/2990 2348/4041/2989 2349/4042/2990
f 2311/3976/2942 2350/4043/2991 2351/4044/2992
f 2351/4044/2992 2277/3977/2898 2311/3976/2942
f 2353/4048/2995 2352/4045/2993 2312/4046/2994
f 2312/4046/2994 2313/4047/2944 2353/4048/2995
f 2351/4052/2992 2354/4049/2996 2313/4050/2944
f 2313/4050/2944 2280/4051/2901 2351/4052/2992
f 2314/3981/2998 2284/3925/2950 2316/3983/2949
f 2316/3983/2949 2355/4053/2997 2314/3981/2998
f 2315/4057/2948 2356/4054/2999 2357/4055/3000
f 2357/4055/3000 2316/4056/2949 2315/4057/2948
f 2358/4061/3002 2318/4058/3001 2285/4059/3002
f 2285/4059/3002 2349/4060/3001 2358/4061/3002
f 2318/3986/2952 2359/4062/3003 2319/4063/3004
f 2319/4063/3004 2286/3987/2953 2318/3986/2952
f 2319/3988/3005 2360/4064/3005 2320/4065/3005
f 2320/4065/3005 2288/3989/3005 2319/3988/3005
f 2361/4067/3006 2322/3994/2958 2290/3993/2918
f 2290/3993/2918 2323/4066/2959 2361/4067/3006
f 2363/4069/3008 2362/4068/3007 2323/3995/2959
f 2323/3995/2959 2320/3990/2956 2363/4069/3008
f 2365/4071/3012 2364/4070/3009 2324/3996/3010
f 2324/3996/3010 2325/3997/3011 2365/4071/3012
f 2367/4073/3014 2366/4072/3013 2291/3936/2919
f 2291/3936/2919 2324/3996/2960 2367/4073/3014
f 2338/4023/2977 2305/4022/2935 2293/4074/2921
f 2293/4074/2921 2368/4075/3015 2338/4023/2977
f 2326/3998/2962 2304/3964/2934 2337/4021/2976
f 2337/4021/2976 2369/4076/3016 2326/3998/2962
f 2327/4000/2963 2295/3999/2963 2326/4077/3017
f 2326/4077/3017 2370/4078/3017 2327/4000/2963
f 2296/4001/2964 2327/4079/3018 2371/4080/3019
f 2371/4080/3019 2328/4002/2965 2296/4001/2964
f 2373/4084/3023 2372/4081/3020 2297/4082/3021
f 2297/4082/3021 2328/4083/3022 2373/4084/3023
f 2297/4088/3024 2372/4085/3024 2374/4086/3025
f 2374/4086/3025 2329/4087/3026 2297/4088/3024
f 2376/4090/3028 2330/4004/2967 2329/4003/2966
f 2329/4003/2966 2375/4089/3027 2376/4090/3028
f 2377/4092/3029 2331/4008/2969 2330/4007/2969
f 2330/4007/2969 2376/4091/3029 2377/4092/3029
f 2332/4094/34 2300/4012/34 2331/4011/34
f 2331/4011/34 2377/4093/34 2332/4094/34
f 2301/4014/2970 2332/4013/2970 2378/4095/3030
f 2378/4095/3030 2333/4096/3030 2301/4014/2970
f 2334/4098/34 2302/4016/2972 2333/4015/2971
f 2333/4015/2971 2379/4097/34 2334/4098/34
f 2380/4102/3031 2303/4099/3031 2334/4100/3031
f 2334/4100/3031 2379/4101/3031 2380/4102/3031
f 2335/4019/2974 2303/3963/2933 2380/4103/3032
f 2380/4103/3032 2381/4104/3033 2335/4019/2974
f 2336/4020/2975 2335/4019/2974 2382/4105/3034
f 2382/4105/3034 2340/4106/2979 2336/4020/2975
f 2337/4108/2976 2306/4025/2936 2339/4024/2978
f 2339/4024/2978 2383/4107/3035 2337/4108/2976
f 2385/4110/3037 2339/4024/2978 2338/4023/2977
f 2338/4023/2977 2384/4109/3036 2385/4110/3037
f 2352/4045/2993 2386/4111/3038 2341/4112/3039
f 2341/4112/3039 2312/4046/2994 2352/4045/2993
f 2341/4030/2980 2387/4113/3040 2342/4031/2981
f 2342/4031/2981 2307/3967/2937 2341/4030/2980
f 2342/4031/2981 2388/4114/3041 2344/4033/2983
f 2344/4033/2983 2309/3969/2939 2342/4031/2981
f 2390/4116/3043 2389/4115/3042 2343/4032/2982
f 2343/4032/2982 2344/4033/2983 2390/4116/3043
f 2343/4118/3045 2391/4117/3044 2345/4034/3045
f 2345/4034/3045 2308/4035/3044 2343/4118/3045
f 2345/4036/2985 2391/4119/3046 2392/4120/3047
f 2392/4120/3047 2346/4037/2986 2345/4036/2985
f 2347/4124/3049 2346/4121/3048 2393/4122/3049
f 2393/4122/3049 2348/4123/3048 2347/4124/3049
f 2355/4126/2997 2316/4056/2949 2357/4055/3000
f 2357/4055/3000 2353/4125/2995 2355/4126/2997
f 2314/3981/2998 2355/4053/2997 2354/4127/2996
f 2354/4127/2996 2350/4128/2991 2314/3981/2998
f 2356/4132/2999 2394/4129/3050 2395/4130/3051
f 2395/4130/3051 2357/4131/3000 2356/4132/2999
f 2346/4136/3052 2318/4133/3052 2358/4134/3052
f 2358/4134/3052 2393/4135/3052 2346/4136/3052
f 2392/4120/3047 2359/4062/3003 2318/3986/2952
f 2318/3986/2952 2346/4037/2986 2392/4120/3047
f 2359/4062/3003 2396/4137/3053 2360/4138/3053
f 2360/4138/3053 2319/4063/3004 2359/4062/3003
f 2360/4142/3054 2396/4139/3054 2363/4140/3054
f 2363/4140/3054 2320/4141/3054 2360/4142/3054
f 2398/4144/3056 2397/4143/3055 2322/3994/2958
f 2322/3994/2958 2361/4067/3006 2398/4144/3056
f 2399/4146/3057 2361/4067/3006 2323/4066/2959
f 2323/4066/2959 2362/4145/3007 2399/4146/3057
f 2401/4148/3059 2364/4070/3009 2365/4071/3012
f 2365/4071/3012 2400/4147/3058 2401/4148/3059
f 2369/4150/3016 2337/4108/2976 2383/4107/3035
f 2383/4107/3035 2402/4149/3060 2369/4150/3016
f 2370/4078/3017 2326/4077/3017 2369/4151/3061
f 2369/4151/3061 2403/4152/3061 2370/4078/3017
f 2371/4080/3019 2327/4079/3018 2370/4153/3062
f 2370/4153/3062 2404/4154/3063 2371/4080/3019
f 2405/4156/3064 2373/4084/3023 2328/4083/3022
f 2328/4083/3022 2371/4155/3064 2405/4156/3064
f 2329/4087/3026 2374/4086/3025 2406/4157/3065
f 2406/4157/3065 2375/4158/3066 2329/4087/3026
f 2408/4160/3068 2376/4090/3028 2375/4089/3027
f 2375/4089/3027 2407/4159/3067 2408/4160/3068
f 2409/4162/3069 2377/4092/3029 2376/4091/3029
f 2376/4091/3029 2408/4161/3069 2409/4162/3069
f 2378/4164/34 2332/4094/34 2377/4093/34
f 2377/4093/34 2409/4163/34 2378/4164/34
f 2333/4168/3070 2378/4165/3070 2409/4166/3070
f 2409/4166/3070 2408/4167/3070 2333/4168/3070
f 2379/4097/34 2333/4015/2971 2408/4160/3068
f 2408/4160/3068 2410/4169/3071 2379/4097/34
f 2411/4171/3072 2380/4102/3031 2379/4101/3031
f 2379/4101/3031 2410/4170/3072 2411/4171/3072
f 2335/4019/2974 2381/4104/3033 2412/4172/3073
f 2412/4172/3073 2382/4105/3034 2335/4019/2974
f 2381/4104/3033 2380/4103/3032 2411/4173/3074
f 2411/4173/3074 2413/4174/3075 2381/4104/3033
f 2340/4176/2979 2382/4175/3034 2394/4129/3050
f 2394/4129/3050 2356/4132/2999 2340/4176/2979
f 2414/4177/3076 2383/4107/3035 2339/4024/2978
f 2339/4024/2978 2385/4110/3037 2414/4177/3076
f 2415/4180/3080 2385/4178/3077 2384/4179/3078
f 2384/4179/3078 2366/4072/3079 2415/4180/3080
f 2386/4111/3038 2416/4181/3081 2387/4182/3040
f 2387/4182/3040 2341/4112/3039 2386/4111/3038
f 2387/4113/3040 2417/4183/3082 2388/4114/3041
f 2388/4114/3041 2342/4031/2981 2387/4113/3040
f 2388/4114/3041 2418/4184/3083 2390/4116/3043
f 2390/4116/3043 2344/4033/2983 2388/4114/3041
f 2420/4186/3085 2419/4185/3084 2389/4115/3042
f 2389/4115/3042 2390/4116/3043 2420/4186/3085
f 2389/4188/3087 2421/4187/3086 2391/4117/3087
f 2391/4117/3087 2343/4118/3086 2389/4188/3087
f 2391/4119/3046 2421/4189/3088 2422/4190/3089
f 2422/4190/3089 2392/4120/3047 2391/4119/3046
f 2426/4194/3092 2423/4191/2 2424/4192/3090
f 2424/4192/3090 2425/4193/3091 2426/4194/3092
f 2425/4193/3091 2424/4192/3090 2427/4195/3093
f 2427/4195/3093 2428/4196/3094 2425/4193/3091
f 2428/4196/3094 2427/4195/3093 2429/4197/3095
f 2429/4197/3095 2430/4198/3096 2428/4196/3094
f 2430/4202/3096 2429/4199/3095 2431/4200/3097
f 2431/4200/3097 2432/4201/3098 2430/4202/3096
f 2432/4201/3098 2431/4200/3097 2433/4203/3099
f 2433/4203/3099 2434/4204/3100 2432/4201/3098
f 2434/4204/3100 2433/4203/3099 2435/4205/3101
f 2435/4205/3101 2436/4206/3102 2434/4204/3100
f 2436/4206/3102 2435/4205/3101 2437/4207/3103
f 2437/4207/3103 2438/4208/3104 2436/4206/3102
f 2438/4212/3104 2437/4209/3103 2439/4210/3105
f 2439/4210/3105 2440/4211/3106 2438/4212/3104
f 2440/4211/3106 2439/4210/3105 2441/4213/3107
f 2441/4213/3107 2442/4214/3108 2440/4211/3106
f 2442/4214/3108 2441/4213/3107 2443/4215/44
f 2443/4215/44 2444/4216/3109 2442/4214/3108
f 2443/4215/44 2445/4217/3110 2446/4218/3111
f 2446/4218/3111 2444/4216/3109 2443/4215/44
f 2445/4217/3110 2447/4219/3112 2448/4220/3113
f 2448/4220/3113 2446/4218/3111 2445/4217/3110
f 2447/4219/3112 2449/4221/3114 2450/4222/3115
f 2450/4222/3115 2448/4220/3113 2447/4219/3112
f 2449/4226/3114 2451/4223/3116 2452/4224/3117
f 2452/4224/3117 2450/4225/3115 2449/4226/3114
f 2451/4223/3116 2453/4227/3118 2454/4228/3119
f 2454/4228/3119 2452/4224/3117 2451/4223/3116
f 2453/4227/3118 2455/4229/3120 2456/4230/3121
f 2456/4230/3121 2454/4228/3119 2453/4227/3118
f 2455/4229/3120 2457/4231/3122 2458/4232/3123
f 2458/4232/3123 2456/4230/3121 2455/4229/3120
f 2457/4236/3122 2459/4233/3124 2460/4234/3125
f 2460/4234/3125 2458/4235/3123 2457/4236/3122
f 2459/4233/3124 2461/4237/3126 2462/4238/3127
f 2462/4238/3127 2460/4234/3125 2459/4233/3124
f 2461/4237/3126 2423/4191/2 2426/4194/3092
f 2426/4194/3092 2462/4238/3127 2461/4237/3126
f 2466/4242/3131 2463/4239/3128 2464/4240/3129
f 2464/4240/3129 2465/4241/3130 2466/4242/3131
f 2467/4244/3132 2466/4242/3131 2465/4241/3130
f 2465/4241/3130 2417/4243/3082 2467/4244/3132
f 2416/4181/3081 2467/4244/3132 2417/4243/3082
f 2417/4243/3082 2387/4182/3040 2416/4181/3081
f 2394/4129/3050 2468/4245/3133 2469/4246/3134
f 2469/4246/3134 2395/4130/3051 2394/4129/3050
f 2468/4245/3133 2470/4247/3135 2471/4248/3136
f 2471/4248/3136 2469/4246/3134 2468/4245/3133
f 2470/4247/3135 2472/4249/3137 2473/4250/3138
f 2473/4250/3138 2471/4248/3136 2470/4247/3135
f 2472/4249/3137 2474/4251/3139 2475/4252/3140
f 2475/4252/3140 2473/4250/3138 2472/4249/3137
f 2474/4251/3139 2476/4253/3141 2477/4254/3142
f 2477/4254/3142 2475/4252/3140 2474/4251/3139
f 2476/4253/3141 2478/4255/3143 2479/4256/3144
f 2479/4256/3144 2477/4254/3142 2476/4253/3141
f 2478/4255/3143 2480/4257/3145 2481/4258/3146
f 2481/4258/3146 2479/4256/3144 2478/4255/3143
f 2481/4262/3146 2482/4259/3147 2483/4260/3148
f 2483/4260/3148 2484/4261/3149 2481/4262/3146
f 2486/4266/3151 2359/4263/3150 2392/4264/3151
f 2392/4264/3151 2485/4265/3150 2486/4266/3151
f 2363/4270/3153 2396/4267/3152 2359/4268/3153
f 2359/4268/3153 2486/4269/3152 2363/4270/3153
f 2398/4274/3157 2487/4271/3154 2488/4272/3155
f 2488/4272/3155 2397/4273/3156 2398/4274/3157
f 2489/4275/3158 2398/4144/3056 2361/4067/3006
f 2361/4067/3006 2399/4146/3057 2489/4275/3158
f 2491/4277/3160 2399/4146/3057 2362/4145/3007
f 2362/4145/3007 2490/4276/3159 2491/4277/3160
f 2495/4281/3162 2492/4278/3161 2493/4279/3162
f 2493/4279/3162 2494/4280/3161 2495/4281/3162
f 2389/4115/3042 2419/4185/3084 2490/4282/3159
f 2490/4282/3159 2496/4283/3163 2389/4115/3042
f 2498/4285/3165 2401/4148/3059 2400/4147/3058
f 2400/4147/3058 2497/4284/3164 2498/4285/3165
f 2502/4289/1334 2499/4286/3166 2500/4287/3167
f 2500/4287/3167 2501/4288/3168 2502/4289/1334
f 2501/4288/3168 2500/4287/3167 2503/4290/3169
f 2503/4290/3169 2504/4291/3170 2501/4288/3168
f 2504/4295/3170 2503/4292/3169 2505/4293/3171
f 2505/4293/3171 2506/4294/3172 2504/4295/3170
f 2508/4297/3174 2506/4294/3172 2505/4293/3171
f 2505/4293/3171 2507/4296/3173 2508/4297/3174
f 2510/4299/3176 2508/4297/3174 2507/4296/3173
f 2507/4296/3173 2509/4298/3175 2510/4299/3176
f 2509/4298/3175 2511/4300/3177 2512/4301/3178
f 2512/4301/3178 2510/4299/3176 2509/4298/3175
f 2511/4300/3177 2513/4302/3179 2514/4303/3180
f 2514/4303/3180 2512/4301/3178 2511/4300/3177
f 2516/4040/3182 2515/4304/3181 2514/4303/3180
f 2514/4303/3180 2513/4302/3179 2516/4040/3182
f 2516/4308/3182 2517/4305/3183 2518/4306/3184
f 2518/4306/3184 2515/4307/3181 2516/4308/3182
f 2517/4305/3183 2519/4309/3185 2520/4310/3186
f 2520/4310/3186 2518/4306/3184 2517/4305/3183
f 2519/4309/3185 2521/4311/3187 2522/4312/3188
f 2522/4312/3188 2520/4310/3186 2519/4309/3185
f 2521/4311/3187 2523/4313/3189 2524/1354/3190
f 2524/1354/3190 2522/4312/3188 2521/4311/3187
f 2523/4317/3189 2525/4314/3191 2526/4315/3192
f 2526/4315/3192 2524/4316/3190 2523/4317/3189
f 2525/4314/3191 2527/4318/3193 2528/4319/3194
f 2528/4319/3194 2526/4315/3192 2525/4314/3191
f 2527/4318/3193 2529/4320/3195 2530/4321/54
f 2530/4321/54 2528/4319/3194 2527/4318/3193
f 2530/4321/54 2529/4320/3195 2531/4322/3196
f 2531/4322/3196 2532/4323/3197 2530/4321/54
f 2532/4323/3197 2531/4322/3196 2533/4324/3198
f 2533/4324/3198 2534/4325/3199 2532/4323/3197
f 2534/4325/3199 2533/4324/3198 2535/4326/3200
f 2535/4326/3200 2536/4327/3201 2534/4325/3199
f 2536/4331/3201 2535/4328/3200 2537/4329/3202
f 2537/4329/3202 2538/4330/3203 2536/4331/3201
f 2538/4330/3203 2537/4329/3202 2499/4286/3166
f 2499/4286/3166 2502/4289/1334 2538/4330/3203
f 2542/4335/3207 2539/4332/3204 2540/4333/3205
f 2540/4333/3205 2541/4334/3206 2542/4335/3207
f 2541/4334/3211 2540/4333/3208 2543/4336/3209
f 2543/4336/3209 2544/4337/3210 2541/4334/3211
f 2544/4341/3210 2543/4338/3209 2545/4339/3212
f 2545/4339/3212 2546/4340/3213 2544/4341/3210
f 2546/4340/3213 2545/4339/3212 2547/4342/3214
f 2547/4342/3214 2548/4343/3215 2546/4340/3213
f 2548/4343/3215 2547/4342/3214 2549/4344/3216
f 2549/4344/3216 2550/4345/3217 2548/4343/3215
f 2550/4349/3221 2549/4346/3218 2551/4347/3219
f 2551/4347/3219 2552/4348/3220 2550/4349/3221
f 2552/4348/3220 2551/4347/3219 2553/4350/3222
f 2553/4350/3222 2554/4351/3223 2552/4348/3220
f 2554/4351/3223 2553/4350/3222 2555/4352/3224
f 2555/4352/3224 2556/4353/3225 2554/4351/3223
f 2555/4352/3224 2557/4354/1439 2558/4355/3226
f 2558/4355/3226 2556/4353/3225 2555/4352/3224
f 2557/4354/1439 2559/4356/3227 2560/4357/3228
f 2560/4357/3228 2558/4355/3226 2557/4354/1439
f 2559/4360/3232 2561/4358/3229 2562/4359/3230
f 2562/4359/3230 2560/4338/3231 2559/4360/3232
f 2561/4358/3229 2563/4361/3233 2564/4362/3234
f 2564/4362/3234 2562/4359/3230 2561/4358/3229
f 2563/4361/3233 2565/4363/3235 2566/4364/3236
f 2566/4364/3236 2564/4362/3234 2563/4361/3233
f 2565/4368/3235 2567/4365/3237 2568/4366/3238
f 2568/4366/3238 2566/4367/3236 2565/4368/3235
f 2567/4365/3242 2569/4369/3239 2570/4370/3240
f 2570/4370/3240 2568/4366/3241 2567/4365/3242
f 2569/4369/3239 2539/4332/3204 2542/4335/3207
f 2542/4335/3207 2570/4370/3240 2569/4369/3239
f 2574/4374/3246 2571/4371/3243 2572/4372/3244
f 2572/4372/3244 2573/4373/3245 2574/4374/3246
f 2571/4371/3250 2575/4375/3247 2576/4376/3248
f 2576/4376/3248 2577/4377/3249 2571/4371/3250
f 2577/4377/3249 2576/4376/3248 2578/4378/3251
f 2578/4378/3251 2579/4379/3252 2577/4377/3249
f 2579/4379/3252 2578/4378/3251 2580/4380/3253
f 2580/4380/3253 2581/4381/3254 2579/4379/3252
f 2581/4381/3254 2580/4380/3253 2582/4382/3255
f 2582/4382/3255 2583/4383/3256 2581/4381/3254
f 2583/4383/3256 2582/4382/3255 2584/4384/3257
f 2584/4384/3257 2585/4385/3258 2583/4383/3256
f 2585/4385/3258 2584/4384/3257 2414/4386/3259
f 2414/4386/3259 2586/4387/3260 2585/4385/3258
f 2586/4387/3260 2414/4386/3259 2385/4178/3077
f 2385/4178/3077 2415/4180/3080 2586/4387/3260
f 2590/4391/3264 2587/4388/3261 2588/4389/3262
f 2588/4389/3262 2589/4390/3263 2590/4391/3264
f 2584/4392/3265 2402/4149/3060 2383/4107/3035
f 2383/4107/3035 2414/4177/3076 2584/4392/3265
f 2592/4394/3267 2369/4150/3016 2402/4149/3060
f 2402/4149/3060 2591/4393/3266 2592/4394/3267
f 2403/4398/3268 2369/4395/3268 2592/4396/3268
f 2592/4396/3268 2593/4397/3268 2403/4398/3268
f 2404/4154/3063 2370/4153/3062 2403/4399/3269
f 2403/4399/3269 2593/4400/3270 2404/4154/3063
f 2594/4402/3271 2405/4156/3064 2371/4155/3064
f 2371/4155/3064 2404/4401/3271 2594/4402/3271
f 2598/4406/3275 2595/4403/3272 2596/4404/3273
f 2596/4404/3273 2597/4405/3274 2598/4406/3275
f 2375/4158/3066 2406/4157/3065 2599/4407/3276
f 2599/4407/3276 2407/4408/3276 2375/4158/3066
f 2410/4169/3071 2408/4160/3068 2407/4159/3067
f 2407/4159/3067 2600/4409/3277 2410/4169/3071
f 2601/4411/3278 2411/4171/3072 2410/4170/3072
f 2410/4170/3072 2600/4410/3278 2601/4411/3278
f 2381/4104/3033 2413/4174/3075 2602/4412/3279
f 2602/4412/3279 2412/4172/3073 2381/4104/3033
f 2382/4175/3034 2412/4413/3073 2468/4245/3133
f 2468/4245/3133 2394/4129/3050 2382/4175/3034
f 2413/4174/3075 2411/4173/3074 2601/4414/3280
f 2601/4414/3280 2603/4415/3281 2413/4174/3075
f 2417/4183/3082 2465/4416/3130 2418/4184/3083
f 2418/4184/3083 2388/4114/3041 2417/4183/3082
f 2418/4184/3083 2604/4417/3282 2420/4186/3085
f 2420/4186/3085 2390/4116/3043 2418/4184/3083
f 2606/4421/3284 2605/4418/3283 2419/4419/3084
f 2419/4419/3084 2420/4420/3085 2606/4421/3284
f 2422/4425/3285 2421/4422/3285 2389/4423/3285
f 2389/4423/3285 2496/4424/3285 2422/4425/3285
f 2392/4429/3287 2422/4426/3286 2496/4427/3287
f 2496/4427/3287 2485/4428/3286 2392/4429/3287
f 2424/4433/54 2423/4430/54 2607/4431/54
f 2607/4431/54 2608/4432/54 2424/4433/54
f 2427/4435/54 2424/4433/54 2608/4432/54
f 2608/4432/54 2609/4434/54 2427/4435/54
f 2429/4437/54 2427/4435/54 2609/4434/54
f 2609/4434/54 2610/4436/54 2429/4437/54
f 2431/4439/3288 2429/4437/3288 2610/4436/3288
f 2610/4436/3288 2611/4438/3289 2431/4439/3288
f 2433/4441/54 2431/4439/54 2611/4438/54
f 2611/4438/54 2612/4440/54 2433/4441/54
f 2433/4441/54 2612/4440/54 2613/4442/54
f 2613/4442/54 2435/4443/54 2433/4441/54
f 2435/4443/3292 2613/4442/3290 2614/4444/3291
f 2614/4444/3291 2437/4445/3292 2435/4443/3292
f 2437/4445/3293 2614/4444/3293 2615/4446/3293
f 2615/4446/3293 2439/4447/3294 2437/4445/3293
f 2439/4447/3295 2615/4446/3295 2616/4448/3296
f 2616/4448/3296 2441/4449/3295 2439/4447/3295
f 2441/4449/3299 2616/4448/3297 2617/4450/3298
f 2617/4450/3298 2443/4451/3298 2441/4449/3299
f 2617/4450/54 2618/4452/54 2445/4453/54
f 2445/4453/54 2443/4451/3298 2617/4450/54
f 2618/4452/54 2619/4454/54 2447/4455/54
f 2447/4455/54 2445/4453/54 2618/4452/54
f 2619/4454/3302 2620/4456/3300 2449/4457/3301
f 2449/4457/3301 2447/4455/3302 2619/4454/3302
f 2620/4456/54 2621/4458/54 2451/4459/54
f 2451/4459/54 2449/4457/54 2620/4456/54
f 2622/4461/54 2453/4460/54 2451/4459/54
f 2451/4459/54 2621/4458/54 2622/4461/54
f 2623/4463/54 2455/4462/54 2453/4460/54
f 2453/4460/54 2622/4461/54 2623/4463/54
f 2624/4465/3305 2457/4464/3303 2455/4462/3303
f 2455/4462/3303 2623/4463/3304 2624/4465/3305
f 2625/4467/3307 2459/4466/3306 2457/4464/3306
f 2457/4464/3306 2624/4465/3306 2625/4467/3307
f 2626/4469/3308 2461/4468/3308 2459/4466/3308
f 2459/4466/3308 2625/4467/3309 2626/4469/3308
f 2607/4431/54 2423/4430/54 2461/4468/3308
f 2461/4468/3308 2626/4469/54 2607/4431/54
f 2465/4416/3130 2464/4470/3129 2604/4417/3282
f 2604/4417/3282 2418/4184/3083 2465/4416/3130
f 2412/4413/3073 2602/4471/3279 2470/4247/3135
f 2470/4247/3135 2468/4245/3133 2412/4413/3073
f 2602/4471/3279 2627/4472/3310 2472/4249/3137
f 2472/4249/3137 2470/4247/3135 2602/4471/3279
f 2627/4472/3310 2628/4473/3311 2474/4251/3139
f 2474/4251/3139 2472/4249/3137 2627/4472/3310
f 2628/4473/3311 2629/4474/3312 2476/4253/3141
f 2476/4253/3141 2474/4251/3139 2628/4473/3311
f 2629/4474/3312 2630/4475/3313 2478/4255/3143
f 2478/4255/3143 2476/4253/3141 2629/4474/3312
f 2630/4475/3313 2631/4476/3314 2480/4257/3145
f 2480/4257/3145 2478/4255/3143 2630/4475/3313
f 2482/4259/3147 2632/4477/3315 2633/4478/3316
f 2633/4478/3316 2483/4260/3148 2482/4259/3147
f 2489/4480/3318 2634/4479/3317 2487/4271/3154
f 2487/4271/3154 2398/4274/3157 2489/4480/3318
f 2635/4481/3319 2489/4275/3158 2399/4146/3057
f 2399/4146/3057 2491/4277/3160 2635/4481/3319
f 2605/4418/3283 2491/4277/3160 2490/4276/3159
f 2490/4276/3159 2419/4419/3084 2605/4418/3283
f 2494/4485/3321 2493/4482/3320 2636/4483/3321
f 2636/4483/3321 2637/4484/3320 2494/4485/3321
f 2636/4483/3323 2638/4486/3322 2639/4487/3323
f 2639/4487/3323 2637/4484/3322 2636/4483/3323
f 2638/4486/3324 2492/4488/3324 2495/4489/3324
f 2495/4489/3324 2639/4487/3324 2638/4486/3324
f 2493/4493/3328 2492/4490/3325 2638/4491/3326
f 2638/4491/3326 2636/4492/3327 2493/4493/3328
f 2590/4391/3329 2589/4390/3329 2401/4148/3329
f 2401/4148/3329 2498/4285/3329 2590/4391/3329
f 2573/4373/3245 2498/4285/3165 2497/4284/3164
f 2497/4284/3164 2640/4494/3330 2573/4373/3245
f 2500/4498/2 2499/4495/2 2641/4496/2
f 2641/4496/2 2642/4497/2 2500/4498/2
f 2500/4498/3331 2642/4497/3331 2643/4499/3331
f 2643/4499/3331 2503/4500/3332 2500/4498/3331
f 2503/4500/3332 2643/4499/3331 2644/4501/3333
f 2644/4501/3333 2505/4502/3334 2503/4500/3332
f 2505/4502/3334 2644/4501/3335 2645/4503/3336
f 2645/4503/3336 2507/4504/3337 2505/4502/3334
f 2507/4504/3338 2645/4503/3338 2646/4505/3339
f 2646/4505/3339 2509/4506/3339 2507/4504/3338
f 2646/4505/3339 2647/4507/2 2511/4508/2
f 2511/4508/2 2509/4506/3339 2646/4505/3339
f 2647/4507/2 2648/4509/2 2513/4510/2
f 2513/4510/2 2511/4508/2 2647/4507/2
f 2648/4509/3342 2649/4511/3340 2516/4512/3340
f 2516/4512/3340 2513/4510/3341 2648/4509/3342
f 2649/4511/3344 2650/4513/3343 2517/4514/3344
f 2517/4514/3344 2516/4512/3344 2649/4511/3344
f 2650/4513/2 2651/4515/2 2519/4516/2
f 2519/4516/2 2517/4514/2 2650/4513/2
f 2652/4518/3345 2521/4517/3345 2519/4516/3346
f 2519/4516/3346 2651/4515/3345 2652/4518/3345
f 2653/4520/3349 2523/4519/3347 2521/4517/3348
f 2521/4517/3348 2652/4518/3347 2653/4520/3349
f 2654/4522/3350 2525/4521/3350 2523/4519/3350
f 2523/4519/3350 2653/4520/3350 2654/4522/3350
f 2655/4524/3351 2527/4523/3351 2525/4521/3352
f 2525/4521/3352 2654/4522/3353 2655/4524/3351
f 2656/4526/2 2529/4525/2 2527/4523/2
f 2527/4523/2 2655/4524/2 2656/4526/2
f 2531/4528/2 2529/4525/2 2656/4526/2
f 2656/4526/2 2657/4527/2 2531/4528/2
f 2533/4530/2 2531/4528/2 2657/4527/2
f 2657/4527/2 2658/4529/2 2533/4530/2
f 2535/4532/3356 2533/4530/3354 2658/4529/3355
f 2658/4529/3355 2659/4531/3355 2535/4532/3356
f 2537/4534/2 2535/4532/2 2659/4531/2
f 2659/4531/2 2660/4533/2 2537/4534/2
f 2499/4495/2 2537/4534/2 2660/4533/2
f 2660/4533/2 2641/4496/2 2499/4495/2
f 2635/4536/3358 2661/4535/3357 2634/4479/3317
f 2634/4479/3317 2489/4480/3318 2635/4536/3358
f 2663/4538/3360 2662/4537/3359 2661/4535/3357
f 2661/4535/3357 2635/4536/3358 2663/4538/3360
f 2665/4540/3362 2664/4539/3361 2662/4537/3359
f 2662/4537/3359 2663/4538/3360 2665/4540/3362
f 2574/4374/3246 2573/4373/3245 2640/4494/3330
f 2640/4494/3330 2666/4541/3363 2574/4374/3246
f 2575/4545/3367 2667/4542/3364 2668/4543/3365
f 2668/4543/3365 2576/4544/3366 2575/4545/3367
f 2576/4544/3366 2668/4543/3365 2669/4546/3368
f 2669/4546/3368 2578/4547/3369 2576/4544/3366
f 2578/4547/3369 2669/4546/3368 2670/4548/3370
f 2670/4548/3370 2580/4549/3371 2578/4547/3369
f 2580/4549/3371 2670/4548/3370 2591/4393/3266
f 2591/4393/3266 2582/4550/3372 2580/4549/3371
f 2582/4550/3372 2591/4393/3266 2402/4149/3060
f 2402/4149/3060 2584/4392/3265 2582/4550/3372
f 2671/4551/3373 2592/4394/3267 2591/4393/3266
f 2591/4393/3266 2670/4548/3370 2671/4551/3373
f 2593/4397/3268 2592/4396/3268 2671/4552/3374
f 2671/4552/3374 2672/4553/3375 2593/4397/3268
f 2672/4555/3377 2673/4554/3376 2404/4154/3063
f 2404/4154/3063 2593/4400/3270 2672/4555/3377
f 2674/4559/3381 2594/4556/3378 2404/4557/3379
f 2404/4557/3379 2673/4558/3380 2674/4559/3381
f 2678/4563/3385 2675/4560/3382 2676/4561/3383
f 2676/4561/3383 2677/4562/3384 2678/4563/3385
f 2681/4567/3386 2679/4564/3386 2675/4565/3387
f 2675/4565/3387 2680/4566/3387 2681/4567/3386
f 2597/4405/3274 2596/4404/3273 2679/4568/3388
f 2679/4568/3388 2682/4569/3389 2597/4405/3274
f 2684/4571/3390 2595/4403/3272 2598/4406/3275
f 2598/4406/3275 2683/4570/34 2684/4571/3390
f 2687/4575/3392 2684/4572/3391 2685/4573/3391
f 2685/4573/3391 2686/4574/3392 2687/4575/3392
f 2690/4579/3396 2688/4576/3393 2687/4577/3394
f 2687/4577/3394 2689/4578/3395 2690/4579/3396
f 2599/4583/3400 2691/4580/3397 2692/4581/3398
f 2692/4581/3398 2407/4582/3399 2599/4583/3400
f 2693/4585/3402 2600/4409/3277 2407/4159/3067
f 2407/4159/3067 2692/4584/3401 2693/4585/3402
f 2694/4587/3404 2601/4411/3278 2600/4410/3278
f 2600/4410/3278 2693/4586/3403 2694/4587/3404
f 2413/4174/3075 2603/4415/3281 2627/4588/3310
f 2627/4588/3310 2602/4412/3279 2413/4174/3075
f 2603/4415/3281 2601/4414/3280 2694/4589/3405
f 2694/4589/3405 2695/4590/3406 2603/4415/3281
f 2604/4592/3282 2696/4591/3407 2606/4421/3284
f 2606/4421/3284 2420/4420/3085 2604/4592/3282
f 2665/4594/3409 2663/4593/3408 2605/4418/3283
f 2605/4418/3283 2606/4421/3284 2665/4594/3409
f 2608/4598/3412 2607/4595/44 2697/4596/3410
f 2697/4596/3410 2698/4597/3411 2608/4598/3412
f 2609/4600/3414 2608/4598/3412 2698/4597/3411
f 2698/4597/3411 2699/4599/3413 2609/4600/3414
f 2610/4602/3416 2609/4600/3414 2699/4599/3413
f 2699/4599/3413 2700/4601/3415 2610/4602/3416
f 2611/4606/3418 2610/4603/3416 2700/4604/3415
f 2700/4604/3415 2701/4605/3417 2611/4606/3418
f 2612/4608/1334 2611/4606/3418 2701/4605/3417
f 2701/4605/3417 2702/4607/3419 2612/4608/1334
f 2613/4610/3421 2612/4608/1334 2702/4607/3419
f 2702/4607/3419 2703/4609/3420 2613/4610/3421
f 2614/4612/3423 2613/4610/3421 2703/4609/3420
f 2703/4609/3420 2704/4611/3422 2614/4612/3423
f 2615/4616/3425 2614/4613/3423 2704/4614/3422
f 2704/4614/3422 2705/4615/3424 2615/4616/3425
f 2616/4618/3427 2615/4616/3425 2705/4615/3424
f 2705/4615/3424 2706/4617/3426 2616/4618/3427
f 2617/4620/2 2616/4618/3427 2706/4617/3426
f 2706/4617/3426 2707/4619/3428 2617/4620/2
f 2708/4622/3430 2618/4621/3429 2617/4620/2
f 2617/4620/2 2707/4619/3428 2708/4622/3430
f 2709/4624/3432 2619/4623/3431 2618/4621/3429
f 2618/4621/3429 2708/4622/3430 2709/4624/3432
f 2710/4626/3434 2620/4625/3433 2619/4623/3431
f 2619/4623/3431 2709/4624/3432 2710/4626/3434
f 2711/4630/3436 2621/4627/3435 2620/4628/3433
f 2620/4628/3433 2710/4629/3434 2711/4630/3436
f 2712/4632/3437 2622/4631/922 2621/4627/3435
f 2621/4627/3435 2711/4630/3436 2712/4632/3437
f 2713/4634/3439 2623/4633/3438 2622/4631/922
f 2622/4631/922 2712/4632/3437 2713/4634/3439
f 2714/4636/3441 2624/4635/3440 2623/4633/3438
f 2623/4633/3438 2713/4634/3439 2714/4636/3441
f 2715/4640/3443 2625/4637/3442 2624/4638/3440
f 2624/4638/3440 2714/4639/3441 2715/4640/3443
f 2716/4642/3445 2626/4641/3444 2625/4637/3442
f 2625/4637/3442 2715/4640/3443 2716/4642/3445
f 2697/4596/3410 2607/4595/44 2626/4641/3444
f 2626/4641/3444 2716/4642/3445 2697/4596/3410
f 2603/4415/3281 2695/4590/3406 2628/4643/3311
f 2628/4643/3311 2627/4588/3310 2603/4415/3281
f 2695/4590/3406 2717/4644/3446 2629/4645/3312
f 2629/4645/3312 2628/4643/3311 2695/4590/3406
f 2717/4644/3446 2718/4646/3447 2630/4647/3313
f 2630/4647/3313 2629/4645/3312 2717/4644/3446
f 2718/4646/3447 2719/4648/3448 2631/4649/3314
f 2631/4649/3314 2630/4647/3313 2718/4646/3447
f 2632/4651/3315 2574/4374/3246 2666/4541/3363
f 2666/4541/3363 2633/4650/3316 2632/4651/3315
f 2663/4593/3408 2635/4481/3319 2491/4277/3160
f 2491/4277/3160 2605/4418/3283 2663/4593/3408
f 2642/4655/3452 2641/4652/3449 2720/4653/3450
f 2720/4653/3450 2721/4654/3451 2642/4655/3452
f 2642/4655/3452 2721/4654/3451 2722/4656/3453
f 2722/4656/3453 2643/4657/3454 2642/4655/3452
f 2643/4661/3454 2722/4658/3453 2723/4659/3455
f 2723/4659/3455 2644/4660/3456 2643/4661/3454
f 2644/4660/3456 2723/4659/3455 2724/4662/3457
f 2724/4662/3457 2645/4663/3458 2644/4660/3456
f 2645/4663/3458 2724/4662/3457 2725/4664/3459
f 2725/4664/3459 2646/4665/3460 2645/4663/3458
f 2725/4664/3459 2726/4666/3461 2647/4667/3462
f 2647/4667/3462 2646/4665/3460 2725/4664/3459
f 2726/4666/3461 2727/4668/3463 2648/4669/3464
f 2648/4669/3464 2647/4667/3462 2726/4666/3461
f 2727/4668/3463 2728/4658/3465 2649/4670/3466
f 2649/4670/3466 2648/4669/3464 2727/4668/3463
f 2728/4674/3465 2729/4671/3467 2650/4672/3468
f 2650/4672/3468 2649/4673/3466 2728/4674/3465
f 2730/4676/3470 2651/4675/3469 2650/4672/3468
f 2650/4672/3468 2729/4671/3467 2730/4676/3470
f 2731/4678/3472 2652/4677/3471 2651/4675/3469
f 2651/4675/3469 2730/4676/3470 2731/4678/3472
f 2732/4680/3474 2653/4679/3473 2652/4677/3471
f 2652/4677/3471 2731/4678/3472 2732/4680/3474
f 2733/4684/3476 2654/4681/3475 2653/4682/3473
f 2653/4682/3473 2732/4683/3474 2733/4684/3476
f 2734/4686/3478 2655/4685/3477 2654/4681/3475
f 2654/4681/3475 2733/4684/3476 2734/4686/3478
f 2735/4688/3480 2656/4687/3479 2655/4685/3477
f 2655/4685/3477 2734/4686/3478 2735/4688/3480
f 2657/4690/3482 2656/4687/3479 2735/4688/3480
f 2735/4688/3480 2736/4689/3481 2657/4690/3482
f 2658/4692/3484 2657/4690/3482 2736/4689/3481
f 2736/4689/3481 2737/4691/3483 2658/4692/3484
f 2659/4694/3486 2658/4692/3484 2737/4691/3483
f 2737/4691/3483 2738/4693/3485 2659/4694/3486
f 2660/4698/3488 2659/4695/3486 2738/4696/3485
f 2738/4696/3485 2739/4697/3487 2660/4698/3488
f 2641/4652/3449 2660/4698/3488 2739/4697/3487
f 2739/4697/3487 2720/4653/3450 2641/4652/3449
f 2741/4700/3490 2740/4699/3489 2668/4543/3365
f 2668/4543/3365 2667/4542/3364 2741/4700/3490
f 2740/4699/3489 2742/4701/3491 2669/4546/3368
f 2669/4546/3368 2668/4543/3365 2740/4699/3489
f 2742/4701/3491 2671/4551/3373 2670/4548/3370
f 2670/4548/3370 2669/4546/3368 2742/4701/3491
f 2672/4553/3375 2671/4552/3374 2742/4702/3492
f 2742/4702/3492 2743/4703/3492 2672/4553/3375
f 2744/4705/3494 2673/4554/3376 2672/4555/3377
f 2672/4555/3377 2743/4704/3493 2744/4705/3494
f 2745/4707/3495 2674/4559/3381 2673/4558/3380
f 2673/4558/3380 2744/4706/3495 2745/4707/3495
f 2677/4562/3384 2676/4561/3383 2746/4708/3496
f 2746/4708/3496 2747/4709/3497 2677/4562/3384
f 2749/4711/3499 2678/4563/3385 2677/4562/3384
f 2677/4562/3384 2748/4710/3498 2749/4711/3499
f 2680/4566/3387 2675/4565/3387 2678/4712/3500
f 2678/4712/3500 2750/4713/3500 2680/4566/3387
f 2751/4715/3501 2682/4714/3501 2679/4564/3386
f 2679/4564/3386 2681/4567/3386 2751/4715/3501
f 2753/4717/3503 2597/4405/3274 2682/4569/3389
f 2682/4569/3389 2752/4716/3502 2753/4717/3503
f 2683/4570/34 2598/4406/3275 2753/4717/3503
f 2753/4717/3503 2752/4716/3502 2683/4570/34
f 2685/4573/3391 2684/4572/3391 2683/4718/3504
f 2683/4718/3504 2754/4719/3504 2685/4573/3391
f 2689/4721/3505 2687/4575/3392 2686/4574/3392
f 2686/4574/3392 2755/4720/3505 2689/4721/3505
f 2757/4723/3507 2690/4579/3396 2689/4578/3395
f 2689/4578/3395 2756/4722/3506 2757/4723/3507
f 2759/4725/3509 2688/4576/3393 2690/4579/3396
f 2690/4579/3396 2758/4724/3508 2759/4725/3509
f 2692/4581/3398 2691/4580/3397 2760/4726/3510
f 2760/4726/3510 2761/4727/3511 2692/4581/3398
f 2761/4729/3513 2762/4728/3512 2693/4585/3402
f 2693/4585/3402 2692/4584/3401 2761/4729/3513
f 2763/4731/3515 2694/4587/3404 2693/4586/3403
f 2693/4586/3403 2762/4730/3514 2763/4731/3515
f 2695/4590/3406 2694/4589/3405 2763/4732/3516
f 2763/4732/3516 2717/4644/3446 2695/4590/3406
f 2698/4597/3411 2697/4596/3410 2764/4733/3517
f 2764/4733/3517 2765/4734/3518 2698/4597/3411
f 2699/4599/3413 2698/4597/3411 2765/4734/3518
f 2765/4734/3518 2766/4735/3519 2699/4599/3413
f 2700/4601/3415 2699/4599/3413 2766/4735/3519
f 2766/4735/3519 2767/4736/3520 2700/4601/3415
f 2701/4605/3417 2700/4604/3415 2767/4737/3520
f 2767/4737/3520 2768/4738/3521 2701/4605/3417
f 2702/4607/3419 2701/4605/3417 2768/4738/3521
f 2768/4738/3521 2769/4739/3522 2702/4607/3419
f 2703/4609/3420 2702/4607/3419 2769/4739/3522
f 2769/4739/3522 2770/4740/3523 2703/4609/3420
f 2704/4611/3422 2703/4609/3420 2770/4740/3523
f 2770/4740/3523 2771/4741/3524 2704/4611/3422
f 2705/4615/3424 2704/4614/3422 2771/4742/3524
f 2771/4742/3524 2772/4743/3525 2705/4615/3424
f 2706/4617/3426 2705/4615/3424 2772/4743/3525
f 2772/4743/3525 2773/4744/3526 2706/4617/3426
f 2707/4619/3428 2706/4617/3426 2773/4744/3526
f 2773/4744/3526 2774/4745/3527 2707/4619/3428
f 2775/4746/3528 2708/4622/3430 2707/4619/3428
f 2707/4619/3428 2774/4745/3527 2775/4746/3528
f 2776/4747/3529 2709/4624/3432 2708/4622/3430
f 2708/4622/3430 2775/4746/3528 2776/4747/3529
f 2777/4748/3530 2710/4626/3434 2709/4624/3432
f 2709/4624/3432 2776/4747/3529 2777/4748/3530
f 2778/4750/3531 2711/4630/3436 2710/4629/3434
f 2710/4629/3434 2777/4749/3530 2778/4750/3531
f 2779/4751/3532 2712/4632/3437 2711/4630/3436
f 2711/4630/3436 2778/4750/3531 2779/4751/3532
f 2780/4752/3533 2713/4634/3439 2712/4632/3437
f 2712/4632/3437 2779/4751/3532 2780/4752/3533
f 2781/4753/3534 2714/4636/3441 2713/4634/3439
f 2713/4634/3439 2780/4752/3533 2781/4753/3534
f 2782/4755/3535 2715/4640/3443 2714/4639/3441
f 2714/4639/3441 2781/4754/3534 2782/4755/3535
f 2783/4756/3536 2716/4642/3445 2715/4640/3443
f 2715/4640/3443 2782/4755/3535 2783/4756/3536
f 2764/4733/3517 2697/4596/3410 2716/4642/3445
f 2716/4642/3445 2783/4756/3536 2764/4733/3517
f 2717/4644/3446 2763/4732/3516 2784/4757/3537
f 2784/4757/3537 2718/4646/3447 2717/4644/3446
f 2718/4646/3447 2784/4757/3537 2741/4758/3490
f 2741/4758/3490 2719/4648/3448 2718/4646/3447
f 2721/4762/3451 2720/4759/3450 2785/4760/3538
f 2785/4760/3538 2786/4761/3539 2721/4762/3451
f 2721/4762/3451 2786/4761/3539 2787/4763/3540
f 2787/4763/3540 2722/4764/3453 2721/4762/3451
f 2722/4764/3453 2787/4763/3540 2788/4765/3541
f 2788/4765/3541 2723/4766/3455 2722/4764/3453
f 2723/4766/3455 2788/4765/3541 2789/4767/3542
f 2789/4767/3542 2724/4768/3457 2723/4766/3455
f 2724/4768/3457 2789/4767/3542 2790/4769/3543
f 2790/4769/3543 2725/4770/3459 2724/4768/3457
f 2790/4769/3543 2791/4771/3544 2726/4772/3461
f 2726/4772/3461 2725/4770/3459 2790/4769/3543
f 2791/4771/3544 2792/4773/3545 2727/4774/3463
f 2727/4774/3463 2726/4772/3461 2791/4771/3544
f 2792/4773/3545 2793/4775/3546 2728/4776/3465
f 2728/4776/3465 2727/4774/3463 2792/4773/3545
f 2793/4775/3546 2794/4777/3547 2729/4778/3467
f 2729/4778/3467 2728/4776/3465 2793/4775/3546
f 2795/4780/3548 2730/4779/3470 2729/4778/3467
f 2729/4778/3467 2794/4777/3547 2795/4780/3548
f 2796/4782/3549 2731/4781/3472 2730/4779/3470
f 2730/4779/3470 2795/4780/3548 2796/4782/3549
f 2797/4784/3550 2732/4783/3474 2731/4781/3472
f 2731/4781/3472 2796/4782/3549 2797/4784/3550
f 2798/4786/3551 2733/4785/3476 2732/4783/3474
f 2732/4783/3474 2797/4784/3550 2798/4786/3551
f 2799/4788/3552 2734/4787/3478 2733/4785/3476
f 2733/4785/3476 2798/4786/3551 2799/4788/3552
f 2800/4790/3553 2735/4789/3480 2734/4787/3478
f 2734/4787/3478 2799/4788/3552 2800/4790/3553
f 2736/4792/3481 2735/4789/3480 2800/4790/3553
f 2800/4790/3553 2801/4791/3554 2736/4792/3481
f 2737/4794/3483 2736/4792/3481 2801/4791/3554
f 2801/4791/3554 2802/4793/3555 2737/4794/3483
f 2738/4796/3485 2737/4794/3483 2802/4793/3555
f 2802/4793/3555 2803/4795/3556 2738/4796/3485
f 2739/4798/3487 2738/4796/3485 2803/4795/3556
f 2803/4795/3556 2804/4797/3557 2739/4798/3487
f 2720/4759/3450 2739/4798/3487 2804/4797/3557
f 2804/4797/3557 2785/4760/3538 2720/4759/3450
f 2719/4800/3448 2741/4700/3490 2667/4542/3364
f 2667/4542/3364 2805/4799/3558 2719/4800/3448
f 2807/4804/3559 2740/4801/3559 2741/4802/3559
f 2741/4802/3559 2806/4803/3559 2807/4804/3559
f 2743/4703/3492 2742/4702/3492 2740/4801/3559
f 2740/4801/3559 2807/4804/3559 2743/4703/3492
f 2808/4806/3561 2744/4705/3494 2743/4704/3493
f 2743/4704/3493 2807/4805/3560 2808/4806/3561
f 2809/4808/3562 2745/4707/3495 2744/4706/3495
f 2744/4706/3495 2808/4807/3562 2809/4808/3562
f 2813/4812/3566 2810/4809/3563 2811/4810/3564
f 2811/4810/3564 2812/4811/3565 2813/4812/3566
f 2816/4816/3567 2814/4813/3567 2811/4814/3568
f 2811/4814/3568 2815/4815/3568 2816/4816/3567
f 2814/4818/3570 2817/4817/3569 2747/4709/3497
f 2747/4709/3497 2746/4708/3496 2814/4818/3570
f 2817/4817/3569 2749/4711/3499 2748/4710/3498
f 2748/4710/3498 2747/4709/3497 2817/4817/3569
f 2750/4822/3500 2678/4819/3500 2749/4820/3571
f 2749/4820/3571 2818/4821/3571 2750/4822/3500
f 2822/4826/3573 2819/4823/3572 2820/4824/3572
f 2820/4824/3572 2821/4825/3573 2822/4826/3573
f 2819/4823/3572 2823/4827/3574 2824/4828/3574
f 2824/4828/3574 2820/4824/3572 2819/4823/3572
f 2823/4827/3574 2825/4829/3575 2826/4830/3575
f 2826/4830/3575 2824/4828/3574 2823/4827/3574
f 2825/4834/3575 2756/4831/3576 2827/4832/3576
f 2827/4832/3576 2826/4833/3575 2825/4834/3575
f 2756/4831/3576 2689/4721/3505 2755/4720/3505
f 2755/4720/3505 2827/4832/3576 2756/4831/3576
f 2754/4719/3504 2683/4718/3504 2752/4835/3577
f 2752/4835/3577 2828/4836/3577 2754/4719/3504
f 2828/4836/3577 2752/4835/3577 2682/4837/3501
f 2682/4837/3501 2751/4838/3501 2828/4836/3577
f 2818/4821/3571 2749/4820/3571 2817/4839/3578
f 2817/4839/3578 2829/4840/3578 2818/4821/3571
f 2829/4840/3578 2817/4839/3578 2814/4813/3567
f 2814/4813/3567 2816/4816/3567 2829/4840/3578
f 2811/4814/3568 2810/4841/3579 2830/4842/3579
f 2830/4842/3579 2815/4815/3568 2811/4814/3568
f 2810/4841/3579 2831/4843/3580 2832/4844/3580
f 2832/4844/3580 2830/4842/3579 2810/4841/3579
f 2831/4843/3580 2822/4845/3573 2821/4846/3573
f 2821/4846/3573 2832/4844/3580 2831/4843/3580
f 2758/4724/3508 2757/4723/3507 2756/4722/3506
f 2756/4722/3506 2825/4847/3581 2758/4724/3508
f 2759/4725/3509 2758/4724/3508 2825/4847/3581
f 2825/4847/3581 2823/4848/3582 2759/4725/3509
f 2834/4852/3584 2819/4849/3583 2822/4850/34
f 2822/4850/34 2833/4851/34 2834/4852/3584
f 2761/4727/3511 2760/4726/3510 2809/4853/3585
f 2809/4853/3585 2808/4854/3586 2761/4727/3511
f 2835/4855/3587 2762/4728/3512 2761/4729/3513
f 2761/4729/3513 2808/4806/3561 2835/4855/3587
f 2784/4857/3588 2763/4731/3515 2762/4730/3514
f 2762/4730/3514 2835/4856/3588 2784/4857/3588
f 2765/4861/3518 2764/4858/3517 2836/4859/3589
f 2836/4859/3589 2837/4860/3590 2765/4861/3518
f 2766/4863/3519 2765/4861/3518 2837/4860/3590
f 2837/4860/3590 2838/4862/3591 2766/4863/3519
f 2767/4865/3520 2766/4863/3519 2838/4862/3591
f 2838/4862/3591 2839/4864/3592 2767/4865/3520
f 2768/4867/3521 2767/4865/3520 2839/4864/3592
f 2839/4864/3592 2840/4866/3593 2768/4867/3521
f 2769/4869/3522 2768/4867/3521 2840/4866/3593
f 2840/4866/3593 2841/4868/3594 2769/4869/3522
f 2770/4871/3523 2769/4869/3522 2841/4868/3594
f 2841/4868/3594 2842/4870/3595 2770/4871/3523
f 2771/4873/3524 2770/4871/3523 2842/4870/3595
f 2842/4870/3595 2843/4872/3596 2771/4873/3524
f 2772/4875/3525 2771/4873/3524 2843/4872/3596
f 2843/4872/3596 2844/4874/3597 2772/4875/3525
f 2773/4877/3526 2772/4875/3525 2844/4874/3597
f 2844/4874/3597 2845/4876/3598 2773/4877/3526
f 2774/4879/3527 2773/4877/3526 2845/4876/3598
f 2845/4876/3598 2846/4878/3599 2774/4879/3527
f 2847/4881/3600 2775/4880/3528 2774/4879/3527
f 2774/4879/3527 2846/4878/3599 2847/4881/3600
f 2848/4883/3601 2776/4882/3529 2775/4880/3528
f 2775/4880/3528 2847/4881/3600 2848/4883/3601
f 2849/4885/3602 2777/4884/3530 2776/4882/3529
f 2776/4882/3529 2848/4883/3601 2849/4885/3602
f 2850/4887/3603 2778/4886/3531 2777/4884/3530
f 2777/4884/3530 2849/4885/3602 2850/4887/3603
f 2851/4889/3604 2779/4888/3532 2778/4886/3531
f 2778/4886/3531 2850/4887/3603 2851/4889/3604
f 2852/4891/3605 2780/4890/3533 2779/4888/3532
f 2779/4888/3532 2851/4889/3604 2852/4891/3605
f 2853/4893/3606 2781/4892/3534 2780/4890/3533
f 2780/4890/3533 2852/4891/3605 2853/4893/3606
f 2854/4895/3607 2782/4894/3535 2781/4892/3534
f 2781/4892/3534 2853/4893/3606 2854/4895/3607
f 2855/4897/3608 2783/4896/3536 2782/4894/3535
f 2782/4894/3535 2854/4895/3607 2855/4897/3608
f 2836/4859/3589 2764/4858/3517 2783/4896/3536
f 2783/4896/3536 2855/4897/3608 2836/4859/3589
f 2741/4899/3609 2784/4857/3588 2835/4856/3588
f 2835/4856/3588 2806/4898/3609 2741/4899/3609
f 2786/4761/3613 2785/4760/3610 2856/4900/3611
f 2856/4900/3611 2857/4901/3612 2786/4761/3613
f 2786/4761/3613 2857/4901/3612 2858/4902/3614
f 2858/4902/3614 2787/4763/3615 2786/4761/3613
f 2787/4763/3615 2858/4902/3614 2859/4903/3616
f 2859/4903/3616 2788/4765/3617 2787/4763/3615
f 2788/4765/3617 2859/4903/3616 2860/4904/3618
f 2860/4904/3618 2789/4767/3619 2788/4765/3617
f 2789/4767/3619 2860/4904/3618 2861/4905/3620
f 2861/4905/3620 2790/4769/3621 2789/4767/3619
f 2861/4905/3620 2862/4906/3622 2791/4771/3623
f 2791/4771/3623 2790/4769/3621 2861/4905/3620
f 2862/4906/3622 2863/4907/3624 2792/4773/3625
f 2792/4773/3625 2791/4771/3623 2862/4906/3622
f 2863/4907/3624 2864/4908/3626 2793/4775/3627
f 2793/4775/3627 2792/4773/3625 2863/4907/3624
f 2864/4908/3626 2865/4909/3628 2794/4777/3629
f 2794/4777/3629 2793/4775/3627 2864/4908/3626
f 2866/4910/3631 2795/4780/3630 2794/4777/3629
f 2794/4777/3629 2865/4909/3628 2866/4910/3631
f 2867/4911/3633 2796/4782/3632 2795/4780/3630
f 2795/4780/3630 2866/4910/3631 2867/4911/3633
f 2868/4912/3635 2797/4784/3634 2796/4782/3632
f 2796/4782/3632 2867/4911/3633 2868/4912/3635
f 2869/4913/3637 2798/4786/3636 2797/4784/3634
f 2797/4784/3634 2868/4912/3635 2869/4913/3637
f 2870/4914/3639 2799/4788/3638 2798/4786/3636
f 2798/4786/3636 2869/4913/3637 2870/4914/3639
f 2871/4915/3641 2800/4790/3640 2799/4788/3638
f 2799/4788/3638 2870/4914/3639 2871/4915/3641
f 2801/4791/3643 2800/4790/3640 2871/4915/3641
f 2871/4915/3641 2872/4916/3642 2801/4791/3643
f 2802/4793/3645 2801/4791/3643 2872/4916/3642
f 2872/4916/3642 2873/4917/3644 2802/4793/3645
f 2803/4795/3647 2802/4793/3645 2873/4917/3644
f 2873/4917/3644 2874/4918/3646 2803/4795/3647
f 2804/4797/3649 2803/4795/3647 2874/4918/3646
f 2874/4918/3646 2875/4919/3648 2804/4797/3649
f 2785/4760/3610 2804/4797/3649 2875/4919/3648
f 2875/4919/3648 2856/4900/3611 2785/4760/3610
f 2835/4855/3587 2808/4806/3561 2807/4805/3560
f 2807/4805/3560 2806/4920/3650 2835/4855/3587
f 2834/4852/3584 2833/4851/34 2813/4812/3566
f 2813/4812/3566 2812/4811/3565 2834/4852/3584
f 2876/4922/3652 2831/4921/3651 2810/4809/3563
f 2810/4809/3563 2813/4812/3566 2876/4922/3652
f 2833/4851/34 2822/4850/34 2831/4921/3651
f 2831/4921/3651 2876/4922/3652 2833/4851/34
f 2837/4860/3590 2836/4859/3589 2877/4923/3653
f 2877/4923/3653 2878/4924/3654 2837/4860/3590
f 2838/4862/3591 2837/4860/3590 2878/4924/3654
f 2878/4924/3654 2879/4925/3655 2838/4862/3591
f 2839/4864/3592 2838/4862/3591 2879/4925/3655
f 2879/4925/3655 2880/4926/3656 2839/4864/3592
f 2840/4866/3593 2839/4864/3592 2880/4926/3656
f 2880/4926/3656 2881/4927/3657 2840/4866/3593
f 2841/4868/3594 2840/4866/3593 2881/4927/3657
f 2881/4927/3657 2882/4928/3658 2841/4868/3594
f 2842/4870/3595 2841/4868/3594 2882/4928/3658
f 2882/4928/3658 2883/4929/3659 2842/4870/3595
f 2843/4872/3596 2842/4870/3595 2883/4929/3659
f 2883/4929/3659 2884/4930/3660 2843/4872/3596
f 2844/4874/3597 2843/4872/3596 2884/4930/3660
f 2884/4930/3660 2885/4931/3661 2844/4874/3597
f 2845/4876/3598 2844/4874/3597 2885/4931/3661
f 2885/4931/3661 2886/4932/3662 2845/4876/3598
f 2846/4878/3599 2845/4876/3598 2886/4932/3662
f 2886/4932/3662 2887/4933/3663 2846/4878/3599
f 2888/4934/3664 2847/4881/3600 2846/4878/3599
f 2846/4878/3599 2887/4933/3663 2888/4934/3664
f 2889/4935/3665 2848/4883/3601 2847/4881/3600
f 2847/4881/3600 2888/4934/3664 2889/4935/3665
f 2890/4936/3666 2849/4885/3602 2848/4883/3601
f 2848/4883/3601 2889/4935/3665 2890/4936/3666
f 2891/4937/3667 2850/4887/3603 2849/4885/3602
f 2849/4885/3602 2890/4936/3666 2891/4937/3667
f 2892/4938/3668 2851/4889/3604 2850/4887/3603
f 2850/4887/3603 2891/4937/3667 2892/4938/3668
f 2893/4939/3669 2852/4891/3605 2851/4889/3604
f 2851/4889/3604 2892/4938/3668 2893/4939/3669
f 2894/4940/3670 2853/4893/3606 2852/4891/3605
f 2852/4891/3605 2893/4939/3669 2894/4940/3670
f 2895/4941/3671 2854/4895/3607 2853/4893/3606
f 2853/4893/3606 2894/4940/3670 2895/4941/3671
f 2896/4942/3672 2855/4897/3608 2854/4895/3607
f 2854/4895/3607 2895/4941/3671 2896/4942/3672
f 2877/4923/3653 2836/4859/3589 2855/4897/3608
f 2855/4897/3608 2896/4942/3672 2877/4923/3653
f 2878/4924/3654 2877/4923/3653 2897/4943/3673
f 2897/4943/3673 2898/4944/3674 2878/4924/3654
f 2879/4925/3655 2878/4924/3654 2898/4944/3674
f 2898/4944/3674 2899/4945/3675 2879/4925/3655
f 2880/4926/3656 2879/4925/3655 2899/4945/3675
f 2899/4945/3675 2900/4946/3676 2880/4926/3656
f 2881/4927/3657 2880/4926/3656 2900/4946/3676
f 2900/4946/3676 2901/4947/3677 2881/4927/3657
f 2882/4928/3658 2881/4927/3657 2901/4947/3677
f 2901/4947/3677 2902/4948/3678 2882/4928/3658
f 2883/4929/3659 2882/4928/3658 2902/4948/3678
f 2902/4948/3678 2903/4949/3679 2883/4929/3659
f 2884/4930/3660 2883/4929/3659 2903/4949/3679
f 2903/4949/3679 2904/4950/3680 2884/4930/3660
f 2885/4931/3661 2884/4930/3660 2904/4950/3680
f 2904/4950/3680 2905/4951/3681 2885/4931/3661
f 2886/4932/3662 2885/4931/3661 2905/4951/3681
f 2905/4951/3681 2906/4952/3682 2886/4932/3662
f 2887/4933/3663 2886/4932/3662 2906/4952/3682
f 2906/4952/3682 2907/4953/3683 2887/4933/3663
f 2908/4954/3684 2888/4934/3664 2887/4933/3663
f 2887/4933/3663 2907/4953/3683 2908/4954/3684
f 2909/4955/3685 2889/4935/3665 2888/4934/3664
f 2888/4934/3664 2908/4954/3684 2909/4955/3685
f 2910/4956/3686 2890/4936/3666 2889/4935/3665
f 2889/4935/3665 2909/4955/3685 2910/4956/3686
f 2911/4957/3687 2891/4937/3667 2890/4936/3666
f 2890/4936/3666 2910/4956/3686 2911/4957/3687
f 2912/4958/3688 2892/4938/3668 2891/4937/3667
f 2891/4937/3667 2911/4957/3687 2912/4958/3688
f 2913/4959/3689 2893/4939/3669 2892/4938/3668
f 2892/4938/3668 2912/4958/3688 2913/4959/3689
f 2914/4960/3690 2894/4940/3670 2893/4939/3669
f 2893/4939/3669 2913/4959/3689 2914/4960/3690
f 2915/4961/3691 2895/4941/3671 2894/4940/3670
f 2894/4940/3670 2914/4960/3690 2915/4961/3691
f 2916/4962/3692 2896/4942/3672 2895/4941/3671
f 2895/4941/3671 2915/4961/3691 2916/4962/3692
f 2897/4943/3673 2877/4923/3653 2896/4942/3672
f 2896/4942/3672 2916/4962/3692 2897/4943/3673
f 2920/4966/3696 2917/4963/3693 2918/4964/3694
f 2918/4964/3694 2919/4965/3695 2920/4966/3696
f 2922/4968/3698 2921/4967/3697 2917/4963/3693
f 2917/4963/3693 2920/4966/3696 2922/4968/3698
f 2926/4972/3701 2923/4969/3178 2924/4970/3699
f 2924/4970/3699 2925/4971/3700 2926/4972/3701
f 2930/4976/1334 2927/4973/1334 2928/4974/3702
f 2928/4974/3702 2929/4975/3703 2930/4976/1334
f 2923/4969/3178 2931/4977/3704 2932/4978/3705
f 2932/4978/3705 2924/4970/3699 2923/4969/3178
f 2934/4980/3707 2933/4979/3706 2927/4973/1334
f 2927/4973/1334 2930/4976/1334 2934/4980/3707
f 2931/4977/3704 2935/4981/3708 2936/4982/3709
f 2936/4982/3709 2932/4978/3705 2931/4977/3704
f 2935/4986/3708 2937/4983/3710 2938/4984/3711
f 2938/4984/3711 2936/4985/3709 2935/4986/3708
f 2942/4990/3715 2939/4987/3712 2940/4988/3713
f 2940/4988/3713 2941/4989/3714 2942/4990/3715
f 2937/4983/3710 2943/4991/3716 2944/4992/3717
f 2944/4992/3717 2938/4984/3711 2937/4983/3710
f 2946/4994/3719 2945/4993/3718 2939/4987/3712
f 2939/4987/3712 2942/4990/3715 2946/4994/3719
f 2943/4991/3716 2947/4995/3720 2948/4996/3188
f 2948/4996/3188 2944/4992/3717 2943/4991/3716
f 2947/4995/3720 2949/4997/3721 2950/4998/3722
f 2950/4998/3722 2948/4996/3188 2947/4995/3720
f 2954/5002/3725 2951/4999/54 2952/5000/3723
f 2952/5000/3723 2953/5001/3724 2954/5002/3725
f 2949/5006/3721 2955/5003/3726 2956/5004/3727
f 2956/5004/3727 2950/5005/3722 2949/5006/3721
f 2955/5003/3726 2954/5002/3725 2953/5001/3724
f 2953/5001/3724 2956/5004/3727 2955/5003/3726
f 2072/3619/2666 2071/3618/2665 2090/3642/2686
f 2090/3642/2686 2082/3660/3728 2072/3619/2666
f 2080/3631/2676 2074/3630/2670 2083/3672/2680
f 2083/3672/2680 2105/3671/2703 2080/3631/2676
f 2100/3656/2696 2088/3640/2684 2099/3655/2695
f 2099/3655/2695 2142/3718/3729 2100/3656/2696
f 2111/5008/2709 2103/5007/2701 2102/3691/2700
f 2102/3691/2700 2125/3690/2726 2111/5008/2709
f 2192/3794/2801 2143/3793/3730 2123/3715/2746
f 2123/3715/2746 2141/3714/2745 2192/3794/2801
f 2193/5010/2803 2145/3721/2750 2124/3720/2725
f 2124/3720/2725 2144/5009/2749 2193/5010/2803
f 2957/5012/3731 2209/3813/2819 2208/3812/2818
f 2208/3812/2818 2204/5011/2814 2957/5012/3731
f 2186/3784/2795 2266/3985/3732 2283/3924/2906
f 2283/3924/2906 2187/3785/2796 2186/3784/2795
f 2204/5011/2814 2205/5013/2815 2958/5014/3733
f 2958/5014/3733 2957/5012/3731 2204/5011/2814
f 2959/5016/3734 2210/5015/2820 2207/3811/2817
f 2207/3811/2817 2206/3810/2816 2959/5016/3734
f 2248/3876/2867 2960/5017/3735 2959/5016/3734
f 2959/5016/3734 2206/3810/2816 2248/3876/2867
f 2277/3915/2898 2351/4052/2992 2280/4051/2901
f 2280/4051/2901 2278/3916/2899 2277/3915/2898
f 2961/5018/3736 2249/3877/2868 2209/3813/2819
f 2209/3813/2819 2957/5012/3731 2961/5018/3736
f 2205/5020/2815 2247/3992/2866 2321/3991/2957
f 2321/3991/2957 2958/5019/3733 2205/5020/2815
f 2291/3936/2919 2366/4072/3013 2960/5021/3735
f 2960/5021/3735 2248/3937/2867 2291/3936/2919
f 2250/5023/2869 2210/5015/2820 2959/5016/3734
f 2959/5016/3734 2962/5022/3737 2250/5023/2869
f 2293/4074/2921 2250/5024/2869 2962/5025/3737
f 2962/5025/3737 2368/4075/3015 2293/4074/2921
f 2264/3899/2884 2336/4026/2975 2265/4029/2885
f 2265/4029/2885 2232/3900/2846 2264/3899/2884
f 2282/3923/2905 2314/3981/2946 2350/4128/3738
f 2350/4128/3738 2311/3980/2945 2282/3923/2905
f 2957/5012/3731 2958/5014/3733 2963/5026/3739
f 2963/5026/3739 2961/5018/3736 2957/5012/3731
f 2292/3939/2920 2249/3938/2868 2961/5027/3736
f 2961/5027/3736 2488/4272/3740 2292/3939/2920
f 2325/3997/2961 2292/3939/2920 2488/4272/3740
f 2488/4272/3740 2964/5028/3741 2325/3997/2961
f 2965/5029/3742 2962/5022/3737 2959/5016/3734
f 2959/5016/3734 2960/5017/3735 2965/5029/3742
f 2317/5031/2951 2340/5030/2979 2356/4054/2999
f 2356/4054/2999 2315/4057/2948 2317/5031/2951
f 2963/5032/3739 2321/3991/2957 2322/3994/2958
f 2322/3994/2958 2397/4143/3055 2963/5032/3739
f 2384/4179/3036 2965/5033/3742 2960/5021/3735
f 2960/5021/3735 2366/4072/3013 2384/4179/3036
f 2338/4023/2977 2368/4075/3015 2965/5034/3742
f 2965/5034/3742 2384/4109/3036 2338/4023/2977
f 2353/4125/2995 2313/5035/2944 2354/5036/2996
f 2354/5036/2996 2355/4126/2997 2353/4125/2995
f 2961/5027/3736 2963/5037/3739 2397/4273/3055
f 2397/4273/3055 2488/4272/3740 2961/5027/3736
f 2365/4071/3012 2966/5038/3743 2967/5039/3744
f 2967/5039/3744 2400/4147/3058 2365/4071/3012
f 2484/4261/3149 2483/4260/3148 2968/5040/3745
f 2968/5040/3745 2463/5041/3128 2484/4261/3149
f 2571/4371/3243 2574/4374/3246 2632/4651/3315
f 2632/4651/3315 2969/5042/3746 2571/4371/3243
f 2575/4375/3367 2571/4371/3243 2969/5042/3746
f 2969/5042/3746 2970/5043/3747 2575/4375/3367
f 2463/5041/3128 2968/5040/3745 2971/5044/3748
f 2971/5044/3748 2464/5045/3129 2463/5041/3128
f 2483/4260/3148 2633/4478/3316 2972/5046/3749
f 2972/5046/3749 2968/5040/3745 2483/4260/3148
f 2464/5048/3129 2971/5047/3748 2696/4591/3407
f 2696/4591/3407 2604/4592/3282 2464/5048/3129
f 2480/5050/3145 2973/5049/3750 2482/4259/3147
f 2482/4259/3147 2481/4262/3146 2480/5050/3145
f 2973/5049/3750 2969/5051/3746 2632/4477/3315
f 2632/4477/3315 2482/4259/3147 2973/5049/3750
f 2400/4147/3058 2967/5039/3744 2974/5052/3751
f 2974/5052/3751 2497/4284/3164 2400/4147/3058
f 2972/5054/3749 2664/4539/3752 2665/4540/3409
f 2665/4540/3409 2975/5053/3753 2972/5054/3749
f 2640/4494/3330 2976/5055/3754 2664/4539/3752
f 2664/4539/3752 2666/4541/3363 2640/4494/3330
f 2497/4284/3164 2974/5052/3751 2976/5055/3754
f 2976/5055/3754 2640/4494/3330 2497/4284/3164
f 2667/4542/3364 2575/4545/3367 2970/5056/3747
f 2970/5056/3747 2805/4799/3558 2667/4542/3364
f 2631/5058/3314 2977/5057/3755 2973/5049/3750
f 2973/5049/3750 2480/5050/3145 2631/5058/3314
f 2975/5059/3753 2665/4594/3409 2606/4421/3284
f 2606/4421/3284 2696/4591/3407 2975/5059/3753
f 2666/4541/3363 2664/4539/3752 2972/5054/3749
f 2972/5054/3749 2633/4650/3316 2666/4541/3363
f 2968/5040/3745 2972/5046/3749 2975/5060/3753
f 2975/5060/3753 2971/5044/3748 2968/5040/3745
f 2719/4800/3448 2805/4799/3558 2977/5061/3755
f 2977/5061/3755 2631/5062/3314 2719/4800/3448
f 2970/5063/3747 2969/5051/3746 2973/5049/3750
f 2973/5049/3750 2977/5057/3755 2970/5063/3747
f 2953/5064/3756 2978/5065/3757 2956/5066/3758
f 2956/5066/3758 2978/5065/3757 2950/5067/44
f 2950/5067/44 2978/5065/3757 2948/5068/44
f 2083/3635/2680 2082/3634/2679 2103/5069/2701
f 2952/5070/3759 2978/5065/3757 2953/5064/3756
f 2948/5068/44 2978/5065/3757 2944/5071/44
f 2952/5070/3759 2946/5072/44 2978/5065/3757
f 2978/5065/3757 2938/5073/44 2944/5071/44
f 2946/5072/44 2942/5074/44 2978/5065/3757
f 2942/5074/44 2941/5075/44 2978/5065/3757
f 2144/5076/2749 2142/3716/2747 2143/3717/2748
f 2941/5075/44 2934/5077/44 2978/5065/3757
f 2978/5065/3757 2936/5078/44 2938/5073/44
f 2978/5065/3757 2932/5079/44 2936/5078/44
f 2934/5077/44 2930/5080/44 2978/5065/3757
f 2978/5065/3757 2925/5081/44 2924/5082/44
f 2978/5065/3757 2929/5083/44 2922/5084/44
f 2978/5065/3757 2924/5082/44 2932/5079/44
f 2978/5065/3757 2922/5084/44 2920/5085/44
f 2930/5080/44 2929/5083/44 2978/5065/3757
f 2978/5065/3757 2919/5086/44 2925/5081/44
f 2979/5087/3760 2911/4957/3687 2910/4956/3686
f 2913/4959/3689 2912/4958/3688 2979/5087/3760
f 2916/4962/3692 2915/4961/3691 2979/5087/3760
f 2978/5065/3757 2920/5085/44 2919/5086/44
f 2979/5087/3760 2906/4952/3682 2905/4951/3681
f 2979/5087/3760 2903/4949/3679 2902/4948/3678
f 2265/3901/2885 2317/5088/2951 2266/3902/2886
f 2914/4960/3690 2913/4959/3689 2979/5087/3760
f 2915/4961/3691 2914/4960/3690 2979/5087/3760
f 2898/4944/3674 2979/5087/3760 2899/4945/3675
f 2979/5087/3760 2910/4956/3686 2909/4955/3685
f 2912/4958/3688 2911/4957/3687 2979/5087/3760
f 2979/5087/3760 2908/4954/3684 2907/4953/3683
f 2875/4919/3648 2980/5089/3761 2856/4900/3611
f 2979/5087/3760 2909/4955/3685 2908/4954/3684
f 2897/4943/3673 2916/4962/3692 2979/5087/3760
f 2979/5087/3760 2907/4953/3683 2906/4952/3682
f 2979/5087/3760 2905/4951/3681 2904/4950/3680
f 2901/4947/3677 2979/5087/3760 2902/4948/3678
f 2900/4946/3676 2979/5087/3760 2901/4947/3677
f 2899/4945/3675 2979/5087/3760 2900/4946/3676
f 2871/4915/3641 2870/4914/3639 2980/5089/3761
f 2897/4943/3673 2979/5087/3760 2898/4944/3674
f 2958/5019/3733 2321/3991/2957 2963/5032/3739
f 2868/4912/3635 2867/4911/3633 2980/5089/3761
f 2874/4918/3646 2980/5089/3761 2875/4919/3648
f 2876/4922/3652 2813/4812/3566 2833/4851/34
f 2867/4911/3633 2866/4910/3631 2980/5089/3761
f 2872/4916/3642 2980/5089/3761 2873/4917/3644
f 2979/5087/3760 2904/4950/3680 2903/4949/3679
f 2870/4914/3639 2869/4913/3637 2980/5089/3761
f 2354/5090/2996 2351/4044/2992 2350/4043/2991
f 2980/5089/3761 2862/4906/3622 2861/4905/3620
f 2980/5089/3761 2861/4905/3620 2860/4904/3618
f 2869/4913/3637 2868/4912/3635 2980/5089/3761
f 2873/4917/3644 2980/5089/3761 2874/4918/3646
f 2980/5089/3761 2866/4910/3631 2865/4909/3628
f 2871/4915/3641 2980/5089/3761 2872/4916/3642
f 2368/4075/3015 2962/5025/3737 2965/5034/3742
f 2980/5089/3761 2865/4909/3628 2864/4908/3626
f 2856/4900/3611 2980/5089/3761 2857/4901/3612
f 2980/5089/3761 2863/4907/3624 2862/4906/3622
f 2980/5089/3761 2860/4904/3618 2859/4903/3616
f 2980/5089/3761 2859/4903/3616 2858/4902/3614
f 2980/5089/3761 2858/4902/3614 2857/4901/3612
f 2980/5089/3761 2864/4908/3626 2863/4907/3624
f 2805/4799/3558 2970/5056/3747 2977/5061/3755
f 2677/4562/3384 2747/4709/3497 2748/4710/3498
f 2598/4406/3275 2597/4405/3274 2753/4717/3503
f 2971/5047/3748 2975/5059/3753 2696/4591/3407
f 2690/4579/3396 2757/4723/3507 2758/4724/3508
f 2076/3625/2672 2085/3637/2681 2115/3678/2713
f 2076/3625/2672 2115/3678/2713 2951/5091/3762
f 2076/3625/2672 2951/5091/3762 2954/5092/3763
f 2076/3625/2672 2954/5092/3763 2955/5093/3764
f 2076/3625/2672 2955/5093/3764 2949/5094/3765
f 2076/3625/2672 2949/5094/3765 2947/5095/3766
f 2076/3625/2672 2947/5095/3766 2943/5096/3767
f 2926/5101/3772 2118/3681/2716 2112/3675/2710
f 2926/5101/3772 2112/3675/2710 2086/3638/2682
f 2086/3638/2682 2076/3625/2672 2943/5096/3767
f 2086/3638/2682 2943/5096/3767 2937/5097/3768
f 2086/3638/2682 2937/5097/3768 2935/5098/3769
f 2086/3638/2682 2935/5098/3769 2931/5099/3770
f 2086/3638/2682 2931/5099/3770 2923/5100/3771
f 2923/5100/3771 2926/5101/3772 2086/3638/2682
f 2147/3725/2752 2126/3724/2727 2145/3797/2750
f 2147/3725/2752 2145/3797/2750 2194/3796/2804
f 2147/3725/2752 2194/3796/2804 2196/3800/2806
f 2147/3725/2752 2196/3800/2806 2198/3802/2808
f 2147/3725/2752 2198/3802/2808 2200/3804/2810
f 2147/3725/2752 2200/3804/2810 2202/3806/2812
f 2147/3725/2752 2202/3806/2812 2204/3808/2814
f 2147/3725/2752 2204/3808/2814 2208/5102/2818
f 2208/5102/2818 2207/3817/2817 2212/3816/2822
f 2208/5102/2818 2212/3816/2822 2214/3819/2824
f 2208/5102/2818 2214/3819/2824 2216/3821/2826
f 2208/5102/2818 2216/3821/2826 2218/3823/2828
f 2208/5102/2818 2218/3823/2828 2220/3825/2830
f 2208/5102/2818 2220/3825/2830 2167/3754/2775
f 2208/5102/2818 2167/3754/2775 2147/3725/2752
f 2353/4048/2995 2357/4131/3000 2395/4130/3051
f 2353/4048/2995 2395/4130/3051 2469/4246/3134
f 2353/4048/2995 2469/4246/3134 2471/4248/3136
f 2353/4048/2995 2471/4248/3136 2473/4250/3138
f 2353/4048/2995 2473/4250/3138 2475/4252/3140
f 2353/4048/2995 2475/4252/3140 2477/4254/3142
f 2353/4048/2995 2477/4254/3142 2479/4256/3144
f 2353/4048/2995 2479/4256/3144 2481/4258/3146
f 2353/4048/2995 2481/4258/3146 2484/5103/3149
f 2484/5103/3149 2463/4239/3128 2466/4242/3131
f 2484/5103/3149 2466/4242/3131 2467/4244/3132
f 2484/5103/3149 2467/4244/3132 2416/4181/3081
f 2484/5103/3149 2416/4181/3081 2386/4111/3038
f 2484/5103/3149 2386/4111/3038 2352/4045/2993
f 2484/5103/3149 2352/4045/2993 2353/4048/2995
f 2096/3652/2692 2120/3683/2718 2981/5104/3773
f 2096/3652/2692 2981/5104/3773 2940/5105/3774
f 2096/3652/2692 2940/5105/3774 2939/5106/3764
f 2096/3652/2692 2939/5106/3764 2945/5107/3763
f 2945/5107/3763 2114/3677/2712 2096/3652/2692
f 2921/5111/3778 2982/5108/3775 2159/3743/2766
f 2159/3743/2766 2117/3680/2715 2116/3679/2714
f 2159/3743/2766 2116/3679/2714 2918/5109/3776
f 2159/3743/2766 2918/5109/3776 2917/5110/3777
f 2159/3743/2766 2917/5110/3777 2921/5111/3778
f 2120/3683/2718 2138/3709/2740 2183/3781/2792
f 2183/3781/2792 2159/3743/2766 2982/5108/3775
f 2183/3781/2792 2982/5108/3775 2928/5112/3779
f 2183/3781/2792 2928/5112/3779 2927/5113/3780
f 2183/3781/2792 2927/5113/3780 2933/5114/3781
f 2183/3781/2792 2933/5114/3781 2981/5104/3773
f 2183/3781/2792 2981/5104/3773 2120/3683/2718
f 2269/3905/2889 2188/3786/2797 2163/3787/2771
f 2269/3905/2889 2163/3787/2771 2180/5115/2788
f 2269/3905/2889 2180/5115/2788 2233/5116/2849
f 2269/3905/2889 2233/5116/2849 2272/5117/2893
f 2269/3905/2889 2272/5117/2893 2274/5118/2895
f 2269/3905/2889 2274/5118/2895 2276/5119/2897
f 2269/3905/2889 2276/5119/2897 2278/3918/2899
f 2278/3918/2899 2270/3906/2890 2269/3905/2889
f 2347/4038/2987 2285/3926/2908 2238/3929/2911
f 2347/4038/2987 2238/3929/2911 2271/5120/3782
f 2271/5120/3782 2310/4039/2988 2347/4038/2987
f 2374/5123/3785 2372/5121/3783 2373/5122/3784
f 2374/5123/3785 2373/5122/3784 2596/4404/3273
f 2596/4404/3273 2595/4403/3272 2374/5123/3785
f 2589/4390/3786 2588/4389/3786 2983/5124/3787
f 2589/4390/3786 2983/5124/3787 2364/4070/3009
f 2364/4070/3009 2401/4148/3059 2589/4390/3786
f 2573/4373/3245 2572/4372/3244 2587/4388/3788
f 2573/4373/3245 2587/4388/3788 2590/4391/3789
f 2590/4391/3789 2498/4285/3165 2573/4373/3245
f 2676/4561/3383 2405/5125/3790 2594/5126/3791
f 2676/4561/3383 2594/5126/3791 2674/5127/3792
f 2674/5127/3792 2746/4708/3496 2676/4561/3383
f 2406/5130/3795 2688/4576/3393 2759/4725/3509
f 2406/5130/3795 2759/4725/3509 2691/5128/3793
f 2691/5128/3793 2599/5129/3794 2406/5130/3795
f 2760/5133/3796 2834/4852/3584 2812/4811/3565
f 2760/5133/3796 2812/4811/3565 2745/5131/34
f 2745/5131/34 2809/5132/34 2760/5133/3796
f 2929/4975/3703 2928/4974/3702 2982/5134/3797
f 2929/4975/3703 2982/5134/3797 2921/5135/3697
f 2921/5135/3697 2922/5136/3698 2929/4975/3703
f 2941/5139/3714 2940/5137/3713 2981/5138/3798
f 2941/5139/3714 2981/5138/3798 2933/4979/3706
f 2933/4979/3706 2934/4980/3707 2941/5139/3714
f 2349/5140/3799 2432/5141/3800 2358/5142/3801
f 2432/5141/3800 2434/5143/3802 2358/5142/3801
f 2434/5143/3802 2436/5144/3803 2358/5142/3801
f 2432/5141/3800 2349/5140/3799 2430/5145/3804
f 2436/5144/3803 2438/5146/3803 2358/5142/3801
f 2430/5145/3804 2349/5140/3799 2428/5147/3804
f 2438/5146/3803 2440/5148/3805 2358/5142/3801
f 2358/5142/3801 2440/5148/3805 2393/5149/3806
f 2440/5148/3805 2442/5150/3807 2393/5149/3806
f 2442/5150/3807 2444/5151/3803 2393/5149/3806
f 2444/5151/3803 2446/5152/3804 2393/5149/3806
f 2349/5140/3799 2348/5153/3808 2428/5147/3804
f 2428/5147/3804 2348/5153/3808 2425/5154/3809
f 2425/5154/3809 2348/5153/3808 2426/5155/3804
f 2426/5155/3804 2348/5153/3808 2462/5156/3804
f 2446/5152/3804 2448/5157/3804 2393/5149/3806
f 2462/5156/3804 2348/5153/3808 2460/5158/3802
f 2448/5157/3804 2450/5159/3802 2393/5149/3806
f 2460/5158/3802 2348/5153/3808 2458/5160/3804
f 2450/5159/3802 2452/5161/3804 2393/5149/3806
f 2458/5160/3804 2348/5153/3808 2456/5162/3804
f 2348/5153/3808 2393/5149/3806 2456/5162/3804
f 2456/5162/3804 2393/5149/3806 2454/5163/3803
f 2452/5161/3804 2454/5163/3803 2393/5149/3806
f 2536/5164/3810 2983/5124/3787 2534/5165/3811
f 2534/5165/3811 2983/5124/3787 2532/5166/3812
f 2983/5124/3787 2367/4073/3813 2532/5166/3812
f 2532/5166/3812 2367/4073/3813 2530/5167/3814
f 2530/5167/3814 2367/4073/3813 2528/5168/3815
f 2528/5168/3815 2367/4073/3813 2526/5169/3816
f 2526/5169/3816 2367/4073/3813 2524/5170/3817
f 2367/4073/3813 2324/3996/3010 2524/5170/3817
f 2524/5170/3817 2324/3996/3010 2522/5171/3818
f 2522/5171/3818 2324/3996/3010 2520/5172/3819
f 2520/5172/3819 2324/3996/3010 2518/5173/3820
f 2518/5173/3820 2324/3996/3010 2515/5174/3821
f 2515/5174/3821 2324/3996/3010 2514/5175/3822
f 2536/5164/3810 2538/5176/3823 2983/5124/3787
f 2983/5124/3787 2538/5176/3823 2364/4070/3009
f 2538/5176/3823 2502/5177/3824 2364/4070/3009
f 2502/5177/3824 2501/5178/3825 2364/4070/3009
f 2501/5178/3825 2504/5179/3826 2364/4070/3009
f 2504/5179/3826 2506/5180/3827 2364/4070/3009
f 2506/5180/3827 2508/5181/3828 2364/4070/3009
f 2514/5175/3822 2324/3996/3010 2512/5182/3829
f 2508/5181/3828 2510/5183/3830 2364/4070/3009
f 2364/4070/3009 2510/5183/3830 2324/3996/3010
f 2510/5183/3830 2512/5182/3829 2324/3996/3010
f 2490/4282/3159 2362/4068/3007 2363/4069/3008
f 2490/4282/3159 2363/4069/3008 2495/5184/3831
f 2490/4282/3159 2495/5184/3831 2494/5185/3832
f 2494/5185/3832 2496/4283/3163 2490/4282/3159
f 2596/4404/3273 2373/5122/3784 2405/5125/3790
f 2596/4404/3273 2405/5125/3790 2676/4561/3383
f 2596/4404/3273 2676/4561/3383 2675/4560/3382
f 2675/4560/3382 2679/4568/3388 2596/4404/3273
f 2406/5130/3795 2374/5123/3785 2595/4403/3272
f 2406/5130/3795 2595/4403/3272 2684/4571/3390
f 2406/5130/3795 2684/4571/3390 2687/4577/3394
f 2687/4577/3394 2688/4576/3393 2406/5130/3795
f 2811/4810/3564 2814/4818/3570 2746/4708/3496
f 2811/4810/3564 2746/4708/3496 2674/5127/3792
f 2811/4810/3564 2674/5127/3792 2745/5131/34
f 2745/5131/34 2812/4811/3565 2811/4810/3564
f 2691/5128/3793 2759/4725/3509 2823/4848/3582
f 2691/5128/3793 2823/4848/3582 2819/4849/3583
f 2691/5128/3793 2819/4849/3583 2834/4852/3584
f 2834/4852/3584 2760/5133/3796 2691/5128/3793
f 2919/4965/3695 2918/4964/3694 2116/5186/3833
f 2919/4965/3695 2116/5186/3833 2118/5187/3834
f 2919/4965/3695 2118/5187/3834 2926/4972/3701
f 2926/4972/3701 2925/4971/3700 2919/4965/3695
f 2952/5000/3723 2951/4999/54 2115/5188/3835
f 2952/5000/3723 2115/5188/3835 2114/5189/3836
f 2952/5000/3723 2114/5189/3836 2945/4993/3718
f 2945/4993/3718 2946/4994/3719 2952/5000/3723
f 2566/5190/3837 2568/5191/3838 2325/3997/3011
f 2966/5038/3743 2365/4071/3012 2964/5028/3839
f 2568/5191/3838 2570/5192/3840 2325/3997/3011
f 2325/3997/3011 2570/5192/3840 2365/4071/3012
f 2570/5192/3840 2542/5193/3841 2365/4071/3012
f 2542/5193/3841 2541/5194/3842 2365/4071/3012
f 2541/5194/3842 2544/5195/3843 2365/4071/3012
f 2544/5195/3843 2546/5196/3844 2365/4071/3012
f 2546/5196/3844 2548/5197/3845 2365/4071/3012
f 2365/4071/3012 2548/5197/3845 2964/5028/3839
f 2548/5197/3845 2550/5198/3846 2964/5028/3839
f 2550/5198/3846 2552/5199/3847 2964/5028/3839
f 2552/5199/3847 2554/5200/3848 2964/5028/3839
f 2554/5200/3848 2556/5201/3849 2964/5028/3839
f 2556/5201/3849 2558/5202/3850 2964/5028/3839
f 2558/5202/3850 2560/5203/3851 2964/5028/3839
f 2566/5190/3837 2325/3997/3011 2564/5204/3852
f 2325/3997/3011 2964/5028/3839 2564/5204/3852
f 2564/5204/3852 2964/5028/3839 2562/5205/3853
f 2560/5203/3851 2562/5205/3853 2964/5028/3839
f 2572/4372/3854 2571/4371/3250 2577/4377/3249
f 2572/4372/3854 2577/4377/3249 2579/4379/3252
f 2572/4372/3854 2579/4379/3252 2581/4381/3254
f 2572/4372/3854 2581/4381/3254 2583/4383/3256
f 2572/4372/3854 2583/4383/3256 2585/4385/3258
f 2572/4372/3854 2585/4385/3258 2586/4387/3260
f 2572/4372/3854 2586/4387/3260 2415/4180/3080
f 2572/4372/3854 2415/4180/3080 2366/4072/3079
f 2572/4372/3854 2366/4072/3079 2367/4073/3854
f 2572/4372/3854 2367/4073/3854 2983/5124/3855
f 2572/4372/3854 2983/5124/3855 2588/4389/3856
f 2588/4389/3856 2587/4388/3857 2572/4372/3854
f 2495/5184/3831 2363/4069/3008 2486/5206/3858
f 2495/5184/3831 2486/5206/3858 2485/5207/3859
f 2485/5207/3859 2496/4283/3163 2494/5185/3832
f 2485/5207/3859 2494/5185/3832 2637/5208/3860
f 2485/5207/3859 2637/5208/3860 2639/5209/3861
f 2485/5207/3859 2639/5209/3861 2495/5184/3831
f 2967/5039/3864 2966/5038/3862 2964/5028/3863
f 2967/5039/3864 2964/5028/3863 2488/4272/3155
f 2967/5039/3864 2488/4272/3155 2487/4271/3154
f 2967/5039/3864 2487/4271/3154 2634/4479/3317
f 2967/5039/3864 2634/4479/3317 2661/4535/3357
f 2967/5039/3864 2661/4535/3357 2662/4537/3359
f 2967/5039/3864 2662/4537/3359 2664/4539/3361
f 2967/5039/3864 2664/4539/3361 2976/5055/3864
f 2976/5055/3864 2974/5052/3865 2967/5039/3864
f 2540/5225/3866 2539/5210/3866 2569/5211/3866
f 2540/5225/3866 2569/5211/3866 2567/5212/3866
f 2540/5225/3866 2567/5212/3866 2565/5213/3867
f 2540/5225/3866 2565/5213/3867 2563/5214/3866
f 2540/5225/3866 2563/5214/3866 2561/5215/3866
f 2540/5225/3866 2561/5215/3866 2559/5216/3867
f 2540/5225/3866 2559/5216/3867 2557/5217/3866
f 2540/5225/3866 2557/5217/3866 2555/5218/3866
f 2540/5225/3866 2555/5218/3866 2553/5219/3866
f 2540/5225/3866 2553/5219/3866 2551/5220/3867
f 2540/5225/3866 2551/5220/3867 2549/5221/3867
f 2540/5225/3866 2549/5221/3867 2547/5222/3866
f 2540/5225/3866 2547/5222/3866 2545/5223/3867
f 2545/5223/3867 2543/5224/3867 2540/5225/3866
f 2686/5245/3869 2685/5226/3868 2754/5227/3869
f 2686/5245/3869 2754/5227/3869 2828/5228/3870
f 2686/5245/3869 2828/5228/3870 2751/5229/3868
f 2686/5245/3869 2751/5229/3868 2681/5230/3871
f 2686/5245/3869 2681/5230/3871 2680/5231/3871
f 2686/5245/3869 2680/5231/3871 2750/5232/3868
f 2686/5245/3869 2750/5232/3868 2818/5233/3868
f 2686/5245/3869 2818/5233/3868 2829/5234/3868
f 2686/5245/3869 2829/5234/3868 2816/5235/3868
f 2686/5245/3869 2816/5235/3868 2815/5236/3869
f 2686/5245/3869 2815/5236/3869 2830/5237/3869
f 2686/5245/3869 2830/5237/3869 2832/5238/3868
f 2686/5245/3869 2832/5238/3868 2821/5239/3869
f 2686/5245/3869 2821/5239/3869 2820/5240/3869
f 2686/5245/3869 2820/5240/3869 2824/5241/3868
f 2686/5245/3869 2824/5241/3868 2826/5242/3868
f 2686/5245/3869 2826/5242/3868 2827/5243/3870
f 2827/5243/3870 2755/5244/3870 2686/5245/3869

# Mesh
g pCylinder24
usemtl lambert6
f 2984/5246/3872 2985/5247/3873 2986/5248/3874
f 2985/5247/3873 2987/5249/3875 2986/5248/3874
f 2987/5249/3875 2988/5250/3876 2986/5248/3874
f 2988/5250/3876 2989/5251/3877 2986/5248/3874
f 2989/5251/3877 2990/5252/3878 2986/5248/3874
f 2990/5252/3878 2991/5253/3879 2986/5248/3874
f 2991/5253/3879 2992/5254/3880 2986/5248/3874
f 2992/5254/3880 2993/5255/3881 2986/5248/3874
f 2993/5255/3881 2994/5256/3882 2986/5248/3874
f 2994/5256/3882 2995/5257/3883 2986/5248/3874
f 2995/5257/3883 2996/5258/3884 2986/5248/3874
f 2996/5258/3884 2997/5259/3885 2986/5248/3874
f 2997/5259/3885 2998/5260/3886 2986/5248/3874
f 2998/5260/3886 2999/5261/3887 2986/5248/3874
f 2999/5261/3887 3000/5262/3888 2986/5248/3874
f 3000/5262/3888 3001/5263/3889 2986/5248/3874
f 3001/5263/3889 3002/5264/3890 2986/5248/3874
f 3002/5264/3890 3003/5265/3891 2986/5248/3874
f 3003/5265/3891 3004/5266/3892 2986/5248/3874
f 3004/5266/3892 2984/5246/3872 2986/5248/3874
f 3006/5270/3894 3005/5267/3893 2984/5268/3872
f 2984/5268/3872 3004/5269/3892 3006/5270/3894
f 3008/5272/3896 3007/5271/3895 3005/5267/3893
f 3005/5267/3893 3006/5270/3894 3008/5272/3896
f 3012/5276/3900 3009/5273/3897 3010/5274/3898
f 3010/5274/3898 3011/5275/3899 3012/5276/3900
f 3011/5275/3899 3010/5274/3898 3007/5271/3895
f 3007/5271/3895 3008/5272/3896 3011/5275/3899
f 2985/5278/3873 2984/5268/3872 3005/5267/3893
f 3005/5267/3893 3013/5277/3901 2985/5278/3873
f 3013/5277/3901 3005/5267/3893 3007/5271/3895
f 3007/5271/3895 3014/5279/3902 3013/5277/3901
f 3014/5279/3902 3007/5271/3895 3010/5274/3898
f 3010/5274/3898 3015/5280/3903 3014/5279/3902
f 3015/5280/3903 3010/5274/3898 3009/5273/3897
f 3009/5273/3897 3016/5281/3904 3015/5280/3903
f 2987/5283/3875 2985/5278/3873 3013/5277/3901
f 3013/5277/3901 3017/5282/3905 2987/5283/3875
f 3017/5282/3905 3013/5277/3901 3014/5279/3902
f 3014/5279/3902 3018/5284/3906 3017/5282/3905
f 3018/5284/3906 3014/5279/3902 3015/5280/3903
f 3015/5280/3903 3019/5285/3907 3018/5284/3906
f 3019/5285/3907 3015/5280/3903 3016/5281/3904
f 3016/5281/3904 3020/5286/3908 3019/5285/3907
f 2988/5288/3876 2987/5283/3875 3017/5282/3905
f 3017/5282/3905 3021/5287/3909 2988/5288/3876
f 3021/5287/3909 3017/5282/3905 3018/5284/3906
f 3018/5284/3906 3022/5289/3910 3021/5287/3909
f 3022/5289/3910 3018/5284/3906 3019/5285/3907
f 3019/5285/3907 3023/5290/3911 3022/5289/3910
f 3023/5290/3911 3019/5285/3907 3020/5286/3908
f 3020/5286/3908 3024/5291/3912 3023/5290/3911
f 2989/5293/3877 2988/5288/3876 3021/5287/3909
f 3021/5287/3909 3025/5292/3913 2989/5293/3877
f 3025/5292/3913 3021/5287/3909 3022/5289/3910
f 3022/5289/3910 3026/5294/3914 3025/5292/3913
f 3026/5294/3914 3022/5289/3910 3023/5290/3911
f 3023/5290/3911 3027/5295/3915 3026/5294/3914
f 3027/5295/3915 3023/5290/3911 3024/5291/3912
f 3024/5291/3912 3028/5296/3916 3027/5295/3915
f 2990/5300/3878 2989/5297/3877 3025/5298/3913
f 3025/5298/3913 3029/5299/3917 2990/5300/3878
f 3029/5299/3917 3025/5298/3913 3026/5301/3914
f 3026/5301/3914 3030/5302/3918 3029/5299/3917
f 3030/5302/3918 3026/5301/3914 3027/5303/3915
f 3027/5303/3915 3031/5304/3919 3030/5302/3918
f 3031/5304/3919 3027/5303/3915 3028/5305/3916
f 3028/5305/3916 3032/5306/3920 3031/5304/3919
f 2991/5308/3879 2990/5300/3878 3029/5299/3917
f 3029/5299/3917 3033/5307/3921 2991/5308/3879
f 3033/5307/3921 3029/5299/3917 3030/5302/3918
f 3030/5302/3918 3034/5309/3922 3033/5307/3921
f 3034/5309/3922 3030/5302/3918 3031/5304/3919
f 3031/5304/3919 3035/5310/3923 3034/5309/3922
f 3035/5310/3923 3031/5304/3919 3032/5306/3920
f 3032/5306/3920 3036/5311/3924 3035/5310/3923
f 2992/5313/3880 2991/5308/3879 3033/5307/3921
f 3033/5307/3921 3037/5312/3925 2992/5313/3880
f 3037/5312/3925 3033/5307/3921 3034/5309/3922
f 3034/5309/3922 3038/5314/3926 3037/5312/3925
f 3038/5314/3926 3034/5309/3922 3035/5310/3923
f 3035/5310/3923 3039/5315/3927 3038/5314/3926
f 3039/5315/3927 3035/5310/3923 3036/5311/3924
f 3036/5311/3924 3040/5316/3928 3039/5315/3927
f 2993/5318/3881 2992/5313/3880 3037/5312/3925
f 3037/5312/3925 3041/5317/3929 2993/5318/3881
f 3041/5317/3929 3037/5312/3925 3038/5314/3926
f 3038/5314/3926 3042/5319/3930 3041/5317/3929
f 3042/5319/3930 3038/5314/3926 3039/5315/3927
f 3039/5315/3927 3043/5320/3931 3042/5319/3930
f 3043/5320/3931 3039/5315/3927 3040/5316/3928
f 3040/5316/3928 3044/5321/3932 3043/5320/3931
f 2994/5323/3882 2993/5318/3881 3041/5317/3929
f 3041/5317/3929 3045/5322/3933 2994/5323/3882
f 3045/5322/3933 3041/5317/3929 3042/5319/3930
f 3042/5319/3930 3046/5324/3934 3045/5322/3933
f 3046/5324/3934 3042/5319/3930 3043/5320/3931
f 3043/5320/3931 3047/5325/3935 3046/5324/3934
f 3047/5325/3935 3043/5320/3931 3044/5321/3932
f 3044/5321/3932 3048/5326/3936 3047/5325/3935
f 2995/5328/3883 2994/5323/3882 3045/5322/3933
f 3045/5322/3933 3049/5327/3937 2995/5328/3883
f 3049/5327/3937 3045/5322/3933 3046/5324/3934
f 3046/5324/3934 3050/5329/3938 3049/5327/3937
f 3050/5329/3938 3046/5324/3934 3047/5325/3935
f 3047/5325/3935 3051/5330/3939 3050/5329/3938
f 3051/5330/3939 3047/5325/3935 3048/5326/3936
f 3048/5326/3936 3052/5331/3940 3051/5330/3939
f 2996/5333/3884 2995/5328/3883 3049/5327/3937
f 3049/5327/3937 3053/5332/3941 2996/5333/3884
f 3053/5332/3941 3049/5327/3937 3050/5329/3938
f 3050/5329/3938 3054/5334/3942 3053/5332/3941
f 3054/5334/3942 3050/5329/3938 3051/5330/3939
f 3051/5330/3939 3055/5335/3943 3054/5334/3942
f 3055/5335/3943 3051/5330/3939 3052/5331/3940
f 3052/5331/3940 3056/5336/3944 3055/5335/3943
f 2997/5338/3885 2996/5333/3884 3053/5332/3941
f 3053/5332/3941 3057/5337/3945 2997/5338/3885
f 3057/5337/3945 3053/5332/3941 3054/5334/3942
f 3054/5334/3942 3058/5339/3946 3057/5337/3945
f 3058/5339/3946 3054/5334/3942 3055/5335/3943
f 3055/5335/3943 3059/5340/3947 3058/5339/3946
f 3059/5340/3947 3055/5335/3943 3056/5336/3944
f 3056/5336/3944 3060/5341/3948 3059/5340/3947
f 2998/5343/3886 2997/5338/3885 3057/5337/3945
f 3057/5337/3945 3061/5342/3949 2998/5343/3886
f 3061/5342/3949 3057/5337/3945 3058/5339/3946
f 3058/5339/3946 3062/5344/3950 3061/5342/3949
f 3062/5344/3950 3058/5339/3946 3059/5340/3947
f 3059/5340/3947 3063/5345/3951 3062/5344/3950
f 3063/5345/3951 3059/5340/3947 3060/5341/3948
f 3060/5341/3948 3064/5346/3952 3063/5345/3951
f 2999/5348/3887 2998/5343/3886 3061/5342/3949
f 3061/5342/3949 3065/5347/3953 2999/5348/3887
f 3065/5347/3953 3061/5342/3949 3062/5344/3950
f 3062/5344/3950 3066/5349/3954 3065/5347/3953
f 3066/5349/3954 3062/5344/3950 3063/5345/3951
f 3063/5345/3951 3067/5350/3955 3066/5349/3954
f 3067/5350/3955 3063/5345/3951 3064/5346/3952
f 3064/5346/3952 3068/5351/3956 3067/5350/3955
f 3000/5353/3888 2999/5348/3887 3065/5347/3953
f 3065/5347/3953 3069/5352/3957 3000/5353/3888
f 3069/5352/3957 3065/5347/3953 3066/5349/3954
f 3066/5349/3954 3070/5354/3958 3069/5352/3957
f 3070/5354/3958 3066/5349/3954 3067/5350/3955
f 3067/5350/3955 3071/5355/3959 3070/5354/3958
f 3071/5355/3959 3067/5350/3955 3068/5351/3956
f 3068/5351/3956 3072/5356/3960 3071/5355/3959
f 3001/5358/3889 3000/5353/3888 3069/5352/3957
f 3069/5352/3957 3073/5357/3961 3001/5358/3889
f 3073/5357/3961 3069/5352/3957 3070/5354/3958
f 3070/5354/3958 3074/5359/3962 3073/5357/3961
f 3074/5359/3962 3070/5354/3958 3071/5355/3959
f 3071/5355/3959 3075/5360/3963 3074/5359/3962
f 3075/5360/3963 3071/5355/3959 3072/5356/3960
f 3072/5356/3960 3076/5361/3964 3075/5360/3963
f 3002/5363/3890 3001/5358/3889 3073/5357/3961
f 3073/5357/3961 3077/5362/3965 3002/5363/3890
f 3077/5362/3965 3073/5357/3961 3074/5359/3962
f 3074/5359/3962 3078/5364/3966 3077/5362/3965
f 3078/5364/3966 3074/5359/3962 3075/5360/3963
f 3075/5360/3963 3079/5365/3967 3078/5364/3966
f 3079/5365/3967 3075/5360/3963 3076/5361/3964
f 3076/5361/3964 3080/5366/3968 3079/5365/3967
f 3003/5368/3891 3002/5363/3890 3077/5362/3965
f 3077/5362/3965 3081/5367/3969 3003/5368/3891
f 3081/5367/3969 3077/5362/3965 3078/5364/3966
f 3078/5364/3966 3082/5369/3970 3081/5367/3969
f 3082/5369/3970 3078/5364/3966 3079/5365/3967
f 3079/5365/3967 3083/5370/3971 3082/5369/3970
f 3083/5370/3971 3079/5365/3967 3080/5366/3968
f 3080/5366/3968 3084/5371/3972 3083/5370/3971
f 3004/5269/3892 3003/5368/3891 3081/5367/3969
f 3081/5367/3969 3006/5270/3894 3004/5269/3892
f 3006/5270/3894 3081/5367/3969 3082/5369/3970
f 3082/5369/3970 3008/5272/3896 3006/5270/3894
f 3008/5272/3896 3082/5369/3970 3083/5370/3971
f 3083/5370/3971 3011/5275/3899 3008/5272/3896
f 3011/5275/3899 3083/5370/3971 3084/5371/3972
f 3084/5371/3972 3012/5276/3900 3011/5275/3899
f 3085/5372/3973 3086/5373/3974 3087/5374/3975
f 3086/5373/3974 3088/5375/3976 3087/5374/3975
f 3088/5375/3976 3089/5376/3977 3087/5374/3975
f 3089/5376/3977 3090/5377/3978 3087/5374/3975
f 3090/5377/3978 3091/5378/3979 3087/5374/3975
f 3091/5378/3979 3092/5379/3980 3087/5374/3975
f 3092/5379/3980 3093/5380/3981 3087/5374/3975
f 3093/5380/3981 3094/5381/3982 3087/5374/3975
f 3094/5381/3982 3095/5382/3983 3087/5374/3975
f 3095/5382/3983 3096/5383/3984 3087/5374/3975
f 3096/5383/3984 3097/5384/3985 3087/5374/3975
f 3097/5384/3985 3098/5385/3986 3087/5374/3975
f 3098/5385/3986 3099/5386/3987 3087/5374/3975
f 3099/5386/3987 3100/5387/3988 3087/5374/3975
f 3100/5387/3988 3101/5388/3989 3087/5374/3975
f 3101/5388/3989 3102/5389/3990 3087/5374/3975
f 3102/5389/3990 3103/5390/3991 3087/5374/3975
f 3103/5390/3991 3104/5391/3992 3087/5374/3975
f 3104/5391/3992 3105/5392/3993 3087/5374/3975
f 3105/5392/3993 3085/5372/3973 3087/5374/3975
f 3107/5396/3995 3106/5393/3994 3085/5394/3973
f 3085/5394/3973 3105/5395/3993 3107/5396/3995
f 3109/5398/3997 3108/5397/3996 3106/5393/3994
f 3106/5393/3994 3107/5396/3995 3109/5398/3997
f 3113/5402/4001 3110/5399/3998 3111/5400/3999
f 3111/5400/3999 3112/5401/4000 3113/5402/4001
f 3112/5401/4000 3111/5400/3999 3108/5397/3996
f 3108/5397/3996 3109/5398/3997 3112/5401/4000
f 3086/5404/3974 3085/5394/3973 3106/5393/3994
f 3106/5393/3994 3114/5403/4002 3086/5404/3974
f 3114/5403/4002 3106/5393/3994 3108/5397/3996
f 3108/5397/3996 3115/5405/4003 3114/5403/4002
f 3115/5405/4003 3108/5397/3996 3111/5400/3999
f 3111/5400/3999 3116/5406/4004 3115/5405/4003
f 3116/5406/4004 3111/5400/3999 3110/5399/3998
f 3110/5399/3998 3117/5407/4005 3116/5406/4004
f 3088/5409/3976 3086/5404/3974 3114/5403/4002
f 3114/5403/4002 3118/5408/4006 3088/5409/3976
f 3118/5408/4006 3114/5403/4002 3115/5405/4003
f 3115/5405/4003 3119/5410/4007 3118/5408/4006
f 3119/5410/4007 3115/5405/4003 3116/5406/4004
f 3116/5406/4004 3120/5411/4008 3119/5410/4007
f 3120/5411/4008 3116/5406/4004 3117/5407/4005
f 3117/5407/4005 3121/5412/4009 3120/5411/4008
f 3089/5414/3977 3088/5409/3976 3118/5408/4006
f 3118/5408/4006 3122/5413/4010 3089/5414/3977
f 3122/5413/4010 3118/5408/4006 3119/5410/4007
f 3119/5410/4007 3123/5415/4011 3122/5413/4010
f 3123/5415/4011 3119/5410/4007 3120/5411/4008
f 3120/5411/4008 3124/5416/4012 3123/5415/4011
f 3124/5416/4012 3120/5411/4008 3121/5412/4009
f 3121/5412/4009 3125/5417/4013 3124/5416/4012
f 3090/5419/3978 3089/5414/3977 3122/5413/4010
f 3122/5413/4010 3126/5418/4014 3090/5419/3978
f 3126/5418/4014 3122/5413/4010 3123/5415/4011
f 3123/5415/4011 3127/5420/4015 3126/5418/4014
f 3127/5420/4015 3123/5415/4011 3124/5416/4012
f 3124/5416/4012 3128/5421/4016 3127/5420/4015
f 3128/5421/4016 3124/5416/4012 3125/5417/4013
f 3125/5417/4013 3129/5422/4017 3128/5421/4016
f 3091/5426/3979 3090/5423/3978 3126/5424/4014
f 3126/5424/4014 3130/5425/4018 3091/5426/3979
f 3130/5425/4018 3126/5424/4014 3127/5427/4015
f 3127/5427/4015 3131/5428/4019 3130/5425/4018
f 3131/5428/4019 3127/5427/4015 3128/5429/4016
f 3128/5429/4016 3132/5430/4020 3131/5428/4019
f 3132/5430/4020 3128/5429/4016 3129/5431/4017
f 3129/5431/4017 3133/5432/4021 3132/5430/4020
f 3092/5434/3980 3091/5426/3979 3130/5425/4018
f 3130/5425/4018 3134/5433/4022 3092/5434/3980
f 3134/5433/4022 3130/5425/4018 3131/5428/4019
f 3131/5428/4019 3135/5435/4023 3134/5433/4022
f 3135/5435/4023 3131/5428/4019 3132/5430/4020
f 3132/5430/4020 3136/5436/4024 3135/5435/4023
f 3136/5436/4024 3132/5430/4020 3133/5432/4021
f 3133/5432/4021 3137/5437/4025 3136/5436/4024
f 3093/5439/3981 3092/5434/3980 3134/5433/4022
f 3134/5433/4022 3138/5438/4026 3093/5439/3981
f 3138/5438/4026 3134/5433/4022 3135/5435/4023
f 3135/5435/4023 3139/5440/4027 3138/5438/4026
f 3139/5440/4027 3135/5435/4023 3136/5436/4024
f 3136/5436/4024 3140/5441/4028 3139/5440/4027
f 3140/5441/4028 3136/5436/4024 3137/5437/4025
f 3137/5437/4025 3141/5442/4029 3140/5441/4028
f 3094/5444/3982 3093/5439/3981 3138/5438/4026
f 3138/5438/4026 3142/5443/4030 3094/5444/3982
f 3142/5443/4030 3138/5438/4026 3139/5440/4027
f 3139/5440/4027 3143/5445/4031 3142/5443/4030
f 3143/5445/4031 3139/5440/4027 3140/5441/4028
f 3140/5441/4028 3144/5446/4032 3143/5445/4031
f 3144/5446/4032 3140/5441/4028 3141/5442/4029
f 3141/5442/4029 3145/5447/4033 3144/5446/4032
f 3095/5449/3983 3094/5444/3982 3142/5443/4030
f 3142/5443/4030 3146/5448/4034 3095/5449/3983
f 3146/5448/4034 3142/5443/4030 3143/5445/4031
f 3143/5445/4031 3147/5450/4035 3146/5448/4034
f 3147/5450/4035 3143/5445/4031 3144/5446/4032
f 3144/5446/4032 3148/5451/4036 3147/5450/4035
f 3148/5451/4036 3144/5446/4032 3145/5447/4033
f 3145/5447/4033 3149/5452/4037 3148/5451/4036
f 3096/5454/3984 3095/5449/3983 3146/5448/4034
f 3146/5448/4034 3150/5453/4038 3096/5454/3984
f 3150/5453/4038 3146/5448/4034 3147/5450/4035
f 3147/5450/4035 3151/5455/4039 3150/5453/4038
f 3151/5455/4039 3147/5450/4035 3148/5451/4036
f 3148/5451/4036 3152/5456/4040 3151/5455/4039
f 3152/5456/4040 3148/5451/4036 3149/5452/4037
f 3149/5452/4037 3153/5457/4041 3152/5456/4040
f 3097/5459/3985 3096/5454/3984 3150/5453/4038
f 3150/5453/4038 3154/5458/4042 3097/5459/3985
f 3154/5458/4042 3150/5453/4038 3151/5455/4039
f 3151/5455/4039 3155/5460/4043 3154/5458/4042
f 3155/5460/4043 3151/5455/4039 3152/5456/4040
f 3152/5456/4040 3156/5461/4044 3155/5460/4043
f 3156/5461/4044 3152/5456/4040 3153/5457/4041
f 3153/5457/4041 3157/5462/4045 3156/5461/4044
f 3098/5464/3986 3097/5459/3985 3154/5458/4042
f 3154/5458/4042 3158/5463/4046 3098/5464/3986
f 3158/5463/4046 3154/5458/4042 3155/5460/4043
f 3155/5460/4043 3159/5465/4047 3158/5463/4046
f 3159/5465/4047 3155/5460/4043 3156/5461/4044
f 3156/5461/4044 3160/5466/4048 3159/5465/4047
f 3160/5466/4048 3156/5461/4044 3157/5462/4045
f 3157/5462/4045 3161/5467/4049 3160/5466/4048
f 3099/5469/3987 3098/5464/3986 3158/5463/4046
f 3158/5463/4046 3162/5468/4050 3099/5469/3987
f 3162/5468/4050 3158/5463/4046 3159/5465/4047
f 3159/5465/4047 3163/5470/4051 3162/5468/4050
f 3163/5470/4051 3159/5465/4047 3160/5466/4048
f 3160/5466/4048 3164/5471/4052 3163/5470/4051
f 3164/5471/4052 3160/5466/4048 3161/5467/4049
f 3161/5467/4049 3165/5472/4053 3164/5471/4052
f 3100/5474/3988 3099/5469/3987 3162/5468/4050
f 3162/5468/4050 3166/5473/4054 3100/5474/3988
f 3166/5473/4054 3162/5468/4050 3163/5470/4051
f 3163/5470/4051 3167/5475/4055 3166/5473/4054
f 3167/5475/4055 3163/5470/4051 3164/5471/4052
f 3164/5471/4052 3168/5476/4056 3167/5475/4055
f 3168/5476/4056 3164/5471/4052 3165/5472/4053
f 3165/5472/4053 3169/5477/4057 3168/5476/4056
f 3101/5479/3989 3100/5474/3988 3166/5473/4054
f 3166/5473/4054 3170/5478/4058 3101/5479/3989
f 3170/5478/4058 3166/5473/4054 3167/5475/4055
f 3167/5475/4055 3171/5480/4059 3170/5478/4058
f 3171/5480/4059 3167/5475/4055 3168/5476/4056
f 3168/5476/4056 3172/5481/4060 3171/5480/4059
f 3172/5481/4060 3168/5476/4056 3169/5477/4057
f 3169/5477/4057 3173/5482/4061 3172/5481/4060
f 3102/5484/3990 3101/5479/3989 3170/5478/4058
f 3170/5478/4058 3174/5483/4062 3102/5484/3990
f 3174/5483/4062 3170/5478/4058 3171/5480/4059
f 3171/5480/4059 3175/5485/4063 3174/5483/4062
f 3175/5485/4063 3171/5480/4059 3172/5481/4060
f 3172/5481/4060 3176/5486/4064 3175/5485/4063
f 3176/5486/4064 3172/5481/4060 3173/5482/4061
f 3173/5482/4061 3177/5487/4065 3176/5486/4064
f 3103/5489/3991 3102/5484/3990 3174/5483/4062
f 3174/5483/4062 3178/5488/4066 3103/5489/3991
f 3178/5488/4066 3174/5483/4062 3175/5485/4063
f 3175/5485/4063 3179/5490/4067 3178/5488/4066
f 3179/5490/4067 3175/5485/4063 3176/5486/4064
f 3176/5486/4064 3180/5491/4068 3179/5490/4067
f 3180/5491/4068 3176/5486/4064 3177/5487/4065
f 3177/5487/4065 3181/5492/4069 3180/5491/4068
f 3104/5494/3992 3103/5489/3991 3178/5488/4066
f 3178/5488/4066 3182/5493/4070 3104/5494/3992
f 3182/5493/4070 3178/5488/4066 3179/5490/4067
f 3179/5490/4067 3183/5495/4071 3182/5493/4070
f 3183/5495/4071 3179/5490/4067 3180/5491/4068
f 3180/5491/4068 3184/5496/4072 3183/5495/4071
f 3184/5496/4072 3180/5491/4068 3181/5492/4069
f 3181/5492/4069 3185/5497/4073 3184/5496/4072
f 3105/5395/3993 3104/5494/3992 3182/5493/4070
f 3182/5493/4070 3107/5396/3995 3105/5395/3993
f 3107/5396/3995 3182/5493/4070 3183/5495/4071
f 3183/5495/4071 3109/5398/3997 3107/5396/3995
f 3109/5398/3997 3183/5495/4071 3184/5496/4072
f 3184/5496/4072 3112/5401/4000 3109/5398/3997
f 3112/5401/4000 3184/5496/4072 3185/5497/4073
f 3185/5497/4073 3113/5402/4001 3112/5401/4000
f 3186/5498/3973 3187/5499/3974 3188/5500/3975
f 3187/5499/3974 3189/5501/3976 3188/5500/3975
f 3189/5501/3976 3190/5502/3977 3188/5500/3975
f 3190/5502/3977 3191/5503/3978 3188/5500/3975
f 3191/5503/3978 3192/5504/3979 3188/5500/3975
f 3192/5504/3979 3193/5505/3980 3188/5500/3975
f 3193/5505/3980 3194/5506/3981 3188/5500/3975
f 3194/5506/3981 3195/5507/3982 3188/5500/3975
f 3195/5507/3982 3196/5508/3983 3188/5500/3975
f 3196/5508/3983 3197/5509/3984 3188/5500/3975
f 3197/5509/3984 3198/5510/3985 3188/5500/3975
f 3198/5510/3985 3199/5511/3986 3188/5500/3975
f 3199/5511/3986 3200/5512/3987 3188/5500/3975
f 3200/5512/3987 3201/5513/3988 3188/5500/3975
f 3201/5513/3988 3202/5514/3989 3188/5500/3975
f 3202/5514/3989 3203/5515/3990 3188/5500/3975
f 3203/5515/3990 3204/5516/3991 3188/5500/3975
f 3204/5516/3991 3205/5517/3992 3188/5500/3975
f 3205/5517/3992 3206/5518/3993 3188/5500/3975
f 3206/5518/3993 3186/5498/3973 3188/5500/3975
f 3208/5522/3995 3207/5519/3994 3186/5520/3973
f 3186/5520/3973 3206/5521/3993 3208/5522/3995
f 3210/5524/3997 3209/5523/3996 3207/5519/3994
f 3207/5519/3994 3208/5522/3995 3210/5524/3997
f 3214/5528/4001 3211/5525/3998 3212/5526/3999
f 3212/5526/3999 3213/5527/4000 3214/5528/4001
f 3213/5527/4000 3212/5526/3999 3209/5523/3996
f 3209/5523/3996 3210/5524/3997 3213/5527/4000
f 3187/5530/3974 3186/5520/3973 3207/5519/3994
f 3207/5519/3994 3215/5529/4002 3187/5530/3974
f 3215/5529/4002 3207/5519/3994 3209/5523/3996
f 3209/5523/3996 3216/5531/4003 3215/5529/4002
f 3216/5531/4003 3209/5523/3996 3212/5526/3999
f 3212/5526/3999 3217/5532/4004 3216/5531/4003
f 3217/5532/4004 3212/5526/3999 3211/5525/3998
f 3211/5525/3998 3218/5533/4005 3217/5532/4004
f 3189/5535/3976 3187/5530/3974 3215/5529/4002
f 3215/5529/4002 3219/5534/4006 3189/5535/3976
f 3219/5534/4006 3215/5529/4002 3216/5531/4003
f 3216/5531/4003 3220/5536/4007 3219/5534/4006
f 3220/5536/4007 3216/5531/4003 3217/5532/4004
f 3217/5532/4004 3221/5537/4008 3220/5536/4007
f 3221/5537/4008 3217/5532/4004 3218/5533/4005
f 3218/5533/4005 3222/5538/4009 3221/5537/4008
f 3190/5540/3977 3189/5535/3976 3219/5534/4006
f 3219/5534/4006 3223/5539/4010 3190/5540/3977
f 3223/5539/4010 3219/5534/4006 3220/5536/4007
f 3220/5536/4007 3224/5541/4011 3223/5539/4010
f 3224/5541/4011 3220/5536/4007 3221/5537/4008
f 3221/5537/4008 3225/5542/4012 3224/5541/4011
f 3225/5542/4012 3221/5537/4008 3222/5538/4009
f 3222/5538/4009 3226/5543/4013 3225/5542/4012
f 3191/5545/3978 3190/5540/3977 3223/5539/4010
f 3223/5539/4010 3227/5544/4014 3191/5545/3978
f 3227/5544/4014 3223/5539/4010 3224/5541/4011
f 3224/5541/4011 3228/5546/4015 3227/5544/4014
f 3228/5546/4015 3224/5541/4011 3225/5542/4012
f 3225/5542/4012 3229/5547/4016 3228/5546/4015
f 3229/5547/4016 3225/5542/4012 3226/5543/4013
f 3226/5543/4013 3230/5548/4017 3229/5547/4016
f 3192/5552/3979 3191/5549/3978 3227/5550/4014
f 3227/5550/4014 3231/5551/4018 3192/5552/3979
f 3231/5551/4018 3227/5550/4014 3228/5553/4015
f 3228/5553/4015 3232/5554/4019 3231/5551/4018
f 3232/5554/4019 3228/5553/4015 3229/5555/4016
f 3229/5555/4016 3233/5556/4020 3232/5554/4019
f 3233/5556/4020 3229/5555/4016 3230/5557/4017
f 3230/5557/4017 3234/5558/4021 3233/5556/4020
f 3193/5560/3980 3192/5552/3979 3231/5551/4018
f 3231/5551/4018 3235/5559/4022 3193/5560/3980
f 3235/5559/4022 3231/5551/4018 3232/5554/4019
f 3232/5554/4019 3236/5561/4023 3235/5559/4022
f 3236/5561/4023 3232/5554/4019 3233/5556/4020
f 3233/5556/4020 3237/5562/4024 3236/5561/4023
f 3237/5562/4024 3233/5556/4020 3234/5558/4021
f 3234/5558/4021 3238/5563/4025 3237/5562/4024
f 3194/5565/3981 3193/5560/3980 3235/5559/4022
f 3235/5559/4022 3239/5564/4026 3194/5565/3981
f 3239/5564/4026 3235/5559/4022 3236/5561/4023
f 3236/5561/4023 3240/5566/4027 3239/5564/4026
f 3240/5566/4027 3236/5561/4023 3237/5562/4024
f 3237/5562/4024 3241/5567/4028 3240/5566/4027
f 3241/5567/4028 3237/5562/4024 3238/5563/4025
f 3238/5563/4025 3242/5568/4029 3241/5567/4028
f 3195/5570/3982 3194/5565/3981 3239/5564/4026
f 3239/5564/4026 3243/5569/4030 3195/5570/3982
f 3243/5569/4030 3239/5564/4026 3240/5566/4027
f 3240/5566/4027 3244/5571/4031 3243/5569/4030
f 3244/5571/4031 3240/5566/4027 3241/5567/4028
f 3241/5567/4028 3245/5572/4032 3244/5571/4031
f 3245/5572/4032 3241/5567/4028 3242/5568/4029
f 3242/5568/4029 3246/5573/4033 3245/5572/4032
f 3196/5575/3983 3195/5570/3982 3243/5569/4030
f 3243/5569/4030 3247/5574/4034 3196/5575/3983
f 3247/5574/4034 3243/5569/4030 3244/5571/4031
f 3244/5571/4031 3248/5576/4035 3247/5574/4034
f 3248/5576/4035 3244/5571/4031 3245/5572/4032
f 3245/5572/4032 3249/5577/4036 3248/5576/4035
f 3249/5577/4036 3245/5572/4032 3246/5573/4033
f 3246/5573/4033 3250/5578/4037 3249/5577/4036
f 3197/5580/3984 3196/5575/3983 3247/5574/4034
f 3247/5574/4034 3251/5579/4038 3197/5580/3984
f 3251/5579/4038 3247/5574/4034 3248/5576/4035
f 3248/5576/4035 3252/5581/4039 3251/5579/4038
f 3252/5581/4039 3248/5576/4035 3249/5577/4036
f 3249/5577/4036 3253/5582/4040 3252/5581/4039
f 3253/5582/4040 3249/5577/4036 3250/5578/4037
f 3250/5578/4037 3254/5583/4041 3253/5582/4040
f 3198/5585/3985 3197/5580/3984 3251/5579/4038
f 3251/5579/4038 3255/5584/4042 3198/5585/3985
f 3255/5584/4042 3251/5579/4038 3252/5581/4039
f 3252/5581/4039 3256/5586/4043 3255/5584/4042
f 3256/5586/4043 3252/5581/4039 3253/5582/4040
f 3253/5582/4040 3257/5587/4044 3256/5586/4043
f 3257/5587/4044 3253/5582/4040 3254/5583/4041
f 3254/5583/4041 3258/5588/4045 3257/5587/4044
f 3199/5590/3986 3198/5585/3985 3255/5584/4042
f 3255/5584/4042 3259/5589/4046 3199/5590/3986
f 3259/5589/4046 3255/5584/4042 3256/5586/4043
f 3256/5586/4043 3260/5591/4047 3259/5589/4046
f 3260/5591/4047 3256/5586/4043 3257/5587/4044
f 3257/5587/4044 3261/5592/4048 3260/5591/4047
f 3261/5592/4048 3257/5587/4044 3258/5588/4045
f 3258/5588/4045 3262/5593/4049 3261/5592/4048
f 3200/5595/3987 3199/5590/3986 3259/5589/4046
f 3259/5589/4046 3263/5594/4050 3200/5595/3987
f 3263/5594/4050 3259/5589/4046 3260/5591/4047
f 3260/5591/4047 3264/5596/4051 3263/5594/4050
f 3264/5596/4051 3260/5591/4047 3261/5592/4048
f 3261/5592/4048 3265/5597/4052 3264/5596/4051
f 3265/5597/4052 3261/5592/4048 3262/5593/4049
f 3262/5593/4049 3266/5598/4053 3265/5597/4052
f 3201/5600/3988 3200/5595/3987 3263/5594/4050
f 3263/5594/4050 3267/5599/4054 3201/5600/3988
f 3267/5599/4054 3263/5594/4050 3264/5596/4051
f 3264/5596/4051 3268/5601/4055 3267/5599/4054
f 3268/5601/4055 3264/5596/4051 3265/5597/4052
f 3265/5597/4052 3269/5602/4056 3268/5601/4055
f 3269/5602/4056 3265/5597/4052 3266/5598/4053
f 3266/5598/4053 3270/5603/4057 3269/5602/4056
f 3202/5605/3989 3201/5600/3988 3267/5599/4054
f 3267/5599/4054 3271/5604/4058 3202/5605/3989
f 3271/5604/4058 3267/5599/4054 3268/5601/4055
f 3268/5601/4055 3272/5606/4059 3271/5604/4058
f 3272/5606/4059 3268/5601/4055 3269/5602/4056
f 3269/5602/4056 3273/5607/4060 3272/5606/4059
f 3273/5607/4060 3269/5602/4056 3270/5603/4057
f 3270/5603/4057 3274/5608/4061 3273/5607/4060
f 3203/5610/3990 3202/5605/3989 3271/5604/4058
f 3271/5604/4058 3275/5609/4062 3203/5610/3990
f 3275/5609/4062 3271/5604/4058 3272/5606/4059
f 3272/5606/4059 3276/5611/4063 3275/5609/4062
f 3276/5611/4063 3272/5606/4059 3273/5607/4060
f 3273/5607/4060 3277/5612/4064 3276/5611/4063
f 3277/5612/4064 3273/5607/4060 3274/5608/4061
f 3274/5608/4061 3278/5613/4065 3277/5612/4064
f 3204/5615/3991 3203/5610/3990 3275/5609/4062
f 3275/5609/4062 3279/5614/4066 3204/5615/3991
f 3279/5614/4066 3275/5609/4062 3276/5611/4063
f 3276/5611/4063 3280/5616/4067 3279/5614/4066
f 3280/5616/4067 3276/5611/4063 3277/5612/4064
f 3277/5612/4064 3281/5617/4068 3280/5616/4067
f 3281/5617/4068 3277/5612/4064 3278/5613/4065
f 3278/5613/4065 3282/5618/4069 3281/5617/4068
f 3205/5620/3992 3204/5615/3991 3279/5614/4066
f 3279/5614/4066 3283/5619/4070 3205/5620/3992
f 3283/5619/4070 3279/5614/4066 3280/5616/4067
f 3280/5616/4067 3284/5621/4071 3283/5619/4070
f 3284/5621/4071 3280/5616/4067 3281/5617/4068
f 3281/5617/4068 3285/5622/4072 3284/5621/4071
f 3285/5622/4072 3281/5617/4068 3282/5618/4069
f 3282/5618/4069 3286/5623/4073 3285/5622/4072
f 3206/5521/3993 3205/5620/3992 3283/5619/4070
f 3283/5619/4070 3208/5522/3995 3206/5521/3993
f 3208/5522/3995 3283/5619/4070 3284/5621/4071
f 3284/5621/4071 3210/5524/3997 3208/5522/3995
f 3210/5524/3997 3284/5621/4071 3285/5622/4072
f 3285/5622/4072 3213/5527/4000 3210/5524/3997
f 3213/5527/4000 3285/5622/4072 3286/5623/4073
f 3286/5623/4073 3214/5528/4001 3213/5527/4000
f 3287/5624/4074 3288/5625/4075 3289/5626/4076
f 3288/5625/4075 3290/5627/4077 3289/5626/4076
f 3290/5627/4077 3291/5628/4078 3289/5626/4076
f 3291/5628/4078 3292/5629/4079 3289/5626/4076
f 3292/5629/4079 3293/5630/4080 3289/5626/4076
f 3293/5630/4080 3294/5631/4081 3289/5626/4076
f 3294/5631/4081 3295/5632/4082 3289/5626/4076
f 3295/5632/4082 3296/5633/4083 3289/5626/4076
f 3296/5633/4083 3297/5634/4084 3289/5626/4076
f 3297/5634/4084 3298/5635/4085 3289/5626/4076
f 3298/5635/4085 3299/5636/4086 3289/5626/4076
f 3299/5636/4086 3300/5637/4087 3289/5626/4076
f 3300/5637/4087 3301/5638/4088 3289/5626/4076
f 3301/5638/4088 3302/5639/4089 3289/5626/4076
f 3302/5639/4089 3303/5640/4090 3289/5626/4076
f 3303/5640/4090 3304/5641/4091 3289/5626/4076
f 3304/5641/4091 3305/5642/4092 3289/5626/4076
f 3305/5642/4092 3306/5643/4093 3289/5626/4076
f 3306/5643/4093 3307/5644/4094 3289/5626/4076
f 3307/5644/4094 3287/5624/4074 3289/5626/4076
f 3309/5648/4096 3308/5645/4095 3287/5646/4074
f 3287/5646/4074 3307/5647/4094 3309/5648/4096
f 3311/5650/4098 3310/5649/4097 3308/5645/4095
f 3308/5645/4095 3309/5648/4096 3311/5650/4098
f 3315/5654/4102 3312/5651/4099 3313/5652/4100
f 3313/5652/4100 3314/5653/4101 3315/5654/4102
f 3314/5653/4101 3313/5652/4100 3310/5649/4097
f 3310/5649/4097 3311/5650/4098 3314/5653/4101
f 3288/5656/4075 3287/5646/4074 3308/5645/4095
f 3308/5645/4095 3316/5655/4103 3288/5656/4075
f 3316/5655/4103 3308/5645/4095 3310/5649/4097
f 3310/5649/4097 3317/5657/4104 3316/5655/4103
f 3317/5657/4104 3310/5649/4097 3313/5652/4100
f 3313/5652/4100 3318/5658/4105 3317/5657/4104
f 3318/5658/4105 3313/5652/4100 3312/5651/4099
f 3312/5651/4099 3319/5659/4106 3318/5658/4105
f 3290/5661/4077 3288/5656/4075 3316/5655/4103
f 3316/5655/4103 3320/5660/4107 3290/5661/4077
f 3320/5660/4107 3316/5655/4103 3317/5657/4104
f 3317/5657/4104 3321/5662/4108 3320/5660/4107
f 3321/5662/4108 3317/5657/4104 3318/5658/4105
f 3318/5658/4105 3322/5663/4109 3321/5662/4108
f 3322/5663/4109 3318/5658/4105 3319/5659/4106
f 3319/5659/4106 3323/5664/4110 3322/5663/4109
f 3291/5666/4078 3290/5661/4077 3320/5660/4107
f 3320/5660/4107 3324/5665/4111 3291/5666/4078
f 3324/5665/4111 3320/5660/4107 3321/5662/4108
f 3321/5662/4108 3325/5667/4112 3324/5665/4111
f 3325/5667/4112 3321/5662/4108 3322/5663/4109
f 3322/5663/4109 3326/5668/4113 3325/5667/4112
f 3326/5668/4113 3322/5663/4109 3323/5664/4110
f 3323/5664/4110 3327/5669/4114 3326/5668/4113
f 3292/5671/4079 3291/5666/4078 3324/5665/4111
f 3324/5665/4111 3328/5670/4115 3292/5671/4079
f 3328/5670/4115 3324/5665/4111 3325/5667/4112
f 3325/5667/4112 3329/5672/4116 3328/5670/4115
f 3329/5672/4116 3325/5667/4112 3326/5668/4113
f 3326/5668/4113 3330/5673/4117 3329/5672/4116
f 3330/5673/4117 3326/5668/4113 3327/5669/4114
f 3327/5669/4114 3331/5674/4118 3330/5673/4117
f 3293/5678/4080 3292/5675/4079 3328/5676/4115
f 3328/5676/4115 3332/5677/4119 3293/5678/4080
f 3332/5677/4119 3328/5676/4115 3329/5679/4116
f 3329/5679/4116 3333/5680/4120 3332/5677/4119
f 3333/5680/4120 3329/5679/4116 3330/5681/4117
f 3330/5681/4117 3334/5682/4121 3333/5680/4120
f 3334/5682/4121 3330/5681/4117 3331/5683/4118
f 3331/5683/4118 3335/5684/4122 3334/5682/4121
f 3294/5686/4081 3293/5678/4080 3332/5677/4119
f 3332/5677/4119 3336/5685/4123 3294/5686/4081
f 3336/5685/4123 3332/5677/4119 3333/5680/4120
f 3333/5680/4120 3337/5687/4124 3336/5685/4123
f 3337/5687/4124 3333/5680/4120 3334/5682/4121
f 3334/5682/4121 3338/5688/4125 3337/5687/4124
f 3338/5688/4125 3334/5682/4121 3335/5684/4122
f 3335/5684/4122 3339/5689/4126 3338/5688/4125
f 3295/5691/4082 3294/5686/4081 3336/5685/4123
f 3336/5685/4123 3340/5690/4127 3295/5691/4082
f 3340/5690/4127 3336/5685/4123 3337/5687/4124
f 3337/5687/4124 3341/5692/4128 3340/5690/4127
f 3341/5692/4128 3337/5687/4124 3338/5688/4125
f 3338/5688/4125 3342/5693/4129 3341/5692/4128
f 3342/5693/4129 3338/5688/4125 3339/5689/4126
f 3339/5689/4126 3343/5694/4130 3342/5693/4129
f 3296/5696/4083 3295/5691/4082 3340/5690/4127
f 3340/5690/4127 3344/5695/4131 3296/5696/4083
f 3344/5695/4131 3340/5690/4127 3341/5692/4128
f 3341/5692/4128 3345/5697/4132 3344/5695/4131
f 3345/5697/4132 3341/5692/4128 3342/5693/4129
f 3342/5693/4129 3346/5698/4133 3345/5697/4132
f 3346/5698/4133 3342/5693/4129 3343/5694/4130
f 3343/5694/4130 3347/5699/4134 3346/5698/4133
f 3297/5701/4084 3296/5696/4083 3344/5695/4131
f 3344/5695/4131 3348/5700/4135 3297/5701/4084
f 3348/5700/4135 3344/5695/4131 3345/5697/4132
f 3345/5697/4132 3349/5702/4136 3348/5700/4135
f 3349/5702/4136 3345/5697/4132 3346/5698/4133
f 3346/5698/4133 3350/5703/4137 3349/5702/4136
f 3350/5703/4137 3346/5698/4133 3347/5699/4134
f 3347/5699/4134 3351/5704/4138 3350/5703/4137
f 3298/5706/4085 3297/5701/4084 3348/5700/4135
f 3348/5700/4135 3352/5705/4139 3298/5706/4085
f 3352/5705/4139 3348/5700/4135 3349/5702/4136
f 3349/5702/4136 3353/5707/4140 3352/5705/4139
f 3353/5707/4140 3349/5702/4136 3350/5703/4137
f 3350/5703/4137 3354/5708/4141 3353/5707/4140
f 3354/5708/4141 3350/5703/4137 3351/5704/4138
f 3351/5704/4138 3355/5709/4142 3354/5708/4141
f 3299/5711/4086 3298/5706/4085 3352/5705/4139
f 3352/5705/4139 3356/5710/4143 3299/5711/4086
f 3356/5710/4143 3352/5705/4139 3353/5707/4140
f 3353/5707/4140 3357/5712/4144 3356/5710/4143
f 3357/5712/4144 3353/5707/4140 3354/5708/4141
f 3354/5708/4141 3358/5713/4145 3357/5712/4144
f 3358/5713/4145 3354/5708/4141 3355/5709/4142
f 3355/5709/4142 3359/5714/4146 3358/5713/4145
f 3300/5716/4087 3299/5711/4086 3356/5710/4143
f 3356/5710/4143 3360/5715/4147 3300/5716/4087
f 3360/5715/4147 3356/5710/4143 3357/5712/4144
f 3357/5712/4144 3361/5717/4148 3360/5715/4147
f 3361/5717/4148 3357/5712/4144 3358/5713/4145
f 3358/5713/4145 3362/5718/4149 3361/5717/4148
f 3362/5718/4149 3358/5713/4145 3359/5714/4146
f 3359/5714/4146 3363/5719/4150 3362/5718/4149
f 3301/5721/4088 3300/5716/4087 3360/5715/4147
f 3360/5715/4147 3364/5720/4151 3301/5721/4088
f 3364/5720/4151 3360/5715/4147 3361/5717/4148
f 3361/5717/4148 3365/5722/4152 3364/5720/4151
f 3365/5722/4152 3361/5717/4148 3362/5718/4149
f 3362/5718/4149 3366/5723/4153 3365/5722/4152
f 3366/5723/4153 3362/5718/4149 3363/5719/4150
f 3363/5719/4150 3367/5724/4154 3366/5723/4153
f 3302/5726/4089 3301/5721/4088 3364/5720/4151
f 3364/5720/4151 3368/5725/4155 3302/5726/4089
f 3368/5725/4155 3364/5720/4151 3365/5722/4152
f 3365/5722/4152 3369/5727/4156 3368/5725/4155
f 3369/5727/4156 3365/5722/4152 3366/5723/4153
f 3366/5723/4153 3370/5728/4157 3369/5727/4156
f 3370/5728/4157 3366/5723/4153 3367/5724/4154
f 3367/5724/4154 3371/5729/4158 3370/5728/4157
f 3303/5731/4090 3302/5726/4089 3368/5725/4155
f 3368/5725/4155 3372/5730/4159 3303/5731/4090
f 3372/5730/4159 3368/5725/4155 3369/5727/4156
f 3369/5727/4156 3373/5732/4160 3372/5730/4159
f 3373/5732/4160 3369/5727/4156 3370/5728/4157
f 3370/5728/4157 3374/5733/4161 3373/5732/4160
f 3374/5733/4161 3370/5728/4157 3371/5729/4158
f 3371/5729/4158 3375/5734/4162 3374/5733/4161
f 3304/5736/4091 3303/5731/4090 3372/5730/4159
f 3372/5730/4159 3376/5735/4163 3304/5736/4091
f 3376/5735/4163 3372/5730/4159 3373/5732/4160
f 3373/5732/4160 3377/5737/4164 3376/5735/4163
f 3377/5737/4164 3373/5732/4160 3374/5733/4161
f 3374/5733/4161 3378/5738/4165 3377/5737/4164
f 3378/5738/4165 3374/5733/4161 3375/5734/4162
f 3375/5734/4162 3379/5739/4166 3378/5738/4165
f 3305/5741/4092 3304/5736/4091 3376/5735/4163
f 3376/5735/4163 3380/5740/4167 3305/5741/4092
f 3380/5740/4167 3376/5735/4163 3377/5737/4164
f 3377/5737/4164 3381/5742/4168 3380/5740/4167
f 3381/5742/4168 3377/5737/4164 3378/5738/4165
f 3378/5738/4165 3382/5743/4169 3381/5742/4168
f 3382/5743/4169 3378/5738/4165 3379/5739/4166
f 3379/5739/4166 3383/5744/4170 3382/5743/4169
f 3306/5746/4093 3305/5741/4092 3380/5740/4167
f 3380/5740/4167 3384/5745/4171 3306/5746/4093
f 3384/5745/4171 3380/5740/4167 3381/5742/4168
f 3381/5742/4168 3385/5747/4172 3384/5745/4171
f 3385/5747/4172 3381/5742/4168 3382/5743/4169
f 3382/5743/4169 3386/5748/4173 3385/5747/4172
f 3386/5748/4173 3382/5743/4169 3383/5744/4170
f 3383/5744/4170 3387/5749/4174 3386/5748/4173
f 3307/5647/4094 3306/5746/4093 3384/5745/4171
f 3384/5745/4171 3309/5648/4096 3307/5647/4094
f 3309/5648/4096 3384/5745/4171 3385/5747/4172
f 3385/5747/4172 3311/5650/4098 3309/5648/4096
f 3311/5650/4098 3385/5747/4172 3386/5748/4173
f 3386/5748/4173 3314/5653/4101 3311/5650/4098
f 3314/5653/4101 3386/5748/4173 3387/5749/4174
f 3387/5749/4174 3315/5654/4102 3314/5653/4101
f 3388/5750/4074 3389/5751/4075 3390/5752/4076
f 3389/5751/4075 3391/5753/4077 3390/5752/4076
f 3391/5753/4077 3392/5754/4078 3390/5752/4076
f 3392/5754/4078 3393/5755/4079 3390/5752/4076
f 3393/5755/4079 3394/5756/4080 3390/5752/4076
f 3394/5756/4080 3395/5757/4081 3390/5752/4076
f 3395/5757/4081 3396/5758/4082 3390/5752/4076
f 3396/5758/4082 3397/5759/4083 3390/5752/4076
f 3397/5759/4083 3398/5760/4084 3390/5752/4076
f 3398/5760/4084 3399/5761/4085 3390/5752/4076
f 3399/5761/4085 3400/5762/4086 3390/5752/4076
f 3400/5762/4086 3401/5763/4087 3390/5752/4076
f 3401/5763/4087 3402/5764/4088 3390/5752/4076
f 3402/5764/4088 3403/5765/4089 3390/5752/4076
f 3403/5765/4089 3404/5766/4090 3390/5752/4076
f 3404/5766/4090 3405/5767/4091 3390/5752/4076
f 3405/5767/4091 3406/5768/4092 3390/5752/4076
f 3406/5768/4092 3407/5769/4093 3390/5752/4076
f 3407/5769/4093 3408/5770/4094 3390/5752/4076
f 3408/5770/4094 3388/5750/4074 3390/5752/4076
f 3410/5774/4096 3409/5771/4095 3388/5772/4074
f 3388/5772/4074 3408/5773/4094 3410/5774/4096
f 3412/5776/4098 3411/5775/4097 3409/5771/4095
f 3409/5771/4095 3410/5774/4096 3412/5776/4098
f 3416/5780/4102 3413/5777/4099 3414/5778/4100
f 3414/5778/4100 3415/5779/4101 3416/5780/4102
f 3415/5779/4101 3414/5778/4100 3411/5775/4097
f 3411/5775/4097 3412/5776/4098 3415/5779/4101
f 3389/5782/4075 3388/5772/4074 3409/5771/4095
f 3409/5771/4095 3417/5781/4103 3389/5782/4075
f 3417/5781/4103 3409/5771/4095 3411/5775/4097
f 3411/5775/4097 3418/5783/4104 3417/5781/4103
f 3418/5783/4104 3411/5775/4097 3414/5778/4100
f 3414/5778/4100 3419/5784/4105 3418/5783/4104
f 3419/5784/4105 3414/5778/4100 3413/5777/4099
f 3413/5777/4099 3420/5785/4106 3419/5784/4105
f 3391/5787/4077 3389/5782/4075 3417/5781/4103
f 3417/5781/4103 3421/5786/4107 3391/5787/4077
f 3421/5786/4107 3417/5781/4103 3418/5783/4104
f 3418/5783/4104 3422/5788/4108 3421/5786/4107
f 3422/5788/4108 3418/5783/4104 3419/5784/4105
f 3419/5784/4105 3423/5789/4109 3422/5788/4108
f 3423/5789/4109 3419/5784/4105 3420/5785/4106
f 3420/5785/4106 3424/5790/4110 3423/5789/4109
f 3392/5792/4078 3391/5787/4077 3421/5786/4107
f 3421/5786/4107 3425/5791/4111 3392/5792/4078
f 3425/5791/4111 3421/5786/4107 3422/5788/4108
f 3422/5788/4108 3426/5793/4112 3425/5791/4111
f 3426/5793/4112 3422/5788/4108 3423/5789/4109
f 3423/5789/4109 3427/5794/4113 3426/5793/4112
f 3427/5794/4113 3423/5789/4109 3424/5790/4110
f 3424/5790/4110 3428/5795/4114 3427/5794/4113
f 3393/5797/4079 3392/5792/4078 3425/5791/4111
f 3425/5791/4111 3429/5796/4115 3393/5797/4079
f 3429/5796/4115 3425/5791/4111 3426/5793/4112
f 3426/5793/4112 3430/5798/4116 3429/5796/4115
f 3430/5798/4116 3426/5793/4112 3427/5794/4113
f 3427/5794/4113 3431/5799/4117 3430/5798/4116
f 3431/5799/4117 3427/5794/4113 3428/5795/4114
f 3428/5795/4114 3432/5800/4118 3431/5799/4117
f 3394/5804/4080 3393/5801/4079 3429/5802/4115
f 3429/5802/4115 3433/5803/4119 3394/5804/4080
f 3433/5803/4119 3429/5802/4115 3430/5805/4116
f 3430/5805/4116 3434/5806/4120 3433/5803/4119
f 3434/5806/4120 3430/5805/4116 3431/5807/4117
f 3431/5807/4117 3435/5808/4121 3434/5806/4120
f 3435/5808/4121 3431/5807/4117 3432/5809/4118
f 3432/5809/4118 3436/5810/4122 3435/5808/4121
f 3395/5812/4081 3394/5804/4080 3433/5803/4119
f 3433/5803/4119 3437/5811/4123 3395/5812/4081
f 3437/5811/4123 3433/5803/4119 3434/5806/4120
f 3434/5806/4120 3438/5813/4124 3437/5811/4123
f 3438/5813/4124 3434/5806/4120 3435/5808/4121
f 3435/5808/4121 3439/5814/4125 3438/5813/4124
f 3439/5814/4125 3435/5808/4121 3436/5810/4122
f 3436/5810/4122 3440/5815/4126 3439/5814/4125
f 3396/5817/4082 3395/5812/4081 3437/5811/4123
f 3437/5811/4123 3441/5816/4127 3396/5817/4082
f 3441/5816/4127 3437/5811/4123 3438/5813/4124
f 3438/5813/4124 3442/5818/4128 3441/5816/4127
f 3442/5818/4128 3438/5813/4124 3439/5814/4125
f 3439/5814/4125 3443/5819/4129 3442/5818/4128
f 3443/5819/4129 3439/5814/4125 3440/5815/4126
f 3440/5815/4126 3444/5820/4130 3443/5819/4129
f 3397/5822/4083 3396/5817/4082 3441/5816/4127
f 3441/5816/4127 3445/5821/4131 3397/5822/4083
f 3445/5821/4131 3441/5816/4127 3442/5818/4128
f 3442/5818/4128 3446/5823/4132 3445/5821/4131
f 3446/5823/4132 3442/5818/4128 3443/5819/4129
f 3443/5819/4129 3447/5824/4133 3446/5823/4132
f 3447/5824/4133 3443/5819/4129 3444/5820/4130
f 3444/5820/4130 3448/5825/4134 3447/5824/4133
f 3398/5827/4084 3397/5822/4083 3445/5821/4131
f 3445/5821/4131 3449/5826/4135 3398/5827/4084
f 3449/5826/4135 3445/5821/4131 3446/5823/4132
f 3446/5823/4132 3450/5828/4136 3449/5826/4135
f 3450/5828/4136 3446/5823/4132 3447/5824/4133
f 3447/5824/4133 3451/5829/4137 3450/5828/4136
f 3451/5829/4137 3447/5824/4133 3448/5825/4134
f 3448/5825/4134 3452/5830/4138 3451/5829/4137
f 3399/5832/4085 3398/5827/4084 3449/5826/4135
f 3449/5826/4135 3453/5831/4139 3399/5832/4085
f 3453/5831/4139 3449/5826/4135 3450/5828/4136
f 3450/5828/4136 3454/5833/4140 3453/5831/4139
f 3454/5833/4140 3450/5828/4136 3451/5829/4137
f 3451/5829/4137 3455/5834/4141 3454/5833/4140
f 3455/5834/4141 3451/5829/4137 3452/5830/4138
f 3452/5830/4138 3456/5835/4142 3455/5834/4141
f 3400/5837/4086 3399/5832/4085 3453/5831/4139
f 3453/5831/4139 3457/5836/4143 3400/5837/4086
f 3457/5836/4143 3453/5831/4139 3454/5833/4140
f 3454/5833/4140 3458/5838/4144 3457/5836/4143
f 3458/5838/4144 3454/5833/4140 3455/5834/4141
f 3455/5834/4141 3459/5839/4145 3458/5838/4144
f 3459/5839/4145 3455/5834/4141 3456/5835/4142
f 3456/5835/4142 3460/5840/4146 3459/5839/4145
f 3401/5842/4087 3400/5837/4086 3457/5836/4143
f 3457/5836/4143 3461/5841/4147 3401/5842/4087
f 3461/5841/4147 3457/5836/4143 3458/5838/4144
f 3458/5838/4144 3462/5843/4148 3461/5841/4147
f 3462/5843/4148 3458/5838/4144 3459/5839/4145
f 3459/5839/4145 3463/5844/4149 3462/5843/4148
f 3463/5844/4149 3459/5839/4145 3460/5840/4146
f 3460/5840/4146 3464/5845/4150 3463/5844/4149
f 3402/5847/4088 3401/5842/4087 3461/5841/4147
f 3461/5841/4147 3465/5846/4151 3402/5847/4088
f 3465/5846/4151 3461/5841/4147 3462/5843/4148
f 3462/5843/4148 3466/5848/4152 3465/5846/4151
f 3466/5848/4152 3462/5843/4148 3463/5844/4149
f 3463/5844/4149 3467/5849/4153 3466/5848/4152
f 3467/5849/4153 3463/5844/4149 3464/5845/4150
f 3464/5845/4150 3468/5850/4154 3467/5849/4153
f 3403/5852/4089 3402/5847/4088 3465/5846/4151
f 3465/5846/4151 3469/5851/4155 3403/5852/4089
f 3469/5851/4155 3465/5846/4151 3466/5848/4152
f 3466/5848/4152 3470/5853/4156 3469/5851/4155
f 3470/5853/4156 3466/5848/4152 3467/5849/4153
f 3467/5849/4153 3471/5854/4157 3470/5853/4156
f 3471/5854/4157 3467/5849/4153 3468/5850/4154
f 3468/5850/4154 3472/5855/4158 3471/5854/4157
f 3404/5857/4090 3403/5852/4089 3469/5851/4155
f 3469/5851/4155 3473/5856/4159 3404/5857/4090
f 3473/5856/4159 3469/5851/4155 3470/5853/4156
f 3470/5853/4156 3474/5858/4160 3473/5856/4159
f 3474/5858/4160 3470/5853/4156 3471/5854/4157
f 3471/5854/4157 3475/5859/4161 3474/5858/4160
f 3475/5859/4161 3471/5854/4157 3472/5855/4158
f 3472/5855/4158 3476/5860/4162 3475/5859/4161
f 3405/5862/4091 3404/5857/4090 3473/5856/4159
f 3473/5856/4159 3477/5861/4163 3405/5862/4091
f 3477/5861/4163 3473/5856/4159 3474/5858/4160
f 3474/5858/4160 3478/5863/4164 3477/5861/4163
f 3478/5863/4164 3474/5858/4160 3475/5859/4161
f 3475/5859/4161 3479/5864/4165 3478/5863/4164
f 3479/5864/4165 3475/5859/4161 3476/5860/4162
f 3476/5860/4162 3480/5865/4166 3479/5864/4165
f 3406/5867/4092 3405/5862/4091 3477/5861/4163
f 3477/5861/4163 3481/5866/4167 3406/5867/4092
f 3481/5866/4167 3477/5861/4163 3478/5863/4164
f 3478/5863/4164 3482/5868/4168 3481/5866/4167
f 3482/5868/4168 3478/5863/4164 3479/5864/4165
f 3479/5864/4165 3483/5869/4169 3482/5868/4168
f 3483/5869/4169 3479/5864/4165 3480/5865/4166
f 3480/5865/4166 3484/5870/4170 3483/5869/4169
f 3407/5872/4093 3406/5867/4092 3481/5866/4167
f 3481/5866/4167 3485/5871/4171 3407/5872/4093
f 3485/5871/4171 3481/5866/4167 3482/5868/4168
f 3482/5868/4168 3486/5873/4172 3485/5871/4171
f 3486/5873/4172 3482/5868/4168 3483/5869/4169
f 3483/5869/4169 3487/5874/4173 3486/5873/4172
f 3487/5874/4173 3483/5869/4169 3484/5870/4170
f 3484/5870/4170 3488/5875/4174 3487/5874/4173
f 3408/5773/4094 3407/5872/4093 3485/5871/4171
f 3485/5871/4171 3410/5774/4096 3408/5773/4094
f 3410/5774/4096 3485/5871/4171 3486/5873/4172
f 3486/5873/4172 3412/5776/4098 3410/5774/4096
f 3412/5776/4098 3486/5873/4172 3487/5874/4173
f 3487/5874/4173 3415/5779/4101 3412/5776/4098
f 3415/5779/4101 3487/5874/4173 3488/5875/4174
f 3488/5875/4174 3416/5780/4102 3415/5779/4101
f 3489/5876/4074 3490/5877/4075 3491/5878/4175
f 3490/5877/4075 3492/5879/4077 3491/5878/4175
f 3492/5879/4077 3493/5880/4078 3491/5878/4175
f 3493/5880/4078 3494/5881/4079 3491/5878/4175
f 3494/5881/4079 3495/5882/4080 3491/5878/4175
f 3495/5882/4080 3496/5883/4081 3491/5878/4175
f 3496/5883/4081 3497/5884/4176 3491/5878/4175
f 3497/5884/4176 3498/5885/4177 3491/5878/4175
f 3498/5885/4177 3499/5886/4084 3491/5878/4175
f 3499/5886/4084 3500/5887/4178 3491/5878/4175
f 3500/5887/4178 3501/5888/4179 3491/5878/4175
f 3501/5888/4179 3502/5889/4087 3491/5878/4175
f 3502/5889/4087 3503/5890/4088 3491/5878/4175
f 3503/5890/4088 3504/5891/4089 3491/5878/4175
f 3504/5891/4089 3505/5892/4090 3491/5878/4175
f 3505/5892/4090 3506/5893/4091 3491/5878/4175
f 3506/5893/4091 3507/5894/4092 3491/5878/4175
f 3507/5894/4092 3508/5895/4093 3491/5878/4175
f 3508/5895/4093 3509/5896/4094 3491/5878/4175
f 3509/5896/4094 3489/5876/4074 3491/5878/4175
f 3511/5900/4096 3510/5897/4095 3489/5898/4074
f 3489/5898/4074 3509/5899/4094 3511/5900/4096
f 3513/5902/4098 3512/5901/4097 3510/5897/4095
f 3510/5897/4095 3511/5900/4096 3513/5902/4098
f 3517/5906/4102 3514/5903/4099 3515/5904/4100
f 3515/5904/4100 3516/5905/4101 3517/5906/4102
f 3516/5905/4101 3515/5904/4100 3512/5901/4097
f 3512/5901/4097 3513/5902/4098 3516/5905/4101
f 3490/5908/4075 3489/5898/4074 3510/5897/4095
f 3510/5897/4095 3518/5907/4103 3490/5908/4075
f 3518/5907/4103 3510/5897/4095 3512/5901/4097
f 3512/5901/4097 3519/5909/4104 3518/5907/4103
f 3519/5909/4104 3512/5901/4097 3515/5904/4100
f 3515/5904/4100 3520/5910/4105 3519/5909/4104
f 3520/5910/4105 3515/5904/4100 3514/5903/4099
f 3514/5903/4099 3521/5911/4106 3520/5910/4105
f 3492/5913/4077 3490/5908/4075 3518/5907/4103
f 3518/5907/4103 3522/5912/4107 3492/5913/4077
f 3522/5912/4107 3518/5907/4103 3519/5909/4104
f 3519/5909/4104 3523/5914/4108 3522/5912/4107
f 3523/5914/4108 3519/5909/4104 3520/5910/4105
f 3520/5910/4105 3524/5915/4109 3523/5914/4108
f 3524/5915/4109 3520/5910/4105 3521/5911/4106
f 3521/5911/4106 3525/5916/4110 3524/5915/4109
f 3493/5918/4078 3492/5913/4077 3522/5912/4107
f 3522/5912/4107 3526/5917/4111 3493/5918/4078
f 3526/5917/4111 3522/5912/4107 3523/5914/4108
f 3523/5914/4108 3527/5919/4112 3526/5917/4111
f 3527/5919/4112 3523/5914/4108 3524/5915/4109
f 3524/5915/4109 3528/5920/4113 3527/5919/4112
f 3528/5920/4113 3524/5915/4109 3525/5916/4110
f 3525/5916/4110 3529/5921/4114 3528/5920/4113
f 3494/5923/4079 3493/5918/4078 3526/5917/4111
f 3526/5917/4111 3530/5922/4115 3494/5923/4079
f 3530/5922/4115 3526/5917/4111 3527/5919/4112
f 3527/5919/4112 3531/5924/4116 3530/5922/4115
f 3531/5924/4116 3527/5919/4112 3528/5920/4113
f 3528/5920/4113 3532/5925/4117 3531/5924/4116
f 3532/5925/4117 3528/5920/4113 3529/5921/4114
f 3529/5921/4114 3533/5926/4118 3532/5925/4117
f 3495/5930/4080 3494/5927/4079 3530/5928/4115
f 3530/5928/4115 3534/5929/4119 3495/5930/4080
f 3534/5929/4119 3530/5928/4115 3531/5931/4116
f 3531/5931/4116 3535/5932/4120 3534/5929/4119
f 3535/5932/4120 3531/5931/4116 3532/5933/4117
f 3532/5933/4117 3536/5934/4121 3535/5932/4120
f 3536/5934/4121 3532/5933/4117 3533/5935/4118
f 3533/5935/4118 3537/5936/4122 3536/5934/4121
f 3496/5938/4081 3495/5930/4080 3534/5929/4119
f 3534/5929/4119 3538/5937/4123 3496/5938/4081
f 3538/5937/4123 3534/5929/4119 3535/5932/4120
f 3535/5932/4120 3539/5939/4124 3538/5937/4123
f 3539/5939/4124 3535/5932/4120 3536/5934/4121
f 3536/5934/4121 3540/5940/4125 3539/5939/4124
f 3540/5940/4125 3536/5934/4121 3537/5936/4122
f 3537/5936/4122 3541/5941/4126 3540/5940/4125
f 3497/5943/4176 3496/5938/4081 3538/5937/4123
f 3538/5937/4123 3542/5942/4180 3497/5943/4176
f 3542/5942/4180 3538/5937/4123 3539/5939/4124
f 3539/5939/4124 3543/5944/4128 3542/5942/4180
f 3543/5944/4128 3539/5939/4124 3540/5940/4125
f 3540/5940/4125 3544/5945/4129 3543/5944/4128
f 3544/5945/4129 3540/5940/4125 3541/5941/4126
f 3541/5941/4126 3545/5946/4130 3544/5945/4129
f 3498/5948/4177 3497/5943/4176 3542/5942/4180
f 3542/5942/4180 3546/5947/4181 3498/5948/4177
f 3546/5947/4181 3542/5942/4180 3543/5944/4128
f 3543/5944/4128 3547/5949/4182 3546/5947/4181
f 3547/5949/4182 3543/5944/4128 3544/5945/4129
f 3544/5945/4129 3548/5950/4133 3547/5949/4182
f 3548/5950/4133 3544/5945/4129 3545/5946/4130
f 3545/5946/4130 3549/5951/4134 3548/5950/4133
f 3499/5953/4084 3498/5948/4177 3546/5947/4181
f 3546/5947/4181 3550/5952/4183 3499/5953/4084
f 3550/5952/4183 3546/5947/4181 3547/5949/4182
f 3547/5949/4182 3551/5954/4184 3550/5952/4183
f 3551/5954/4184 3547/5949/4182 3548/5950/4133
f 3548/5950/4133 3552/5955/4137 3551/5954/4184
f 3552/5955/4137 3548/5950/4133 3549/5951/4134
f 3549/5951/4134 3553/5956/4138 3552/5955/4137
f 3500/5958/4178 3499/5953/4084 3550/5952/4183
f 3550/5952/4183 3554/5957/4185 3500/5958/4178
f 3554/5957/4185 3550/5952/4183 3551/5954/4184
f 3551/5954/4184 3555/5959/4186 3554/5957/4185
f 3555/5959/4186 3551/5954/4184 3552/5955/4137
f 3552/5955/4137 3556/5960/4141 3555/5959/4186
f 3556/5960/4141 3552/5955/4137 3553/5956/4138
f 3553/5956/4138 3557/5961/4142 3556/5960/4141
f 3501/5963/4179 3500/5958/4178 3554/5957/4185
f 3554/5957/4185 3558/5962/4187 3501/5963/4179
f 3558/5962/4187 3554/5957/4185 3555/5959/4186
f 3555/5959/4186 3559/5964/4144 3558/5962/4187
f 3559/5964/4144 3555/5959/4186 3556/5960/4141
f 3556/5960/4141 3560/5965/4145 3559/5964/4144
f 3560/5965/4145 3556/5960/4141 3557/5961/4142
f 3557/5961/4142 3561/5966/4146 3560/5965/4145
f 3502/5968/4087 3501/5963/4179 3558/5962/4187
f 3558/5962/4187 3562/5967/4147 3502/5968/4087
f 3562/5967/4147 3558/5962/4187 3559/5964/4144
f 3559/5964/4144 3563/5969/4148 3562/5967/4147
f 3563/5969/4148 3559/5964/4144 3560/5965/4145
f 3560/5965/4145 3564/5970/4149 3563/5969/4148
f 3564/5970/4149 3560/5965/4145 3561/5966/4146
f 3561/5966/4146 3565/5971/4150 3564/5970/4149
f 3503/5973/4088 3502/5968/4087 3562/5967/4147
f 3562/5967/4147 3566/5972/4151 3503/5973/4088
f 3566/5972/4151 3562/5967/4147 3563/5969/4148
f 3563/5969/4148 3567/5974/4152 3566/5972/4151
f 3567/5974/4152 3563/5969/4148 3564/5970/4149
f 3564/5970/4149 3568/5975/4153 3567/5974/4152
f 3568/5975/4153 3564/5970/4149 3565/5971/4150
f 3565/5971/4150 3569/5976/4154 3568/5975/4153
f 3504/5978/4089 3503/5973/4088 3566/5972/4151
f 3566/5972/4151 3570/5977/4155 3504/5978/4089
f 3570/5977/4155 3566/5972/4151 3567/5974/4152
f 3567/5974/4152 3571/5979/4156 3570/5977/4155
f 3571/5979/4156 3567/5974/4152 3568/5975/4153
f 3568/5975/4153 3572/5980/4157 3571/5979/4156
f 3572/5980/4157 3568/5975/4153 3569/5976/4154
f 3569/5976/4154 3573/5981/4158 3572/5980/4157
f 3505/5983/4090 3504/5978/4089 3570/5977/4155
f 3570/5977/4155 3574/5982/4159 3505/5983/4090
f 3574/5982/4159 3570/5977/4155 3571/5979/4156
f 3571/5979/4156 3575/5984/4160 3574/5982/4159
f 3575/5984/4160 3571/5979/4156 3572/5980/4157
f 3572/5980/4157 3576/5985/4161 3575/5984/4160
f 3576/5985/4161 3572/5980/4157 3573/5981/4158
f 3573/5981/4158 3577/5986/4162 3576/5985/4161
f 3506/5988/4091 3505/5983/4090 3574/5982/4159
f 3574/5982/4159 3578/5987/4163 3506/5988/4091
f 3578/5987/4163 3574/5982/4159 3575/5984/4160
f 3575/5984/4160 3579/5989/4164 3578/5987/4163
f 3579/5989/4164 3575/5984/4160 3576/5985/4161
f 3576/5985/4161 3580/5990/4165 3579/5989/4164
f 3580/5990/4165 3576/5985/4161 3577/5986/4162
f 3577/5986/4162 3581/5991/4166 3580/5990/4165
f 3507/5993/4092 3506/5988/4091 3578/5987/4163
f 3578/5987/4163 3582/5992/4167 3507/5993/4092
f 3582/5992/4167 3578/5987/4163 3579/5989/4164
f 3579/5989/4164 3583/5994/4168 3582/5992/4167
f 3583/5994/4168 3579/5989/4164 3580/5990/4165
f 3580/5990/4165 3584/5995/4169 3583/5994/4168
f 3584/5995/4169 3580/5990/4165 3581/5991/4166
f 3581/5991/4166 3585/5996/4170 3584/5995/4169
f 3508/5998/4093 3507/5993/4092 3582/5992/4167
f 3582/5992/4167 3586/5997/4171 3508/5998/4093
f 3586/5997/4171 3582/5992/4167 3583/5994/4168
f 3583/5994/4168 3587/5999/4172 3586/5997/4171
f 3587/5999/4172 3583/5994/4168 3584/5995/4169
f 3584/5995/4169 3588/6000/4173 3587/5999/4172
f 3588/6000/4173 3584/5995/4169 3585/5996/4170
f 3585/5996/4170 3589/6001/4174 3588/6000/4173
f 3509/5899/4094 3508/5998/4093 3586/5997/4171
f 3586/5997/4171 3511/5900/4096 3509/5899/4094
f 3511/5900/4096 3586/5997/4171 3587/5999/4172
f 3587/5999/4172 3513/5902/4098 3511/5900/4096
f 3513/5902/4098 3587/5999/4172 3588/6000/4173
f 3588/6000/4173 3516/5905/4101 3513/5902/4098
f 3516/5905/4101 3588/6000/4173 3589/6001/4174
f 3589/6001/4174 3517/5906/4102 3516/5905/4101
f 3590/6002/4074 3591/6003/4075 3592/6004/4076
f 3591/6003/4075 3593/6005/4077 3592/6004/4076
f 3593/6005/4077 3594/6006/4078 3592/6004/4076
f 3594/6006/4078 3595/6007/4079 3592/6004/4076
f 3595/6007/4079 3596/6008/4080 3592/6004/4076
f 3596/6008/4080 3597/6009/4081 3592/6004/4076
f 3597/6009/4081 3598/6010/4082 3592/6004/4076
f 3598/6010/4082 3599/6011/4083 3592/6004/4076
f 3599/6011/4083 3600/6012/4084 3592/6004/4076
f 3600/6012/4084 3601/6013/4085 3592/6004/4076
f 3601/6013/4085 3602/6014/4086 3592/6004/4076
f 3602/6014/4086 3603/6015/4087 3592/6004/4076
f 3603/6015/4087 3604/6016/4088 3592/6004/4076
f 3604/6016/4088 3605/6017/4089 3592/6004/4076
f 3605/6017/4089 3606/6018/4090 3592/6004/4076
f 3606/6018/4090 3607/6019/4091 3592/6004/4076
f 3607/6019/4091 3608/6020/4092 3592/6004/4076
f 3608/6020/4092 3609/6021/4093 3592/6004/4076
f 3609/6021/4093 3610/6022/4094 3592/6004/4076
f 3610/6022/4094 3590/6002/4074 3592/6004/4076
f 3612/6026/4096 3611/6023/4095 3590/6024/4074
f 3590/6024/4074 3610/6025/4094 3612/6026/4096
f 3614/6028/4098 3613/6027/4097 3611/6023/4095
f 3611/6023/4095 3612/6026/4096 3614/6028/4098
f 3618/6032/4102 3615/6029/4099 3616/6030/4100
f 3616/6030/4100 3617/6031/4101 3618/6032/4102
f 3617/6031/4101 3616/6030/4100 3613/6027/4097
f 3613/6027/4097 3614/6028/4098 3617/6031/4101
f 3591/6034/4075 3590/6024/4074 3611/6023/4095
f 3611/6023/4095 3619/6033/4103 3591/6034/4075
f 3619/6033/4103 3611/6023/4095 3613/6027/4097
f 3613/6027/4097 3620/6035/4104 3619/6033/4103
f 3620/6035/4104 3613/6027/4097 3616/6030/4100
f 3616/6030/4100 3621/6036/4105 3620/6035/4104
f 3621/6036/4105 3616/6030/4100 3615/6029/4099
f 3615/6029/4099 3622/6037/4106 3621/6036/4105
f 3593/6039/4077 3591/6034/4075 3619/6033/4103
f 3619/6033/4103 3623/6038/4107 3593/6039/4077
f 3623/6038/4107 3619/6033/4103 3620/6035/4104
f 3620/6035/4104 3624/6040/4108 3623/6038/4107
f 3624/6040/4108 3620/6035/4104 3621/6036/4105
f 3621/6036/4105 3625/6041/4109 3624/6040/4108
f 3625/6041/4109 3621/6036/4105 3622/6037/4106
f 3622/6037/4106 3626/6042/4110 3625/6041/4109
f 3594/6044/4078 3593/6039/4077 3623/6038/4107
f 3623/6038/4107 3627/6043/4111 3594/6044/4078
f 3627/6043/4111 3623/6038/4107 3624/6040/4108
f 3624/6040/4108 3628/6045/4112 3627/6043/4111
f 3628/6045/4112 3624/6040/4108 3625/6041/4109
f 3625/6041/4109 3629/6046/4113 3628/6045/4112
f 3629/6046/4113 3625/6041/4109 3626/6042/4110
f 3626/6042/4110 3630/6047/4114 3629/6046/4113
f 3595/6049/4079 3594/6044/4078 3627/6043/4111
f 3627/6043/4111 3631/6048/4115 3595/6049/4079
f 3631/6048/4115 3627/6043/4111 3628/6045/4112
f 3628/6045/4112 3632/6050/4116 3631/6048/4115
f 3632/6050/4116 3628/6045/4112 3629/6046/4113
f 3629/6046/4113 3633/6051/4117 3632/6050/4116
f 3633/6051/4117 3629/6046/4113 3630/6047/4114
f 3630/6047/4114 3634/6052/4118 3633/6051/4117
f 3596/6056/4080 3595/6053/4079 3631/6054/4115
f 3631/6054/4115 3635/6055/4119 3596/6056/4080
f 3635/6055/4119 3631/6054/4115 3632/6057/4116
f 3632/6057/4116 3636/6058/4120 3635/6055/4119
f 3636/6058/4120 3632/6057/4116 3633/6059/4117
f 3633/6059/4117 3637/6060/4121 3636/6058/4120
f 3637/6060/4121 3633/6059/4117 3634/6061/4118
f 3634/6061/4118 3638/6062/4122 3637/6060/4121
f 3597/6064/4081 3596/6056/4080 3635/6055/4119
f 3635/6055/4119 3639/6063/4123 3597/6064/4081
f 3639/6063/4123 3635/6055/4119 3636/6058/4120
f 3636/6058/4120 3640/6065/4124 3639/6063/4123
f 3640/6065/4124 3636/6058/4120 3637/6060/4121
f 3637/6060/4121 3641/6066/4125 3640/6065/4124
f 3641/6066/4125 3637/6060/4121 3638/6062/4122
f 3638/6062/4122 3642/6067/4126 3641/6066/4125
f 3598/6069/4082 3597/6064/4081 3639/6063/4123
f 3639/6063/4123 3643/6068/4127 3598/6069/4082
f 3643/6068/4127 3639/6063/4123 3640/6065/4124
f 3640/6065/4124 3644/6070/4128 3643/6068/4127
f 3644/6070/4128 3640/6065/4124 3641/6066/4125
f 3641/6066/4125 3645/6071/4129 3644/6070/4128
f 3645/6071/4129 3641/6066/4125 3642/6067/4126
f 3642/6067/4126 3646/6072/4130 3645/6071/4129
f 3599/6074/4083 3598/6069/4082 3643/6068/4127
f 3643/6068/4127 3647/6073/4131 3599/6074/4083
f 3647/6073/4131 3643/6068/4127 3644/6070/4128
f 3644/6070/4128 3648/6075/4132 3647/6073/4131
f 3648/6075/4132 3644/6070/4128 3645/6071/4129
f 3645/6071/4129 3649/6076/4133 3648/6075/4132
f 3649/6076/4133 3645/6071/4129 3646/6072/4130
f 3646/6072/4130 3650/6077/4134 3649/6076/4133
f 3600/6079/4084 3599/6074/4083 3647/6073/4131
f 3647/6073/4131 3651/6078/4135 3600/6079/4084
f 3651/6078/4135 3647/6073/4131 3648/6075/4132
f 3648/6075/4132 3652/6080/4136 3651/6078/4135
f 3652/6080/4136 3648/6075/4132 3649/6076/4133
f 3649/6076/4133 3653/6081/4137 3652/6080/4136
f 3653/6081/4137 3649/6076/4133 3650/6077/4134
f 3650/6077/4134 3654/6082/4138 3653/6081/4137
f 3601/6084/4085 3600/6079/4084 3651/6078/4135
f 3651/6078/4135 3655/6083/4139 3601/6084/4085
f 3655/6083/4139 3651/6078/4135 3652/6080/4136
f 3652/6080/4136 3656/6085/4140 3655/6083/4139
f 3656/6085/4140 3652/6080/4136 3653/6081/4137
f 3653/6081/4137 3657/6086/4141 3656/6085/4140
f 3657/6086/4141 3653/6081/4137 3654/6082/4138
f 3654/6082/4138 3658/6087/4142 3657/6086/4141
f 3602/6089/4086 3601/6084/4085 3655/6083/4139
f 3655/6083/4139 3659/6088/4143 3602/6089/4086
f 3659/6088/4143 3655/6083/4139 3656/6085/4140
f 3656/6085/4140 3660/6090/4144 3659/6088/4143
f 3660/6090/4144 3656/6085/4140 3657/6086/4141
f 3657/6086/4141 3661/6091/4145 3660/6090/4144
f 3661/6091/4145 3657/6086/4141 3658/6087/4142
f 3658/6087/4142 3662/6092/4146 3661/6091/4145
f 3603/6094/4087 3602/6089/4086 3659/6088/4143
f 3659/6088/4143 3663/6093/4147 3603/6094/4087
f 3663/6093/4147 3659/6088/4143 3660/6090/4144
f 3660/6090/4144 3664/6095/4148 3663/6093/4147
f 3664/6095/4148 3660/6090/4144 3661/6091/4145
f 3661/6091/4145 3665/6096/4149 3664/6095/4148
f 3665/6096/4149 3661/6091/4145 3662/6092/4146
f 3662/6092/4146 3666/6097/4150 3665/6096/4149
f 3604/6099/4088 3603/6094/4087 3663/6093/4147
f 3663/6093/4147 3667/6098/4151 3604/6099/4088
f 3667/6098/4151 3663/6093/4147 3664/6095/4148
f 3664/6095/4148 3668/6100/4152 3667/6098/4151
f 3668/6100/4152 3664/6095/4148 3665/6096/4149
f 3665/6096/4149 3669/6101/4153 3668/6100/4152
f 3669/6101/4153 3665/6096/4149 3666/6097/4150
f 3666/6097/4150 3670/6102/4154 3669/6101/4153
f 3605/6104/4089 3604/6099/4088 3667/6098/4151
f 3667/6098/4151 3671/6103/4155 3605/6104/4089
f 3671/6103/4155 3667/6098/4151 3668/6100/4152
f 3668/6100/4152 3672/6105/4156 3671/6103/4155
f 3672/6105/4156 3668/6100/4152 3669/6101/4153
f 3669/6101/4153 3673/6106/4157 3672/6105/4156
f 3673/6106/4157 3669/6101/4153 3670/6102/4154
f 3670/6102/4154 3674/6107/4158 3673/6106/4157
f 3606/6109/4090 3605/6104/4089 3671/6103/4155
f 3671/6103/4155 3675/6108/4159 3606/6109/4090
f 3675/6108/4159 3671/6103/4155 3672/6105/4156
f 3672/6105/4156 3676/6110/4160 3675/6108/4159
f 3676/6110/4160 3672/6105/4156 3673/6106/4157
f 3673/6106/4157 3677/6111/4161 3676/6110/4160
f 3677/6111/4161 3673/6106/4157 3674/6107/4158
f 3674/6107/4158 3678/6112/4162 3677/6111/4161
f 3607/6114/4091 3606/6109/4090 3675/6108/4159
f 3675/6108/4159 3679/6113/4163 3607/6114/4091
f 3679/6113/4163 3675/6108/4159 3676/6110/4160
f 3676/6110/4160 3680/6115/4164 3679/6113/4163
f 3680/6115/4164 3676/6110/4160 3677/6111/4161
f 3677/6111/4161 3681/6116/4165 3680/6115/4164
f 3681/6116/4165 3677/6111/4161 3678/6112/4162
f 3678/6112/4162 3682/6117/4166 3681/6116/4165
f 3608/6119/4092 3607/6114/4091 3679/6113/4163
f 3679/6113/4163 3683/6118/4167 3608/6119/4092
f 3683/6118/4167 3679/6113/4163 3680/6115/4164
f 3680/6115/4164 3684/6120/4168 3683/6118/4167
f 3684/6120/4168 3680/6115/4164 3681/6116/4165
f 3681/6116/4165 3685/6121/4169 3684/6120/4168
f 3685/6121/4169 3681/6116/4165 3682/6117/4166
f 3682/6117/4166 3686/6122/4170 3685/6121/4169
f 3609/6124/4093 3608/6119/4092 3683/6118/4167
f 3683/6118/4167 3687/6123/4171 3609/6124/4093
f 3687/6123/4171 3683/6118/4167 3684/6120/4168
f 3684/6120/4168 3688/6125/4172 3687/6123/4171
f 3688/6125/4172 3684/6120/4168 3685/6121/4169
f 3685/6121/4169 3689/6126/4173 3688/6125/4172
f 3689/6126/4173 3685/6121/4169 3686/6122/4170
f 3686/6122/4170 3690/6127/4174 3689/6126/4173
f 3610/6025/4094 3609/6124/4093 3687/6123/4171
f 3687/6123/4171 3612/6026/4096 3610/6025/4094
f 3612/6026/4096 3687/6123/4171 3688/6125/4172
f 3688/6125/4172 3614/6028/4098 3612/6026/4096
f 3614/6028/4098 3688/6125/4172 3689/6126/4173
f 3689/6126/4173 3617/6031/4101 3614/6028/4098
f 3617/6031/4101 3689/6126/4173 3690/6127/4174
f 3690/6127/4174 3618/6032/4102 3617/6031/4101
